DIST-00001 | 6.754 | 5.449 | 0.9392 | COMPRESSION_STABLE_ALIGNED | COMMIT_STUDENT_WEIGHT_ADJUSTMENT | 200
DIST-00002 | 5.512 | 5.881 | 0.0 | COMPRESSION_STABLE_ALIGNED | COMMIT_STUDENT_WEIGHT_ADJUSTMENT | 200
DIST-00003 | 3.250 | 1.621 | 1.3549 | ENTROPY_DRIFT_DIVERGENCE_HAZARD | TRIGGER_DYNAMIC_LOSS_WEIGHT_RESCALE | 422
DIST-00004 | 3.281 | 3.480 | 0.0 | COMPRESSION_STABLE_ALIGNED | COMMIT_STUDENT_WEIGHT_ADJUSTMENT | 200
DIST-00005 | 7.831 | 7.288 | 0.2931 | COMPRESSION_STABLE_ALIGNED | COMMIT_STUDENT_WEIGHT_ADJUSTMENT | 200
DIST-00006 | 6.114 | 2.929 | 2.9224 | ENTROPY_DRIFT_DIVERGENCE_HAZARD | TRIGGER_DYNAMIC_LOSS_WEIGHT_RESCALE | 422
DIST-00007 | 4.796 | 3.106 | 1.4774 | ENTROPY_DRIFT_DIVERGENCE_HAZARD | TRIGGER_DYNAMIC_LOSS_WEIGHT_RESCALE | 422
DIST-00008 | 7.403 | 6.452 | 0.6068 | COMPRESSION_STABLE_ALIGNED | COMMIT_STUDENT_WEIGHT_ADJUSTMENT | 200
DIST-00009 | 5.541 | 3.213 | 2.0398 | ENTROPY_DRIFT_DIVERGENCE_HAZARD | TRIGGER_DYNAMIC_LOSS_WEIGHT_RESCALE | 422
DIST-00010 | 5.950 | 4.277 | 1.3595 | ENTROPY_DRIFT_DIVERGENCE_HAZARD | TRIGGER_DYNAMIC_LOSS_WEIGHT_RESCALE | 422
DIST-00011 | 2.626 | -0.289 | 2.418 | ENTROPY_DRIFT_DIVERGENCE_HAZARD | TRIGGER_DYNAMIC_LOSS_WEIGHT_RESCALE | 422
DIST-00012 | 8.425 | 7.337 | 0.564 | COMPRESSION_STABLE_ALIGNED | COMMIT_STUDENT_WEIGHT_ADJUSTMENT | 200
DIST-00013 | 5.881 | 4.858 | 0.7811 | COMPRESSION_STABLE_ALIGNED | COMMIT_STUDENT_WEIGHT_ADJUSTMENT | 200
DIST-00014 | 5.396 | 5.803 | 0.0 | COMPRESSION_STABLE_ALIGNED | COMMIT_STUDENT_WEIGHT_ADJUSTMENT | 200
DIST-00015 | 1.973 | 0.869 | 0.7498 | COMPRESSION_STABLE_ALIGNED | COMMIT_STUDENT_WEIGHT_ADJUSTMENT | 200
DIST-00016 | 3.627 | 1.178 | 2.1532 | ENTROPY_DRIFT_DIVERGENCE_HAZARD | TRIGGER_DYNAMIC_LOSS_WEIGHT_RESCALE | 422
DIST-00017 | 2.686 | 1.472 | 0.915 | COMPRESSION_STABLE_ALIGNED | COMMIT_STUDENT_WEIGHT_ADJUSTMENT | 200
DIST-00018 | 5.619 | 4.818 | 0.6136 | COMPRESSION_STABLE_ALIGNED | COMMIT_STUDENT_WEIGHT_ADJUSTMENT | 200
DIST-00019 | 7.999 | 6.057 | 1.2201 | COMPRESSION_STABLE_ALIGNED | COMMIT_STUDENT_WEIGHT_ADJUSTMENT | 200
DIST-00020 | 4.791 | 3.237 | 1.2867 | ENTROPY_DRIFT_DIVERGENCE_HAZARD | TRIGGER_DYNAMIC_LOSS_WEIGHT_RESCALE | 422
DIST-00021 | 2.566 | -0.046 | 2.1622 | ENTROPY_DRIFT_DIVERGENCE_HAZARD | TRIGGER_DYNAMIC_LOSS_WEIGHT_RESCALE | 422
DIST-00022 | 5.864 | 5.090 | 0.5691 | COMPRESSION_STABLE_ALIGNED | COMMIT_STUDENT_WEIGHT_ADJUSTMENT | 200
DIST-00023 | 3.871 | 1.792 | 1.8179 | ENTROPY_DRIFT_DIVERGENCE_HAZARD | TRIGGER_DYNAMIC_LOSS_WEIGHT_RESCALE | 422
DIST-00024 | 1.645 | 1.723 | 0.0 | COMPRESSION_STABLE_ALIGNED | COMMIT_STUDENT_WEIGHT_ADJUSTMENT | 200
DIST-00025 | 8.380 | 8.821 | 0.0 | COMPRESSION_STABLE_ALIGNED | COMMIT_STUDENT_WEIGHT_ADJUSTMENT | 200
DIST-00026 | 2.487 | 1.315 | 0.8863 | COMPRESSION_STABLE_ALIGNED | COMMIT_STUDENT_WEIGHT_ADJUSTMENT | 200
DIST-00027 | 8.219 | 5.070 | 2.2285 | ENTROPY_DRIFT_DIVERGENCE_HAZARD | TRIGGER_DYNAMIC_LOSS_WEIGHT_RESCALE | 422
DIST-00028 | 3.028 | 3.075 | 0.0 | COMPRESSION_STABLE_ALIGNED | COMMIT_STUDENT_WEIGHT_ADJUSTMENT | 200
DIST-00029 | 7.304 | 5.382 | 1.3532 | ENTROPY_DRIFT_DIVERGENCE_HAZARD | TRIGGER_DYNAMIC_LOSS_WEIGHT_RESCALE | 422
DIST-00030 | 6.219 | 4.763 | 1.1147 | COMPRESSION_STABLE_ALIGNED | COMMIT_STUDENT_WEIGHT_ADJUSTMENT | 200
DIST-00031 | 4.156 | 3.845 | 0.2267 | COMPRESSION_STABLE_ALIGNED | COMMIT_STUDENT_WEIGHT_ADJUSTMENT | 200
DIST-00032 | 6.055 | 5.017 | 0.8132 | COMPRESSION_STABLE_ALIGNED | COMMIT_STUDENT_WEIGHT_ADJUSTMENT | 200
DIST-00033 | 3.727 | 3.407 | 0.2452 | COMPRESSION_STABLE_ALIGNED | COMMIT_STUDENT_WEIGHT_ADJUSTMENT | 200
DIST-00034 | 1.848 | -1.533 | 2.5657 | ENTROPY_DRIFT_DIVERGENCE_HAZARD | TRIGGER_DYNAMIC_LOSS_WEIGHT_RESCALE | 422
DIST-00035 | 5.184 | 2.310 | 2.6986 | ENTROPY_DRIFT_DIVERGENCE_HAZARD | TRIGGER_DYNAMIC_LOSS_WEIGHT_RESCALE | 422
DIST-00036 | 8.060 | 8.518 | 0.0 | COMPRESSION_STABLE_ALIGNED | COMMIT_STUDENT_WEIGHT_ADJUSTMENT | 200
DIST-00037 | 7.158 | 7.613 | 0.0 | COMPRESSION_STABLE_ALIGNED | COMMIT_STUDENT_WEIGHT_ADJUSTMENT | 200
DIST-00038 | 5.608 | 5.287 | 0.193 | COMPRESSION_STABLE_ALIGNED | COMMIT_STUDENT_WEIGHT_ADJUSTMENT | 200
DIST-00039 | 5.077 | 5.386 | 0.0 | COMPRESSION_STABLE_ALIGNED | COMMIT_STUDENT_WEIGHT_ADJUSTMENT | 200
DIST-00040 | 4.973 | 3.012 | 1.7134 | ENTROPY_DRIFT_DIVERGENCE_HAZARD | TRIGGER_DYNAMIC_LOSS_WEIGHT_RESCALE | 422
DIST-00041 | 4.836 | 3.089 | 1.5156 | ENTROPY_DRIFT_DIVERGENCE_HAZARD | TRIGGER_DYNAMIC_LOSS_WEIGHT_RESCALE | 422
DIST-00042 | 7.785 | 6.010 | 1.1523 | COMPRESSION_STABLE_ALIGNED | COMMIT_STUDENT_WEIGHT_ADJUSTMENT | 200
DIST-00043 | 6.974 | 3.715 | 2.7954 | ENTROPY_DRIFT_DIVERGENCE_HAZARD | TRIGGER_DYNAMIC_LOSS_WEIGHT_RESCALE | 422
DIST-00044 | 6.646 | 7.121 | 0.0 | COMPRESSION_STABLE_ALIGNED | COMMIT_STUDENT_WEIGHT_ADJUSTMENT | 200
DIST-00045 | 1.668 | -1.658 | 2.4412 | ENTROPY_DRIFT_DIVERGENCE_HAZARD | TRIGGER_DYNAMIC_LOSS_WEIGHT_RESCALE | 422
DIST-00046 | 2.921 | 2.333 | 0.4294 | COMPRESSION_STABLE_ALIGNED | COMMIT_STUDENT_WEIGHT_ADJUSTMENT | 200
DIST-00047 | 8.157 | 4.720 | 2.5615 | ENTROPY_DRIFT_DIVERGENCE_HAZARD | TRIGGER_DYNAMIC_LOSS_WEIGHT_RESCALE | 422
DIST-00048 | 3.146 | 0.687 | 2.1277 | ENTROPY_DRIFT_DIVERGENCE_HAZARD | TRIGGER_DYNAMIC_LOSS_WEIGHT_RESCALE | 422
DIST-00049 | 7.753 | 6.408 | 0.8368 | COMPRESSION_STABLE_ALIGNED | COMMIT_STUDENT_WEIGHT_ADJUSTMENT | 200
DIST-00050 | 7.068 | 5.722 | 0.8881 | COMPRESSION_STABLE_ALIGNED | COMMIT_STUDENT_WEIGHT_ADJUSTMENT | 200
DIST-00051 | 3.059 | 1.500 | 1.2676 | ENTROPY_DRIFT_DIVERGENCE_HAZARD | TRIGGER_DYNAMIC_LOSS_WEIGHT_RESCALE | 422
DIST-00052 | 4.832 | 1.520 | 3.1948 | ENTROPY_DRIFT_DIVERGENCE_HAZARD | TRIGGER_DYNAMIC_LOSS_WEIGHT_RESCALE | 422
DIST-00053 | 3.008 | -0.420 | 3.0252 | ENTROPY_DRIFT_DIVERGENCE_HAZARD | TRIGGER_DYNAMIC_LOSS_WEIGHT_RESCALE | 422
DIST-00054 | 2.489 | 2.549 | 0.0 | COMPRESSION_STABLE_ALIGNED | COMMIT_STUDENT_WEIGHT_ADJUSTMENT | 200
DIST-00055 | 7.464 | 4.345 | 2.5071 | ENTROPY_DRIFT_DIVERGENCE_HAZARD | TRIGGER_DYNAMIC_LOSS_WEIGHT_RESCALE | 422
DIST-00056 | 2.005 | 0.346 | 1.2329 | COMPRESSION_STABLE_ALIGNED | COMMIT_STUDENT_WEIGHT_ADJUSTMENT | 200
DIST-00057 | 7.340 | 6.424 | 0.5563 | COMPRESSION_STABLE_ALIGNED | COMMIT_STUDENT_WEIGHT_ADJUSTMENT | 200
DIST-00058 | 5.912 | 6.403 | 0.0 | COMPRESSION_STABLE_ALIGNED | COMMIT_STUDENT_WEIGHT_ADJUSTMENT | 200
DIST-00059 | 3.088 | 0.346 | 2.3779 | ENTROPY_DRIFT_DIVERGENCE_HAZARD | TRIGGER_DYNAMIC_LOSS_WEIGHT_RESCALE | 422
DIST-00060 | 5.535 | 5.578 | 0.0 | COMPRESSION_STABLE_ALIGNED | COMMIT_STUDENT_WEIGHT_ADJUSTMENT | 200
DIST-00061 | 2.580 | 2.856 | 0.0 | COMPRESSION_STABLE_ALIGNED | COMMIT_STUDENT_WEIGHT_ADJUSTMENT | 200
DIST-00062 | 2.834 | 2.147 | 0.5147 | COMPRESSION_STABLE_ALIGNED | COMMIT_STUDENT_WEIGHT_ADJUSTMENT | 200
DIST-00063 | 8.202 | 5.721 | 1.6141 | ENTROPY_DRIFT_DIVERGENCE_HAZARD | TRIGGER_DYNAMIC_LOSS_WEIGHT_RESCALE | 422
DIST-00064 | 7.567 | 5.968 | 1.0257 | COMPRESSION_STABLE_ALIGNED | COMMIT_STUDENT_WEIGHT_ADJUSTMENT | 200
DIST-00065 | 2.650 | 2.651 | 0.0156 | COMPRESSION_STABLE_ALIGNED | COMMIT_STUDENT_WEIGHT_ADJUSTMENT | 200
DIST-00066 | 4.708 | 2.915 | 1.5768 | ENTROPY_DRIFT_DIVERGENCE_HAZARD | TRIGGER_DYNAMIC_LOSS_WEIGHT_RESCALE | 422
DIST-00067 | 7.352 | 7.791 | 0.0 | COMPRESSION_STABLE_ALIGNED | COMMIT_STUDENT_WEIGHT_ADJUSTMENT | 200
DIST-00068 | 2.451 | 1.863 | 0.4482 | COMPRESSION_STABLE_ALIGNED | COMMIT_STUDENT_WEIGHT_ADJUSTMENT | 200
DIST-00069 | 5.707 | 3.906 | 1.5031 | ENTROPY_DRIFT_DIVERGENCE_HAZARD | TRIGGER_DYNAMIC_LOSS_WEIGHT_RESCALE | 422
DIST-00070 | 6.151 | 3.537 | 2.2594 | ENTROPY_DRIFT_DIVERGENCE_HAZARD | TRIGGER_DYNAMIC_LOSS_WEIGHT_RESCALE | 422
DIST-00071 | 6.186 | 3.859 | 1.9695 | ENTROPY_DRIFT_DIVERGENCE_HAZARD | TRIGGER_DYNAMIC_LOSS_WEIGHT_RESCALE | 422
DIST-00072 | 2.140 | -1.321 | 2.8013 | ENTROPY_DRIFT_DIVERGENCE_HAZARD | TRIGGER_DYNAMIC_LOSS_WEIGHT_RESCALE | 422
DIST-00073 | 5.156 | 3.447 | 1.4481 | ENTROPY_DRIFT_DIVERGENCE_HAZARD | TRIGGER_DYNAMIC_LOSS_WEIGHT_RESCALE | 422
DIST-00074 | 6.441 | 6.390 | 0.0643 | COMPRESSION_STABLE_ALIGNED | COMMIT_STUDENT_WEIGHT_ADJUSTMENT | 200
DIST-00075 | 5.680 | 2.535 | 2.8976 | ENTROPY_DRIFT_DIVERGENCE_HAZARD | TRIGGER_DYNAMIC_LOSS_WEIGHT_RESCALE | 422
DIST-00076 | 8.250 | 6.050 | 1.4042 | ENTROPY_DRIFT_DIVERGENCE_HAZARD | TRIGGER_DYNAMIC_LOSS_WEIGHT_RESCALE | 422
DIST-00077 | 5.069 | 3.672 | 1.1587 | COMPRESSION_STABLE_ALIGNED | COMMIT_STUDENT_WEIGHT_ADJUSTMENT | 200
DIST-00078 | 4.954 | 3.527 | 1.1839 | COMPRESSION_STABLE_ALIGNED | COMMIT_STUDENT_WEIGHT_ADJUSTMENT | 200
DIST-00079 | 7.216 | 6.108 | 0.7248 | COMPRESSION_STABLE_ALIGNED | COMMIT_STUDENT_WEIGHT_ADJUSTMENT | 200
DIST-00080 | 3.733 | 1.340 | 2.0806 | ENTROPY_DRIFT_DIVERGENCE_HAZARD | TRIGGER_DYNAMIC_LOSS_WEIGHT_RESCALE | 422
DIST-00081 | 5.276 | 5.614 | 0.0 | COMPRESSION_STABLE_ALIGNED | COMMIT_STUDENT_WEIGHT_ADJUSTMENT | 200
DIST-00082 | 6.167 | 5.440 | 0.5273 | COMPRESSION_STABLE_ALIGNED | COMMIT_STUDENT_WEIGHT_ADJUSTMENT | 200
DIST-00083 | 6.622 | 3.410 | 2.8713 | ENTROPY_DRIFT_DIVERGENCE_HAZARD | TRIGGER_DYNAMIC_LOSS_WEIGHT_RESCALE | 422
DIST-00084 | 5.467 | 3.792 | 1.3851 | ENTROPY_DRIFT_DIVERGENCE_HAZARD | TRIGGER_DYNAMIC_LOSS_WEIGHT_RESCALE | 422
DIST-00085 | 6.967 | 4.816 | 1.6245 | ENTROPY_DRIFT_DIVERGENCE_HAZARD | TRIGGER_DYNAMIC_LOSS_WEIGHT_RESCALE | 422
DIST-00086 | 3.207 | 2.474 | 0.5583 | COMPRESSION_STABLE_ALIGNED | COMMIT_STUDENT_WEIGHT_ADJUSTMENT | 200
DIST-00087 | 6.690 | 3.441 | 2.8847 | ENTROPY_DRIFT_DIVERGENCE_HAZARD | TRIGGER_DYNAMIC_LOSS_WEIGHT_RESCALE | 422
DIST-00088 | 5.247 | 4.746 | 0.3844 | COMPRESSION_STABLE_ALIGNED | COMMIT_STUDENT_WEIGHT_ADJUSTMENT | 200
DIST-00089 | 5.615 | 3.103 | 2.2285 | ENTROPY_DRIFT_DIVERGENCE_HAZARD | TRIGGER_DYNAMIC_LOSS_WEIGHT_RESCALE | 422
DIST-00090 | 3.830 | 0.416 | 3.2345 | ENTROPY_DRIFT_DIVERGENCE_HAZARD | TRIGGER_DYNAMIC_LOSS_WEIGHT_RESCALE | 422
DIST-00091 | 5.719 | 4.885 | 0.6308 | COMPRESSION_STABLE_ALIGNED | COMMIT_STUDENT_WEIGHT_ADJUSTMENT | 200
DIST-00092 | 1.949 | 0.994 | 0.6908 | COMPRESSION_STABLE_ALIGNED | COMMIT_STUDENT_WEIGHT_ADJUSTMENT | 200
DIST-00093 | 2.895 | 2.552 | 0.2401 | COMPRESSION_STABLE_ALIGNED | COMMIT_STUDENT_WEIGHT_ADJUSTMENT | 200
DIST-00094 | 5.575 | 2.238 | 3.1858 | ENTROPY_DRIFT_DIVERGENCE_HAZARD | TRIGGER_DYNAMIC_LOSS_WEIGHT_RESCALE | 422
DIST-00095 | 8.369 | 7.462 | 0.4636 | COMPRESSION_STABLE_ALIGNED | COMMIT_STUDENT_WEIGHT_ADJUSTMENT | 200
DIST-00096 | 7.509 | 7.363 | 0.0515 | COMPRESSION_STABLE_ALIGNED | COMMIT_STUDENT_WEIGHT_ADJUSTMENT | 200
DIST-00097 | 2.861 | 1.803 | 0.8246 | COMPRESSION_STABLE_ALIGNED | COMMIT_STUDENT_WEIGHT_ADJUSTMENT | 200
DIST-00098 | 6.723 | 4.025 | 2.2496 | ENTROPY_DRIFT_DIVERGENCE_HAZARD | TRIGGER_DYNAMIC_LOSS_WEIGHT_RESCALE | 422
DIST-00099 | 4.679 | 5.053 | 0.0 | COMPRESSION_STABLE_ALIGNED | COMMIT_STUDENT_WEIGHT_ADJUSTMENT | 200
DIST-00100 | 5.012 | 2.664 | 2.1054 | ENTROPY_DRIFT_DIVERGENCE_HAZARD | TRIGGER_DYNAMIC_LOSS_WEIGHT_RESCALE | 422
DIST-00101 | 1.621 | -1.104 | 1.9416 | ENTROPY_DRIFT_DIVERGENCE_HAZARD | TRIGGER_DYNAMIC_LOSS_WEIGHT_RESCALE | 422
DIST-00102 | 7.632 | 4.581 | 2.35 | ENTROPY_DRIFT_DIVERGENCE_HAZARD | TRIGGER_DYNAMIC_LOSS_WEIGHT_RESCALE | 422
DIST-00103 | 5.780 | 5.515 | 0.1809 | COMPRESSION_STABLE_ALIGNED | COMMIT_STUDENT_WEIGHT_ADJUSTMENT | 200
DIST-00104 | 4.470 | 4.411 | 0.0282 | COMPRESSION_STABLE_ALIGNED | COMMIT_STUDENT_WEIGHT_ADJUSTMENT | 200
DIST-00105 | 5.894 | 4.882 | 0.7628 | COMPRESSION_STABLE_ALIGNED | COMMIT_STUDENT_WEIGHT_ADJUSTMENT | 200
DIST-00106 | 2.454 | -1.013 | 2.901 | ENTROPY_DRIFT_DIVERGENCE_HAZARD | TRIGGER_DYNAMIC_LOSS_WEIGHT_RESCALE | 422
DIST-00107 | 4.689 | 3.123 | 1.3663 | ENTROPY_DRIFT_DIVERGENCE_HAZARD | TRIGGER_DYNAMIC_LOSS_WEIGHT_RESCALE | 422
DIST-00108 | 6.285 | 5.134 | 0.8552 | COMPRESSION_STABLE_ALIGNED | COMMIT_STUDENT_WEIGHT_ADJUSTMENT | 200
DIST-00109 | 2.792 | 2.605 | 0.1417 | COMPRESSION_STABLE_ALIGNED | COMMIT_STUDENT_WEIGHT_ADJUSTMENT | 200
DIST-00110 | 5.503 | 2.910 | 2.338 | ENTROPY_DRIFT_DIVERGENCE_HAZARD | TRIGGER_DYNAMIC_LOSS_WEIGHT_RESCALE | 422
DIST-00111 | 4.677 | 3.635 | 0.8077 | COMPRESSION_STABLE_ALIGNED | COMMIT_STUDENT_WEIGHT_ADJUSTMENT | 200
DIST-00112 | 3.957 | 1.074 | 2.6575 | ENTROPY_DRIFT_DIVERGENCE_HAZARD | TRIGGER_DYNAMIC_LOSS_WEIGHT_RESCALE | 422
DIST-00113 | 4.752 | 4.483 | 0.2047 | COMPRESSION_STABLE_ALIGNED | COMMIT_STUDENT_WEIGHT_ADJUSTMENT | 200
DIST-00114 | 2.367 | 0.358 | 1.6094 | ENTROPY_DRIFT_DIVERGENCE_HAZARD | TRIGGER_DYNAMIC_LOSS_WEIGHT_RESCALE | 422
DIST-00115 | 7.150 | 5.756 | 0.9472 | COMPRESSION_STABLE_ALIGNED | COMMIT_STUDENT_WEIGHT_ADJUSTMENT | 200
DIST-00116 | 7.497 | 4.954 | 1.8959 | ENTROPY_DRIFT_DIVERGENCE_HAZARD | TRIGGER_DYNAMIC_LOSS_WEIGHT_RESCALE | 422
DIST-00117 | 4.429 | 1.290 | 2.9844 | ENTROPY_DRIFT_DIVERGENCE_HAZARD | TRIGGER_DYNAMIC_LOSS_WEIGHT_RESCALE | 422
DIST-00118 | 4.545 | 2.524 | 1.7564 | ENTROPY_DRIFT_DIVERGENCE_HAZARD | TRIGGER_DYNAMIC_LOSS_WEIGHT_RESCALE | 422
DIST-00119 | 7.428 | 7.914 | 0.0 | COMPRESSION_STABLE_ALIGNED | COMMIT_STUDENT_WEIGHT_ADJUSTMENT | 200
DIST-00120 | 2.960 | 0.323 | 2.2577 | ENTROPY_DRIFT_DIVERGENCE_HAZARD | TRIGGER_DYNAMIC_LOSS_WEIGHT_RESCALE | 422
DIST-00121 | 5.583 | 4.628 | 0.7524 | COMPRESSION_STABLE_ALIGNED | COMMIT_STUDENT_WEIGHT_ADJUSTMENT | 200
DIST-00122 | 7.787 | 7.320 | 0.2373 | COMPRESSION_STABLE_ALIGNED | COMMIT_STUDENT_WEIGHT_ADJUSTMENT | 200
DIST-00123 | 6.794 | 5.158 | 1.2315 | COMPRESSION_STABLE_ALIGNED | COMMIT_STUDENT_WEIGHT_ADJUSTMENT | 200
DIST-00124 | 5.551 | 2.998 | 2.263 | ENTROPY_DRIFT_DIVERGENCE_HAZARD | TRIGGER_DYNAMIC_LOSS_WEIGHT_RESCALE | 422
DIST-00125 | 7.004 | 4.676 | 1.8149 | ENTROPY_DRIFT_DIVERGENCE_HAZARD | TRIGGER_DYNAMIC_LOSS_WEIGHT_RESCALE | 422
DIST-00126 | 7.092 | 3.723 | 2.931 | ENTROPY_DRIFT_DIVERGENCE_HAZARD | TRIGGER_DYNAMIC_LOSS_WEIGHT_RESCALE | 422
DIST-00127 | 2.764 | 2.208 | 0.3944 | COMPRESSION_STABLE_ALIGNED | COMMIT_STUDENT_WEIGHT_ADJUSTMENT | 200
DIST-00128 | 3.406 | 2.218 | 0.9482 | COMPRESSION_STABLE_ALIGNED | COMMIT_STUDENT_WEIGHT_ADJUSTMENT | 200
DIST-00129 | 2.558 | 0.563 | 1.5832 | ENTROPY_DRIFT_DIVERGENCE_HAZARD | TRIGGER_DYNAMIC_LOSS_WEIGHT_RESCALE | 422
DIST-00130 | 5.405 | 2.054 | 3.217 | ENTROPY_DRIFT_DIVERGENCE_HAZARD | TRIGGER_DYNAMIC_LOSS_WEIGHT_RESCALE | 422
DIST-00131 | 7.106 | 6.369 | 0.437 | COMPRESSION_STABLE_ALIGNED | COMMIT_STUDENT_WEIGHT_ADJUSTMENT | 200
DIST-00132 | 6.991 | 3.495 | 3.07 | ENTROPY_DRIFT_DIVERGENCE_HAZARD | TRIGGER_DYNAMIC_LOSS_WEIGHT_RESCALE | 422
DIST-00133 | 8.194 | 5.121 | 2.1639 | ENTROPY_DRIFT_DIVERGENCE_HAZARD | TRIGGER_DYNAMIC_LOSS_WEIGHT_RESCALE | 422
DIST-00134 | 7.685 | 4.346 | 2.6573 | ENTROPY_DRIFT_DIVERGENCE_HAZARD | TRIGGER_DYNAMIC_LOSS_WEIGHT_RESCALE | 422
DIST-00135 | 6.930 | 4.580 | 1.8227 | ENTROPY_DRIFT_DIVERGENCE_HAZARD | TRIGGER_DYNAMIC_LOSS_WEIGHT_RESCALE | 422
DIST-00136 | 2.197 | -0.827 | 2.4315 | ENTROPY_DRIFT_DIVERGENCE_HAZARD | TRIGGER_DYNAMIC_LOSS_WEIGHT_RESCALE | 422
DIST-00137 | 3.057 | -0.142 | 2.8042 | ENTROPY_DRIFT_DIVERGENCE_HAZARD | TRIGGER_DYNAMIC_LOSS_WEIGHT_RESCALE | 422
DIST-00138 | 3.939 | 3.494 | 0.34 | COMPRESSION_STABLE_ALIGNED | COMMIT_STUDENT_WEIGHT_ADJUSTMENT | 200
DIST-00139 | 4.148 | 1.069 | 2.9105 | ENTROPY_DRIFT_DIVERGENCE_HAZARD | TRIGGER_DYNAMIC_LOSS_WEIGHT_RESCALE | 422
DIST-00140 | 6.500 | 6.366 | 0.0615 | COMPRESSION_STABLE_ALIGNED | COMMIT_STUDENT_WEIGHT_ADJUSTMENT | 200
DIST-00141 | 5.938 | 5.308 | 0.461 | COMPRESSION_STABLE_ALIGNED | COMMIT_STUDENT_WEIGHT_ADJUSTMENT | 200
DIST-00142 | 7.015 | 5.503 | 1.0917 | COMPRESSION_STABLE_ALIGNED | COMMIT_STUDENT_WEIGHT_ADJUSTMENT | 200
DIST-00143 | 4.906 | 4.925 | 0.0 | COMPRESSION_STABLE_ALIGNED | COMMIT_STUDENT_WEIGHT_ADJUSTMENT | 200
DIST-00144 | 6.516 | 6.430 | 0.0586 | COMPRESSION_STABLE_ALIGNED | COMMIT_STUDENT_WEIGHT_ADJUSTMENT | 200
DIST-00145 | 5.585 | 4.526 | 0.8305 | COMPRESSION_STABLE_ALIGNED | COMMIT_STUDENT_WEIGHT_ADJUSTMENT | 200
DIST-00146 | 1.725 | -0.430 | 1.5647 | ENTROPY_DRIFT_DIVERGENCE_HAZARD | TRIGGER_DYNAMIC_LOSS_WEIGHT_RESCALE | 422
DIST-00147 | 6.235 | 5.333 | 0.6278 | COMPRESSION_STABLE_ALIGNED | COMMIT_STUDENT_WEIGHT_ADJUSTMENT | 200
DIST-00148 | 3.011 | 3.146 | 0.0 | COMPRESSION_STABLE_ALIGNED | COMMIT_STUDENT_WEIGHT_ADJUSTMENT | 200
DIST-00149 | 4.947 | 1.658 | 3.1858 | ENTROPY_DRIFT_DIVERGENCE_HAZARD | TRIGGER_DYNAMIC_LOSS_WEIGHT_RESCALE | 422
DIST-00150 | 4.693 | 1.513 | 3.0503 | ENTROPY_DRIFT_DIVERGENCE_HAZARD | TRIGGER_DYNAMIC_LOSS_WEIGHT_RESCALE | 422
DIST-00151 | 3.905 | 1.494 | 2.1595 | ENTROPY_DRIFT_DIVERGENCE_HAZARD | TRIGGER_DYNAMIC_LOSS_WEIGHT_RESCALE | 422
DIST-00152 | 7.835 | 7.066 | 0.441 | COMPRESSION_STABLE_ALIGNED | COMMIT_STUDENT_WEIGHT_ADJUSTMENT | 200
DIST-00153 | 7.272 | 5.047 | 1.6307 | ENTROPY_DRIFT_DIVERGENCE_HAZARD | TRIGGER_DYNAMIC_LOSS_WEIGHT_RESCALE | 422
DIST-00154 | 5.093 | 3.905 | 0.969 | COMPRESSION_STABLE_ALIGNED | COMMIT_STUDENT_WEIGHT_ADJUSTMENT | 200
DIST-00155 | 3.776 | 0.650 | 2.9027 | ENTROPY_DRIFT_DIVERGENCE_HAZARD | TRIGGER_DYNAMIC_LOSS_WEIGHT_RESCALE | 422
DIST-00156 | 5.065 | 3.088 | 1.7071 | ENTROPY_DRIFT_DIVERGENCE_HAZARD | TRIGGER_DYNAMIC_LOSS_WEIGHT_RESCALE | 422
DIST-00157 | 4.038 | 2.425 | 1.4097 | ENTROPY_DRIFT_DIVERGENCE_HAZARD | TRIGGER_DYNAMIC_LOSS_WEIGHT_RESCALE | 422
DIST-00158 | 5.868 | 4.741 | 0.8751 | COMPRESSION_STABLE_ALIGNED | COMMIT_STUDENT_WEIGHT_ADJUSTMENT | 200
DIST-00159 | 7.278 | 7.391 | 0.0 | COMPRESSION_STABLE_ALIGNED | COMMIT_STUDENT_WEIGHT_ADJUSTMENT | 200
DIST-00160 | 8.033 | 5.027 | 2.1895 | ENTROPY_DRIFT_DIVERGENCE_HAZARD | TRIGGER_DYNAMIC_LOSS_WEIGHT_RESCALE | 422
DIST-00161 | 6.110 | 6.109 | 0.0 | COMPRESSION_STABLE_ALIGNED | COMMIT_STUDENT_WEIGHT_ADJUSTMENT | 200
DIST-00162 | 3.947 | 3.462 | 0.3938 | COMPRESSION_STABLE_ALIGNED | COMMIT_STUDENT_WEIGHT_ADJUSTMENT | 200
DIST-00163 | 7.076 | 7.152 | 0.0 | COMPRESSION_STABLE_ALIGNED | COMMIT_STUDENT_WEIGHT_ADJUSTMENT | 200
DIST-00164 | 2.001 | -1.270 | 2.5334 | ENTROPY_DRIFT_DIVERGENCE_HAZARD | TRIGGER_DYNAMIC_LOSS_WEIGHT_RESCALE | 422
DIST-00165 | 8.281 | 6.974 | 0.7483 | COMPRESSION_STABLE_ALIGNED | COMMIT_STUDENT_WEIGHT_ADJUSTMENT | 200
DIST-00166 | 2.969 | -0.494 | 3.0706 | ENTROPY_DRIFT_DIVERGENCE_HAZARD | TRIGGER_DYNAMIC_LOSS_WEIGHT_RESCALE | 422
DIST-00167 | 8.240 | 8.351 | 0.0 | COMPRESSION_STABLE_ALIGNED | COMMIT_STUDENT_WEIGHT_ADJUSTMENT | 200
DIST-00168 | 5.059 | 2.267 | 2.633 | ENTROPY_DRIFT_DIVERGENCE_HAZARD | TRIGGER_DYNAMIC_LOSS_WEIGHT_RESCALE | 422
DIST-00169 | 1.766 | 0.955 | 0.548 | COMPRESSION_STABLE_ALIGNED | COMMIT_STUDENT_WEIGHT_ADJUSTMENT | 200
DIST-00170 | 3.357 | 1.173 | 1.8553 | ENTROPY_DRIFT_DIVERGENCE_HAZARD | TRIGGER_DYNAMIC_LOSS_WEIGHT_RESCALE | 422
DIST-00171 | 2.515 | 0.404 | 1.6569 | ENTROPY_DRIFT_DIVERGENCE_HAZARD | TRIGGER_DYNAMIC_LOSS_WEIGHT_RESCALE | 422
DIST-00172 | 4.004 | 3.454 | 0.4147 | COMPRESSION_STABLE_ALIGNED | COMMIT_STUDENT_WEIGHT_ADJUSTMENT | 200
DIST-00173 | 3.712 | 3.897 | 0.0 | COMPRESSION_STABLE_ALIGNED | COMMIT_STUDENT_WEIGHT_ADJUSTMENT | 200
DIST-00174 | 2.261 | 1.888 | 0.2699 | COMPRESSION_STABLE_ALIGNED | COMMIT_STUDENT_WEIGHT_ADJUSTMENT | 200
DIST-00175 | 2.550 | -0.796 | 2.8175 | ENTROPY_DRIFT_DIVERGENCE_HAZARD | TRIGGER_DYNAMIC_LOSS_WEIGHT_RESCALE | 422
DIST-00176 | 5.048 | 4.462 | 0.4679 | COMPRESSION_STABLE_ALIGNED | COMMIT_STUDENT_WEIGHT_ADJUSTMENT | 200
DIST-00177 | 7.784 | 6.825 | 0.5602 | COMPRESSION_STABLE_ALIGNED | COMMIT_STUDENT_WEIGHT_ADJUSTMENT | 200
DIST-00178 | 7.079 | 4.114 | 2.4683 | ENTROPY_DRIFT_DIVERGENCE_HAZARD | TRIGGER_DYNAMIC_LOSS_WEIGHT_RESCALE | 422
DIST-00179 | 4.282 | 1.201 | 2.9045 | ENTROPY_DRIFT_DIVERGENCE_HAZARD | TRIGGER_DYNAMIC_LOSS_WEIGHT_RESCALE | 422
DIST-00180 | 2.129 | 2.047 | 0.1105 | COMPRESSION_STABLE_ALIGNED | COMMIT_STUDENT_WEIGHT_ADJUSTMENT | 200
DIST-00181 | 6.683 | 5.471 | 0.8742 | COMPRESSION_STABLE_ALIGNED | COMMIT_STUDENT_WEIGHT_ADJUSTMENT | 200
DIST-00182 | 5.022 | 4.369 | 0.4891 | COMPRESSION_STABLE_ALIGNED | COMMIT_STUDENT_WEIGHT_ADJUSTMENT | 200
DIST-00183 | 5.817 | 2.374 | 3.268 | ENTROPY_DRIFT_DIVERGENCE_HAZARD | TRIGGER_DYNAMIC_LOSS_WEIGHT_RESCALE | 422
DIST-00184 | 1.509 | -0.169 | 1.1572 | COMPRESSION_STABLE_ALIGNED | COMMIT_STUDENT_WEIGHT_ADJUSTMENT | 200
DIST-00185 | 1.969 | -1.242 | 2.4821 | ENTROPY_DRIFT_DIVERGENCE_HAZARD | TRIGGER_DYNAMIC_LOSS_WEIGHT_RESCALE | 422
DIST-00186 | 3.148 | 2.026 | 0.9042 | COMPRESSION_STABLE_ALIGNED | COMMIT_STUDENT_WEIGHT_ADJUSTMENT | 200
DIST-00187 | 1.514 | -1.240 | 1.9694 | ENTROPY_DRIFT_DIVERGENCE_HAZARD | TRIGGER_DYNAMIC_LOSS_WEIGHT_RESCALE | 422
DIST-00188 | 7.385 | 4.721 | 2.0374 | ENTROPY_DRIFT_DIVERGENCE_HAZARD | TRIGGER_DYNAMIC_LOSS_WEIGHT_RESCALE | 422
DIST-00189 | 3.402 | 0.552 | 2.5231 | ENTROPY_DRIFT_DIVERGENCE_HAZARD | TRIGGER_DYNAMIC_LOSS_WEIGHT_RESCALE | 422
DIST-00190 | 8.078 | 6.856 | 0.6696 | COMPRESSION_STABLE_ALIGNED | COMMIT_STUDENT_WEIGHT_ADJUSTMENT | 200
DIST-00191 | 3.894 | 1.978 | 1.648 | ENTROPY_DRIFT_DIVERGENCE_HAZARD | TRIGGER_DYNAMIC_LOSS_WEIGHT_RESCALE | 422
DIST-00192 | 1.719 | -0.886 | 1.9202 | ENTROPY_DRIFT_DIVERGENCE_HAZARD | TRIGGER_DYNAMIC_LOSS_WEIGHT_RESCALE | 422
DIST-00193 | 4.661 | 4.430 | 0.1796 | COMPRESSION_STABLE_ALIGNED | COMMIT_STUDENT_WEIGHT_ADJUSTMENT | 200
DIST-00194 | 5.437 | 2.106 | 3.1747 | ENTROPY_DRIFT_DIVERGENCE_HAZARD | TRIGGER_DYNAMIC_LOSS_WEIGHT_RESCALE | 422
DIST-00195 | 4.650 | 4.542 | 0.0841 | COMPRESSION_STABLE_ALIGNED | COMMIT_STUDENT_WEIGHT_ADJUSTMENT | 200
DIST-00196 | 4.780 | 2.971 | 1.5715 | ENTROPY_DRIFT_DIVERGENCE_HAZARD | TRIGGER_DYNAMIC_LOSS_WEIGHT_RESCALE | 422
DIST-00197 | 5.129 | 2.233 | 2.6918 | ENTROPY_DRIFT_DIVERGENCE_HAZARD | TRIGGER_DYNAMIC_LOSS_WEIGHT_RESCALE | 422
DIST-00198 | 5.927 | 4.468 | 1.1565 | COMPRESSION_STABLE_ALIGNED | COMMIT_STUDENT_WEIGHT_ADJUSTMENT | 200
DIST-00199 | 7.408 | 6.891 | 0.3059 | COMPRESSION_STABLE_ALIGNED | COMMIT_STUDENT_WEIGHT_ADJUSTMENT | 200
DIST-00200 | 5.968 | 4.239 | 1.3758 | ENTROPY_DRIFT_DIVERGENCE_HAZARD | TRIGGER_DYNAMIC_LOSS_WEIGHT_RESCALE | 422
DIST-00201 | 2.891 | 0.642 | 1.8717 | ENTROPY_DRIFT_DIVERGENCE_HAZARD | TRIGGER_DYNAMIC_LOSS_WEIGHT_RESCALE | 422
DIST-00202 | 7.576 | 6.482 | 0.6848 | COMPRESSION_STABLE_ALIGNED | COMMIT_STUDENT_WEIGHT_ADJUSTMENT | 200
DIST-00203 | 1.883 | 1.231 | 0.4694 | COMPRESSION_STABLE_ALIGNED | COMMIT_STUDENT_WEIGHT_ADJUSTMENT | 200
DIST-00204 | 3.843 | 3.777 | 0.0708 | COMPRESSION_STABLE_ALIGNED | COMMIT_STUDENT_WEIGHT_ADJUSTMENT | 200
DIST-00205 | 4.774 | 4.705 | 0.0232 | COMPRESSION_STABLE_ALIGNED | COMMIT_STUDENT_WEIGHT_ADJUSTMENT | 200
DIST-00206 | 6.140 | 2.848 | 3.0297 | ENTROPY_DRIFT_DIVERGENCE_HAZARD | TRIGGER_DYNAMIC_LOSS_WEIGHT_RESCALE | 422
DIST-00207 | 3.745 | 2.657 | 0.8951 | COMPRESSION_STABLE_ALIGNED | COMMIT_STUDENT_WEIGHT_ADJUSTMENT | 200
DIST-00208 | 3.460 | 0.864 | 2.3021 | ENTROPY_DRIFT_DIVERGENCE_HAZARD | TRIGGER_DYNAMIC_LOSS_WEIGHT_RESCALE | 422
DIST-00209 | 2.500 | 1.998 | 0.3751 | COMPRESSION_STABLE_ALIGNED | COMMIT_STUDENT_WEIGHT_ADJUSTMENT | 200
DIST-00210 | 3.157 | 2.857 | 0.3026 | COMPRESSION_STABLE_ALIGNED | COMMIT_STUDENT_WEIGHT_ADJUSTMENT | 200
DIST-00211 | 8.389 | 8.287 | 0.0589 | COMPRESSION_STABLE_ALIGNED | COMMIT_STUDENT_WEIGHT_ADJUSTMENT | 200
DIST-00212 | 2.556 | 2.893 | 0.0 | COMPRESSION_STABLE_ALIGNED | COMMIT_STUDENT_WEIGHT_ADJUSTMENT | 200
DIST-00213 | 5.313 | 5.433 | 0.0 | COMPRESSION_STABLE_ALIGNED | COMMIT_STUDENT_WEIGHT_ADJUSTMENT | 200
DIST-00214 | 5.865 | 5.714 | 0.1178 | COMPRESSION_STABLE_ALIGNED | COMMIT_STUDENT_WEIGHT_ADJUSTMENT | 200
DIST-00215 | 4.905 | 4.243 | 0.5103 | COMPRESSION_STABLE_ALIGNED | COMMIT_STUDENT_WEIGHT_ADJUSTMENT | 200
DIST-00216 | 2.879 | 2.775 | 0.0913 | COMPRESSION_STABLE_ALIGNED | COMMIT_STUDENT_WEIGHT_ADJUSTMENT | 200
DIST-00217 | 7.792 | 5.153 | 1.8829 | ENTROPY_DRIFT_DIVERGENCE_HAZARD | TRIGGER_DYNAMIC_LOSS_WEIGHT_RESCALE | 422
DIST-00218 | 3.167 | 0.059 | 2.7506 | ENTROPY_DRIFT_DIVERGENCE_HAZARD | TRIGGER_DYNAMIC_LOSS_WEIGHT_RESCALE | 422
DIST-00219 | 4.073 | 4.241 | 0.0 | COMPRESSION_STABLE_ALIGNED | COMMIT_STUDENT_WEIGHT_ADJUSTMENT | 200
DIST-00220 | 2.390 | 1.567 | 0.6052 | COMPRESSION_STABLE_ALIGNED | COMMIT_STUDENT_WEIGHT_ADJUSTMENT | 200
DIST-00221 | 3.558 | 3.940 | 0.0 | COMPRESSION_STABLE_ALIGNED | COMMIT_STUDENT_WEIGHT_ADJUSTMENT | 200
DIST-00222 | 4.006 | 2.417 | 1.3106 | ENTROPY_DRIFT_DIVERGENCE_HAZARD | TRIGGER_DYNAMIC_LOSS_WEIGHT_RESCALE | 422
DIST-00223 | 6.243 | 3.704 | 2.1885 | ENTROPY_DRIFT_DIVERGENCE_HAZARD | TRIGGER_DYNAMIC_LOSS_WEIGHT_RESCALE | 422
DIST-00224 | 4.491 | 4.375 | 0.0551 | COMPRESSION_STABLE_ALIGNED | COMMIT_STUDENT_WEIGHT_ADJUSTMENT | 200
DIST-00225 | 5.419 | 4.230 | 0.9396 | COMPRESSION_STABLE_ALIGNED | COMMIT_STUDENT_WEIGHT_ADJUSTMENT | 200
DIST-00226 | 2.727 | 0.974 | 1.4174 | ENTROPY_DRIFT_DIVERGENCE_HAZARD | TRIGGER_DYNAMIC_LOSS_WEIGHT_RESCALE | 422
DIST-00227 | 4.344 | 3.099 | 1.0342 | COMPRESSION_STABLE_ALIGNED | COMMIT_STUDENT_WEIGHT_ADJUSTMENT | 200
DIST-00228 | 8.237 | 7.123 | 0.5896 | COMPRESSION_STABLE_ALIGNED | COMMIT_STUDENT_WEIGHT_ADJUSTMENT | 200
DIST-00229 | 5.591 | 5.660 | 0.0 | COMPRESSION_STABLE_ALIGNED | COMMIT_STUDENT_WEIGHT_ADJUSTMENT | 200
DIST-00230 | 4.940 | 1.794 | 3.0207 | ENTROPY_DRIFT_DIVERGENCE_HAZARD | TRIGGER_DYNAMIC_LOSS_WEIGHT_RESCALE | 422
DIST-00231 | 6.407 | 3.427 | 2.6131 | ENTROPY_DRIFT_DIVERGENCE_HAZARD | TRIGGER_DYNAMIC_LOSS_WEIGHT_RESCALE | 422
DIST-00232 | 1.919 | 0.151 | 1.2894 | ENTROPY_DRIFT_DIVERGENCE_HAZARD | TRIGGER_DYNAMIC_LOSS_WEIGHT_RESCALE | 422
DIST-00233 | 6.736 | 4.804 | 1.4804 | ENTROPY_DRIFT_DIVERGENCE_HAZARD | TRIGGER_DYNAMIC_LOSS_WEIGHT_RESCALE | 422
DIST-00234 | 1.804 | -0.431 | 1.6185 | ENTROPY_DRIFT_DIVERGENCE_HAZARD | TRIGGER_DYNAMIC_LOSS_WEIGHT_RESCALE | 422
DIST-00235 | 7.556 | 5.063 | 1.8694 | ENTROPY_DRIFT_DIVERGENCE_HAZARD | TRIGGER_DYNAMIC_LOSS_WEIGHT_RESCALE | 422
DIST-00236 | 7.481 | 7.426 | 0.0427 | COMPRESSION_STABLE_ALIGNED | COMMIT_STUDENT_WEIGHT_ADJUSTMENT | 200
DIST-00237 | 5.383 | 5.217 | 0.08 | COMPRESSION_STABLE_ALIGNED | COMMIT_STUDENT_WEIGHT_ADJUSTMENT | 200
DIST-00238 | 2.769 | -0.566 | 2.8771 | ENTROPY_DRIFT_DIVERGENCE_HAZARD | TRIGGER_DYNAMIC_LOSS_WEIGHT_RESCALE | 422
DIST-00239 | 1.799 | 1.549 | 0.1533 | COMPRESSION_STABLE_ALIGNED | COMMIT_STUDENT_WEIGHT_ADJUSTMENT | 200
DIST-00240 | 4.561 | 4.118 | 0.3599 | COMPRESSION_STABLE_ALIGNED | COMMIT_STUDENT_WEIGHT_ADJUSTMENT | 200
DIST-00241 | 5.923 | 3.894 | 1.6807 | ENTROPY_DRIFT_DIVERGENCE_HAZARD | TRIGGER_DYNAMIC_LOSS_WEIGHT_RESCALE | 422
DIST-00242 | 6.334 | 5.747 | 0.4037 | COMPRESSION_STABLE_ALIGNED | COMMIT_STUDENT_WEIGHT_ADJUSTMENT | 200
DIST-00243 | 1.951 | -1.414 | 2.6236 | ENTROPY_DRIFT_DIVERGENCE_HAZARD | TRIGGER_DYNAMIC_LOSS_WEIGHT_RESCALE | 422
DIST-00244 | 7.077 | 5.149 | 1.4315 | ENTROPY_DRIFT_DIVERGENCE_HAZARD | TRIGGER_DYNAMIC_LOSS_WEIGHT_RESCALE | 422
DIST-00245 | 7.040 | 3.755 | 2.7837 | ENTROPY_DRIFT_DIVERGENCE_HAZARD | TRIGGER_DYNAMIC_LOSS_WEIGHT_RESCALE | 422
DIST-00246 | 5.531 | 3.216 | 2.0301 | ENTROPY_DRIFT_DIVERGENCE_HAZARD | TRIGGER_DYNAMIC_LOSS_WEIGHT_RESCALE | 422
DIST-00247 | 8.393 | 7.601 | 0.3941 | COMPRESSION_STABLE_ALIGNED | COMMIT_STUDENT_WEIGHT_ADJUSTMENT | 200
DIST-00248 | 7.802 | 6.167 | 1.0242 | COMPRESSION_STABLE_ALIGNED | COMMIT_STUDENT_WEIGHT_ADJUSTMENT | 200
DIST-00249 | 5.078 | 2.852 | 2.0136 | ENTROPY_DRIFT_DIVERGENCE_HAZARD | TRIGGER_DYNAMIC_LOSS_WEIGHT_RESCALE | 422
DIST-00250 | 5.176 | 2.538 | 2.4243 | ENTROPY_DRIFT_DIVERGENCE_HAZARD | TRIGGER_DYNAMIC_LOSS_WEIGHT_RESCALE | 422
DIST-00251 | 7.230 | 5.400 | 1.2741 | ENTROPY_DRIFT_DIVERGENCE_HAZARD | TRIGGER_DYNAMIC_LOSS_WEIGHT_RESCALE | 422
DIST-00252 | 8.263 | 7.061 | 0.6816 | COMPRESSION_STABLE_ALIGNED | COMMIT_STUDENT_WEIGHT_ADJUSTMENT | 200
DIST-00253 | 2.976 | 1.288 | 1.4098 | ENTROPY_DRIFT_DIVERGENCE_HAZARD | TRIGGER_DYNAMIC_LOSS_WEIGHT_RESCALE | 422
DIST-00254 | 8.359 | 7.661 | 0.3742 | COMPRESSION_STABLE_ALIGNED | COMMIT_STUDENT_WEIGHT_ADJUSTMENT | 200
DIST-00255 | 5.079 | 2.231 | 2.6273 | ENTROPY_DRIFT_DIVERGENCE_HAZARD | TRIGGER_DYNAMIC_LOSS_WEIGHT_RESCALE | 422
DIST-00256 | 5.378 | 3.653 | 1.4412 | ENTROPY_DRIFT_DIVERGENCE_HAZARD | TRIGGER_DYNAMIC_LOSS_WEIGHT_RESCALE | 422
DIST-00257 | 7.935 | 4.782 | 2.3848 | ENTROPY_DRIFT_DIVERGENCE_HAZARD | TRIGGER_DYNAMIC_LOSS_WEIGHT_RESCALE | 422
DIST-00258 | 2.460 | 2.081 | 0.2584 | COMPRESSION_STABLE_ALIGNED | COMMIT_STUDENT_WEIGHT_ADJUSTMENT | 200
DIST-00259 | 5.749 | 5.924 | 0.0 | COMPRESSION_STABLE_ALIGNED | COMMIT_STUDENT_WEIGHT_ADJUSTMENT | 200
DIST-00260 | 8.347 | 6.241 | 1.3048 | ENTROPY_DRIFT_DIVERGENCE_HAZARD | TRIGGER_DYNAMIC_LOSS_WEIGHT_RESCALE | 422
DIST-00261 | 4.227 | 1.715 | 2.2644 | ENTROPY_DRIFT_DIVERGENCE_HAZARD | TRIGGER_DYNAMIC_LOSS_WEIGHT_RESCALE | 422
DIST-00262 | 6.720 | 4.577 | 1.6806 | ENTROPY_DRIFT_DIVERGENCE_HAZARD | TRIGGER_DYNAMIC_LOSS_WEIGHT_RESCALE | 422
DIST-00263 | 5.340 | 5.218 | 0.0231 | COMPRESSION_STABLE_ALIGNED | COMMIT_STUDENT_WEIGHT_ADJUSTMENT | 200
DIST-00264 | 2.006 | -0.522 | 1.8987 | ENTROPY_DRIFT_DIVERGENCE_HAZARD | TRIGGER_DYNAMIC_LOSS_WEIGHT_RESCALE | 422
DIST-00265 | 4.759 | 4.373 | 0.2907 | COMPRESSION_STABLE_ALIGNED | COMMIT_STUDENT_WEIGHT_ADJUSTMENT | 200
DIST-00266 | 5.538 | 5.537 | 0.0 | COMPRESSION_STABLE_ALIGNED | COMMIT_STUDENT_WEIGHT_ADJUSTMENT | 200
DIST-00267 | 2.447 | -0.444 | 2.3885 | ENTROPY_DRIFT_DIVERGENCE_HAZARD | TRIGGER_DYNAMIC_LOSS_WEIGHT_RESCALE | 422
DIST-00268 | 2.065 | 2.072 | 0.0 | COMPRESSION_STABLE_ALIGNED | COMMIT_STUDENT_WEIGHT_ADJUSTMENT | 200
DIST-00269 | 8.273 | 6.846 | 0.8014 | COMPRESSION_STABLE_ALIGNED | COMMIT_STUDENT_WEIGHT_ADJUSTMENT | 200
DIST-00270 | 4.017 | 2.955 | 0.8695 | COMPRESSION_STABLE_ALIGNED | COMMIT_STUDENT_WEIGHT_ADJUSTMENT | 200
DIST-00271 | 5.173 | 2.856 | 2.0976 | ENTROPY_DRIFT_DIVERGENCE_HAZARD | TRIGGER_DYNAMIC_LOSS_WEIGHT_RESCALE | 422
DIST-00272 | 1.776 | -0.131 | 1.3393 | ENTROPY_DRIFT_DIVERGENCE_HAZARD | TRIGGER_DYNAMIC_LOSS_WEIGHT_RESCALE | 422
DIST-00273 | 6.993 | 6.130 | 0.5883 | COMPRESSION_STABLE_ALIGNED | COMMIT_STUDENT_WEIGHT_ADJUSTMENT | 200
DIST-00274 | 3.508 | 1.896 | 1.3461 | ENTROPY_DRIFT_DIVERGENCE_HAZARD | TRIGGER_DYNAMIC_LOSS_WEIGHT_RESCALE | 422
DIST-00275 | 2.949 | 0.062 | 2.4637 | ENTROPY_DRIFT_DIVERGENCE_HAZARD | TRIGGER_DYNAMIC_LOSS_WEIGHT_RESCALE | 422
DIST-00276 | 4.428 | 4.056 | 0.2962 | COMPRESSION_STABLE_ALIGNED | COMMIT_STUDENT_WEIGHT_ADJUSTMENT | 200
DIST-00277 | 2.301 | 1.903 | 0.2865 | COMPRESSION_STABLE_ALIGNED | COMMIT_STUDENT_WEIGHT_ADJUSTMENT | 200
DIST-00278 | 3.344 | 3.385 | 0.0 | COMPRESSION_STABLE_ALIGNED | COMMIT_STUDENT_WEIGHT_ADJUSTMENT | 200
DIST-00279 | 3.578 | 3.561 | 0.0145 | COMPRESSION_STABLE_ALIGNED | COMMIT_STUDENT_WEIGHT_ADJUSTMENT | 200
DIST-00280 | 5.038 | 4.034 | 0.796 | COMPRESSION_STABLE_ALIGNED | COMMIT_STUDENT_WEIGHT_ADJUSTMENT | 200
DIST-00281 | 4.750 | 3.545 | 0.9936 | COMPRESSION_STABLE_ALIGNED | COMMIT_STUDENT_WEIGHT_ADJUSTMENT | 200
DIST-00282 | 7.401 | 7.841 | 0.0 | COMPRESSION_STABLE_ALIGNED | COMMIT_STUDENT_WEIGHT_ADJUSTMENT | 200
DIST-00283 | 3.029 | 1.373 | 1.3762 | ENTROPY_DRIFT_DIVERGENCE_HAZARD | TRIGGER_DYNAMIC_LOSS_WEIGHT_RESCALE | 422
DIST-00284 | 8.191 | 5.676 | 1.6442 | ENTROPY_DRIFT_DIVERGENCE_HAZARD | TRIGGER_DYNAMIC_LOSS_WEIGHT_RESCALE | 422
DIST-00285 | 7.379 | 4.082 | 2.753 | ENTROPY_DRIFT_DIVERGENCE_HAZARD | TRIGGER_DYNAMIC_LOSS_WEIGHT_RESCALE | 422
DIST-00286 | 6.611 | 4.120 | 2.0129 | ENTROPY_DRIFT_DIVERGENCE_HAZARD | TRIGGER_DYNAMIC_LOSS_WEIGHT_RESCALE | 422
DIST-00287 | 4.385 | 2.372 | 1.768 | ENTROPY_DRIFT_DIVERGENCE_HAZARD | TRIGGER_DYNAMIC_LOSS_WEIGHT_RESCALE | 422
DIST-00288 | 3.187 | 0.520 | 2.3274 | ENTROPY_DRIFT_DIVERGENCE_HAZARD | TRIGGER_DYNAMIC_LOSS_WEIGHT_RESCALE | 422
DIST-00289 | 7.636 | 4.367 | 2.5948 | ENTROPY_DRIFT_DIVERGENCE_HAZARD | TRIGGER_DYNAMIC_LOSS_WEIGHT_RESCALE | 422
DIST-00290 | 6.729 | 4.765 | 1.4975 | ENTROPY_DRIFT_DIVERGENCE_HAZARD | TRIGGER_DYNAMIC_LOSS_WEIGHT_RESCALE | 422
DIST-00291 | 5.956 | 4.978 | 0.73 | COMPRESSION_STABLE_ALIGNED | COMMIT_STUDENT_WEIGHT_ADJUSTMENT | 200
DIST-00292 | 4.087 | 4.087 | 0.0 | COMPRESSION_STABLE_ALIGNED | COMMIT_STUDENT_WEIGHT_ADJUSTMENT | 200
DIST-00293 | 3.598 | 3.060 | 0.4069 | COMPRESSION_STABLE_ALIGNED | COMMIT_STUDENT_WEIGHT_ADJUSTMENT | 200
DIST-00294 | 1.919 | 0.846 | 0.7734 | COMPRESSION_STABLE_ALIGNED | COMMIT_STUDENT_WEIGHT_ADJUSTMENT | 200
DIST-00295 | 7.839 | 7.158 | 0.3869 | COMPRESSION_STABLE_ALIGNED | COMMIT_STUDENT_WEIGHT_ADJUSTMENT | 200
DIST-00296 | 5.381 | 1.885 | 3.3923 | ENTROPY_DRIFT_DIVERGENCE_HAZARD | TRIGGER_DYNAMIC_LOSS_WEIGHT_RESCALE | 422
DIST-00297 | 5.115 | 4.417 | 0.5589 | COMPRESSION_STABLE_ALIGNED | COMMIT_STUDENT_WEIGHT_ADJUSTMENT | 200
DIST-00298 | 4.079 | 4.001 | 0.0644 | COMPRESSION_STABLE_ALIGNED | COMMIT_STUDENT_WEIGHT_ADJUSTMENT | 200
DIST-00299 | 8.088 | 6.161 | 1.2245 | COMPRESSION_STABLE_ALIGNED | COMMIT_STUDENT_WEIGHT_ADJUSTMENT | 200
DIST-00300 | 4.444 | 3.353 | 0.9062 | COMPRESSION_STABLE_ALIGNED | COMMIT_STUDENT_WEIGHT_ADJUSTMENT | 200
DIST-00301 | 3.593 | 2.736 | 0.6656 | COMPRESSION_STABLE_ALIGNED | COMMIT_STUDENT_WEIGHT_ADJUSTMENT | 200
DIST-00302 | 4.853 | 5.262 | 0.0 | COMPRESSION_STABLE_ALIGNED | COMMIT_STUDENT_WEIGHT_ADJUSTMENT | 200
DIST-00303 | 5.107 | 5.396 | 0.0 | COMPRESSION_STABLE_ALIGNED | COMMIT_STUDENT_WEIGHT_ADJUSTMENT | 200
DIST-00304 | 4.970 | 5.055 | 0.0 | COMPRESSION_STABLE_ALIGNED | COMMIT_STUDENT_WEIGHT_ADJUSTMENT | 200
DIST-00305 | 1.992 | 0.366 | 1.186 | COMPRESSION_STABLE_ALIGNED | COMMIT_STUDENT_WEIGHT_ADJUSTMENT | 200
DIST-00306 | 7.170 | 7.017 | 0.0914 | COMPRESSION_STABLE_ALIGNED | COMMIT_STUDENT_WEIGHT_ADJUSTMENT | 200
DIST-00307 | 7.628 | 7.295 | 0.21 | COMPRESSION_STABLE_ALIGNED | COMMIT_STUDENT_WEIGHT_ADJUSTMENT | 200
DIST-00308 | 1.527 | -1.018 | 1.7894 | ENTROPY_DRIFT_DIVERGENCE_HAZARD | TRIGGER_DYNAMIC_LOSS_WEIGHT_RESCALE | 422
DIST-00309 | 5.635 | 4.948 | 0.5251 | COMPRESSION_STABLE_ALIGNED | COMMIT_STUDENT_WEIGHT_ADJUSTMENT | 200
DIST-00310 | 5.437 | 5.115 | 0.2323 | COMPRESSION_STABLE_ALIGNED | COMMIT_STUDENT_WEIGHT_ADJUSTMENT | 200
DIST-00311 | 7.276 | 6.290 | 0.6243 | COMPRESSION_STABLE_ALIGNED | COMMIT_STUDENT_WEIGHT_ADJUSTMENT | 200
DIST-00312 | 3.312 | 0.197 | 2.8185 | ENTROPY_DRIFT_DIVERGENCE_HAZARD | TRIGGER_DYNAMIC_LOSS_WEIGHT_RESCALE | 422
DIST-00313 | 7.647 | 6.407 | 0.7846 | COMPRESSION_STABLE_ALIGNED | COMMIT_STUDENT_WEIGHT_ADJUSTMENT | 200
DIST-00314 | 7.410 | 6.801 | 0.3788 | COMPRESSION_STABLE_ALIGNED | COMMIT_STUDENT_WEIGHT_ADJUSTMENT | 200
DIST-00315 | 5.502 | 2.017 | 3.4086 | ENTROPY_DRIFT_DIVERGENCE_HAZARD | TRIGGER_DYNAMIC_LOSS_WEIGHT_RESCALE | 422
DIST-00316 | 5.509 | 3.160 | 2.0758 | ENTROPY_DRIFT_DIVERGENCE_HAZARD | TRIGGER_DYNAMIC_LOSS_WEIGHT_RESCALE | 422
DIST-00317 | 8.136 | 6.313 | 1.1311 | COMPRESSION_STABLE_ALIGNED | COMMIT_STUDENT_WEIGHT_ADJUSTMENT | 200
DIST-00318 | 3.845 | 3.195 | 0.5069 | COMPRESSION_STABLE_ALIGNED | COMMIT_STUDENT_WEIGHT_ADJUSTMENT | 200
DIST-00319 | 6.780 | 7.213 | 0.0 | COMPRESSION_STABLE_ALIGNED | COMMIT_STUDENT_WEIGHT_ADJUSTMENT | 200
DIST-00320 | 2.094 | -0.416 | 1.9234 | ENTROPY_DRIFT_DIVERGENCE_HAZARD | TRIGGER_DYNAMIC_LOSS_WEIGHT_RESCALE | 422
DIST-00321 | 4.413 | 1.201 | 3.0715 | ENTROPY_DRIFT_DIVERGENCE_HAZARD | TRIGGER_DYNAMIC_LOSS_WEIGHT_RESCALE | 422
DIST-00322 | 6.155 | 3.137 | 2.7354 | ENTROPY_DRIFT_DIVERGENCE_HAZARD | TRIGGER_DYNAMIC_LOSS_WEIGHT_RESCALE | 422
DIST-00323 | 8.370 | 7.438 | 0.4698 | COMPRESSION_STABLE_ALIGNED | COMMIT_STUDENT_WEIGHT_ADJUSTMENT | 200
DIST-00324 | 6.742 | 6.766 | 0.0276 | COMPRESSION_STABLE_ALIGNED | COMMIT_STUDENT_WEIGHT_ADJUSTMENT | 200
DIST-00325 | 2.966 | 0.754 | 1.8223 | ENTROPY_DRIFT_DIVERGENCE_HAZARD | TRIGGER_DYNAMIC_LOSS_WEIGHT_RESCALE | 422
DIST-00326 | 7.596 | 7.264 | 0.161 | COMPRESSION_STABLE_ALIGNED | COMMIT_STUDENT_WEIGHT_ADJUSTMENT | 200
DIST-00327 | 4.232 | 2.778 | 1.2492 | COMPRESSION_STABLE_ALIGNED | COMMIT_STUDENT_WEIGHT_ADJUSTMENT | 200
DIST-00328 | 3.249 | 0.682 | 2.2445 | ENTROPY_DRIFT_DIVERGENCE_HAZARD | TRIGGER_DYNAMIC_LOSS_WEIGHT_RESCALE | 422
DIST-00329 | 3.663 | 3.452 | 0.1727 | COMPRESSION_STABLE_ALIGNED | COMMIT_STUDENT_WEIGHT_ADJUSTMENT | 200
DIST-00330 | 7.704 | 7.106 | 0.3509 | COMPRESSION_STABLE_ALIGNED | COMMIT_STUDENT_WEIGHT_ADJUSTMENT | 200
DIST-00331 | 6.142 | 6.126 | 0.0109 | COMPRESSION_STABLE_ALIGNED | COMMIT_STUDENT_WEIGHT_ADJUSTMENT | 200
DIST-00332 | 2.054 | 0.114 | 1.4284 | ENTROPY_DRIFT_DIVERGENCE_HAZARD | TRIGGER_DYNAMIC_LOSS_WEIGHT_RESCALE | 422
DIST-00333 | 7.357 | 4.344 | 2.4095 | ENTROPY_DRIFT_DIVERGENCE_HAZARD | TRIGGER_DYNAMIC_LOSS_WEIGHT_RESCALE | 422
DIST-00334 | 5.661 | 6.150 | 0.0 | COMPRESSION_STABLE_ALIGNED | COMMIT_STUDENT_WEIGHT_ADJUSTMENT | 200
DIST-00335 | 1.690 | 0.535 | 0.8125 | COMPRESSION_STABLE_ALIGNED | COMMIT_STUDENT_WEIGHT_ADJUSTMENT | 200
DIST-00336 | 4.196 | 3.821 | 0.2875 | COMPRESSION_STABLE_ALIGNED | COMMIT_STUDENT_WEIGHT_ADJUSTMENT | 200
DIST-00337 | 2.549 | 2.988 | 0.0 | COMPRESSION_STABLE_ALIGNED | COMMIT_STUDENT_WEIGHT_ADJUSTMENT | 200
DIST-00338 | 4.841 | 4.509 | 0.2452 | COMPRESSION_STABLE_ALIGNED | COMMIT_STUDENT_WEIGHT_ADJUSTMENT | 200
DIST-00339 | 6.319 | 3.401 | 2.5844 | ENTROPY_DRIFT_DIVERGENCE_HAZARD | TRIGGER_DYNAMIC_LOSS_WEIGHT_RESCALE | 422
DIST-00340 | 4.786 | 1.687 | 2.941 | ENTROPY_DRIFT_DIVERGENCE_HAZARD | TRIGGER_DYNAMIC_LOSS_WEIGHT_RESCALE | 422
DIST-00341 | 3.888 | 4.313 | 0.0 | COMPRESSION_STABLE_ALIGNED | COMMIT_STUDENT_WEIGHT_ADJUSTMENT | 200
DIST-00342 | 3.512 | 3.862 | 0.0 | COMPRESSION_STABLE_ALIGNED | COMMIT_STUDENT_WEIGHT_ADJUSTMENT | 200
DIST-00343 | 2.154 | 2.569 | 0.0 | COMPRESSION_STABLE_ALIGNED | COMMIT_STUDENT_WEIGHT_ADJUSTMENT | 200
DIST-00344 | 4.234 | 3.507 | 0.5688 | COMPRESSION_STABLE_ALIGNED | COMMIT_STUDENT_WEIGHT_ADJUSTMENT | 200
DIST-00345 | 3.237 | 0.504 | 2.3823 | ENTROPY_DRIFT_DIVERGENCE_HAZARD | TRIGGER_DYNAMIC_LOSS_WEIGHT_RESCALE | 422
DIST-00346 | 7.341 | 5.735 | 1.0976 | COMPRESSION_STABLE_ALIGNED | COMMIT_STUDENT_WEIGHT_ADJUSTMENT | 200
DIST-00347 | 5.036 | 3.007 | 1.7474 | ENTROPY_DRIFT_DIVERGENCE_HAZARD | TRIGGER_DYNAMIC_LOSS_WEIGHT_RESCALE | 422
DIST-00348 | 2.162 | -0.734 | 2.2492 | ENTROPY_DRIFT_DIVERGENCE_HAZARD | TRIGGER_DYNAMIC_LOSS_WEIGHT_RESCALE | 422
DIST-00349 | 7.866 | 6.075 | 1.1324 | COMPRESSION_STABLE_ALIGNED | COMMIT_STUDENT_WEIGHT_ADJUSTMENT | 200
DIST-00350 | 4.744 | 2.073 | 2.4633 | ENTROPY_DRIFT_DIVERGENCE_HAZARD | TRIGGER_DYNAMIC_LOSS_WEIGHT_RESCALE | 422
DIST-00351 | 1.632 | -0.121 | 1.2305 | COMPRESSION_STABLE_ALIGNED | COMMIT_STUDENT_WEIGHT_ADJUSTMENT | 200
DIST-00352 | 7.178 | 7.668 | 0.0 | COMPRESSION_STABLE_ALIGNED | COMMIT_STUDENT_WEIGHT_ADJUSTMENT | 200
DIST-00353 | 8.077 | 7.978 | 0.0662 | COMPRESSION_STABLE_ALIGNED | COMMIT_STUDENT_WEIGHT_ADJUSTMENT | 200
DIST-00354 | 4.384 | 1.892 | 2.2648 | ENTROPY_DRIFT_DIVERGENCE_HAZARD | TRIGGER_DYNAMIC_LOSS_WEIGHT_RESCALE | 422
DIST-00355 | 6.151 | 3.924 | 1.8642 | ENTROPY_DRIFT_DIVERGENCE_HAZARD | TRIGGER_DYNAMIC_LOSS_WEIGHT_RESCALE | 422
DIST-00356 | 7.875 | 4.965 | 2.1148 | ENTROPY_DRIFT_DIVERGENCE_HAZARD | TRIGGER_DYNAMIC_LOSS_WEIGHT_RESCALE | 422
DIST-00357 | 4.919 | 4.432 | 0.3732 | COMPRESSION_STABLE_ALIGNED | COMMIT_STUDENT_WEIGHT_ADJUSTMENT | 200
DIST-00358 | 5.818 | 3.036 | 2.5064 | ENTROPY_DRIFT_DIVERGENCE_HAZARD | TRIGGER_DYNAMIC_LOSS_WEIGHT_RESCALE | 422
DIST-00359 | 2.412 | -0.034 | 1.9539 | ENTROPY_DRIFT_DIVERGENCE_HAZARD | TRIGGER_DYNAMIC_LOSS_WEIGHT_RESCALE | 422
DIST-00360 | 5.191 | 4.113 | 0.8456 | COMPRESSION_STABLE_ALIGNED | COMMIT_STUDENT_WEIGHT_ADJUSTMENT | 200
DIST-00361 | 7.470 | 7.342 | 0.0809 | COMPRESSION_STABLE_ALIGNED | COMMIT_STUDENT_WEIGHT_ADJUSTMENT | 200
DIST-00362 | 6.615 | 5.570 | 0.7664 | COMPRESSION_STABLE_ALIGNED | COMMIT_STUDENT_WEIGHT_ADJUSTMENT | 200
DIST-00363 | 1.551 | 0.776 | 0.5112 | COMPRESSION_STABLE_ALIGNED | COMMIT_STUDENT_WEIGHT_ADJUSTMENT | 200
DIST-00364 | 2.613 | 2.095 | 0.3882 | COMPRESSION_STABLE_ALIGNED | COMMIT_STUDENT_WEIGHT_ADJUSTMENT | 200
DIST-00365 | 7.780 | 6.085 | 1.1016 | COMPRESSION_STABLE_ALIGNED | COMMIT_STUDENT_WEIGHT_ADJUSTMENT | 200
DIST-00366 | 6.407 | 5.977 | 0.2819 | COMPRESSION_STABLE_ALIGNED | COMMIT_STUDENT_WEIGHT_ADJUSTMENT | 200
DIST-00367 | 3.187 | 0.168 | 2.6744 | ENTROPY_DRIFT_DIVERGENCE_HAZARD | TRIGGER_DYNAMIC_LOSS_WEIGHT_RESCALE | 422
DIST-00368 | 7.424 | 5.809 | 1.0867 | COMPRESSION_STABLE_ALIGNED | COMMIT_STUDENT_WEIGHT_ADJUSTMENT | 200
DIST-00369 | 5.896 | 4.936 | 0.7248 | COMPRESSION_STABLE_ALIGNED | COMMIT_STUDENT_WEIGHT_ADJUSTMENT | 200
DIST-00370 | 8.282 | 7.665 | 0.2984 | COMPRESSION_STABLE_ALIGNED | COMMIT_STUDENT_WEIGHT_ADJUSTMENT | 200
DIST-00371 | 3.403 | 2.777 | 0.4869 | COMPRESSION_STABLE_ALIGNED | COMMIT_STUDENT_WEIGHT_ADJUSTMENT | 200
DIST-00372 | 4.780 | 3.335 | 1.222 | COMPRESSION_STABLE_ALIGNED | COMMIT_STUDENT_WEIGHT_ADJUSTMENT | 200
DIST-00373 | 2.359 | 1.571 | 0.6032 | COMPRESSION_STABLE_ALIGNED | COMMIT_STUDENT_WEIGHT_ADJUSTMENT | 200
DIST-00374 | 7.422 | 5.772 | 1.1344 | COMPRESSION_STABLE_ALIGNED | COMMIT_STUDENT_WEIGHT_ADJUSTMENT | 200
DIST-00375 | 3.470 | 1.028 | 2.1809 | ENTROPY_DRIFT_DIVERGENCE_HAZARD | TRIGGER_DYNAMIC_LOSS_WEIGHT_RESCALE | 422
DIST-00376 | 7.165 | 4.679 | 1.9045 | ENTROPY_DRIFT_DIVERGENCE_HAZARD | TRIGGER_DYNAMIC_LOSS_WEIGHT_RESCALE | 422
DIST-00377 | 3.776 | 2.928 | 0.696 | COMPRESSION_STABLE_ALIGNED | COMMIT_STUDENT_WEIGHT_ADJUSTMENT | 200
DIST-00378 | 8.319 | 5.546 | 1.8631 | ENTROPY_DRIFT_DIVERGENCE_HAZARD | TRIGGER_DYNAMIC_LOSS_WEIGHT_RESCALE | 422
DIST-00379 | 6.347 | 3.636 | 2.3851 | ENTROPY_DRIFT_DIVERGENCE_HAZARD | TRIGGER_DYNAMIC_LOSS_WEIGHT_RESCALE | 422
DIST-00380 | 2.347 | 1.811 | 0.3689 | COMPRESSION_STABLE_ALIGNED | COMMIT_STUDENT_WEIGHT_ADJUSTMENT | 200
DIST-00381 | 6.611 | 5.477 | 0.7896 | COMPRESSION_STABLE_ALIGNED | COMMIT_STUDENT_WEIGHT_ADJUSTMENT | 200
DIST-00382 | 7.434 | 6.633 | 0.4749 | COMPRESSION_STABLE_ALIGNED | COMMIT_STUDENT_WEIGHT_ADJUSTMENT | 200
DIST-00383 | 8.483 | 7.943 | 0.2188 | COMPRESSION_STABLE_ALIGNED | COMMIT_STUDENT_WEIGHT_ADJUSTMENT | 200
DIST-00384 | 1.987 | 1.563 | 0.2809 | COMPRESSION_STABLE_ALIGNED | COMMIT_STUDENT_WEIGHT_ADJUSTMENT | 200
DIST-00385 | 3.057 | 1.950 | 0.856 | COMPRESSION_STABLE_ALIGNED | COMMIT_STUDENT_WEIGHT_ADJUSTMENT | 200
DIST-00386 | 4.181 | 1.175 | 2.8184 | ENTROPY_DRIFT_DIVERGENCE_HAZARD | TRIGGER_DYNAMIC_LOSS_WEIGHT_RESCALE | 422
DIST-00387 | 5.372 | 4.207 | 0.9374 | COMPRESSION_STABLE_ALIGNED | COMMIT_STUDENT_WEIGHT_ADJUSTMENT | 200
DIST-00388 | 7.745 | 7.617 | 0.1053 | COMPRESSION_STABLE_ALIGNED | COMMIT_STUDENT_WEIGHT_ADJUSTMENT | 200
DIST-00389 | 5.031 | 2.040 | 2.8427 | ENTROPY_DRIFT_DIVERGENCE_HAZARD | TRIGGER_DYNAMIC_LOSS_WEIGHT_RESCALE | 422
DIST-00390 | 5.492 | 4.378 | 0.8678 | COMPRESSION_STABLE_ALIGNED | COMMIT_STUDENT_WEIGHT_ADJUSTMENT | 200
DIST-00391 | 5.728 | 6.194 | 0.0 | COMPRESSION_STABLE_ALIGNED | COMMIT_STUDENT_WEIGHT_ADJUSTMENT | 200
DIST-00392 | 5.837 | 3.282 | 2.2675 | ENTROPY_DRIFT_DIVERGENCE_HAZARD | TRIGGER_DYNAMIC_LOSS_WEIGHT_RESCALE | 422
DIST-00393 | 1.833 | 0.118 | 1.2038 | COMPRESSION_STABLE_ALIGNED | COMMIT_STUDENT_WEIGHT_ADJUSTMENT | 200
DIST-00394 | 5.472 | 4.277 | 0.9881 | COMPRESSION_STABLE_ALIGNED | COMMIT_STUDENT_WEIGHT_ADJUSTMENT | 200
DIST-00395 | 4.297 | 1.841 | 2.25 | ENTROPY_DRIFT_DIVERGENCE_HAZARD | TRIGGER_DYNAMIC_LOSS_WEIGHT_RESCALE | 422
DIST-00396 | 7.422 | 5.300 | 1.5073 | ENTROPY_DRIFT_DIVERGENCE_HAZARD | TRIGGER_DYNAMIC_LOSS_WEIGHT_RESCALE | 422
DIST-00397 | 8.347 | 7.915 | 0.1775 | COMPRESSION_STABLE_ALIGNED | COMMIT_STUDENT_WEIGHT_ADJUSTMENT | 200
DIST-00398 | 3.710 | 3.265 | 0.3721 | COMPRESSION_STABLE_ALIGNED | COMMIT_STUDENT_WEIGHT_ADJUSTMENT | 200
DIST-00399 | 4.103 | 4.176 | 0.0 | COMPRESSION_STABLE_ALIGNED | COMMIT_STUDENT_WEIGHT_ADJUSTMENT | 200
DIST-00400 | 3.698 | 1.283 | 2.1628 | ENTROPY_DRIFT_DIVERGENCE_HAZARD | TRIGGER_DYNAMIC_LOSS_WEIGHT_RESCALE | 422
DIST-00401 | 5.377 | 3.710 | 1.3625 | ENTROPY_DRIFT_DIVERGENCE_HAZARD | TRIGGER_DYNAMIC_LOSS_WEIGHT_RESCALE | 422
DIST-00402 | 4.217 | 3.373 | 0.6665 | COMPRESSION_STABLE_ALIGNED | COMMIT_STUDENT_WEIGHT_ADJUSTMENT | 200
DIST-00403 | 5.205 | 5.556 | 0.0 | COMPRESSION_STABLE_ALIGNED | COMMIT_STUDENT_WEIGHT_ADJUSTMENT | 200
DIST-00404 | 6.979 | 6.700 | 0.1723 | COMPRESSION_STABLE_ALIGNED | COMMIT_STUDENT_WEIGHT_ADJUSTMENT | 200
DIST-00405 | 7.897 | 6.831 | 0.61 | COMPRESSION_STABLE_ALIGNED | COMMIT_STUDENT_WEIGHT_ADJUSTMENT | 200
DIST-00406 | 4.233 | 3.438 | 0.6487 | COMPRESSION_STABLE_ALIGNED | COMMIT_STUDENT_WEIGHT_ADJUSTMENT | 200
DIST-00407 | 7.890 | 5.893 | 1.2854 | ENTROPY_DRIFT_DIVERGENCE_HAZARD | TRIGGER_DYNAMIC_LOSS_WEIGHT_RESCALE | 422
DIST-00408 | 6.888 | 4.843 | 1.5541 | ENTROPY_DRIFT_DIVERGENCE_HAZARD | TRIGGER_DYNAMIC_LOSS_WEIGHT_RESCALE | 422
DIST-00409 | 5.651 | 4.361 | 1.0261 | COMPRESSION_STABLE_ALIGNED | COMMIT_STUDENT_WEIGHT_ADJUSTMENT | 200
DIST-00410 | 5.978 | 4.600 | 1.086 | COMPRESSION_STABLE_ALIGNED | COMMIT_STUDENT_WEIGHT_ADJUSTMENT | 200
DIST-00411 | 8.436 | 6.327 | 1.2845 | ENTROPY_DRIFT_DIVERGENCE_HAZARD | TRIGGER_DYNAMIC_LOSS_WEIGHT_RESCALE | 422
DIST-00412 | 4.021 | 1.615 | 2.1362 | ENTROPY_DRIFT_DIVERGENCE_HAZARD | TRIGGER_DYNAMIC_LOSS_WEIGHT_RESCALE | 422
DIST-00413 | 6.281 | 4.519 | 1.3605 | ENTROPY_DRIFT_DIVERGENCE_HAZARD | TRIGGER_DYNAMIC_LOSS_WEIGHT_RESCALE | 422
DIST-00414 | 3.788 | 2.293 | 1.2777 | ENTROPY_DRIFT_DIVERGENCE_HAZARD | TRIGGER_DYNAMIC_LOSS_WEIGHT_RESCALE | 422
DIST-00415 | 3.753 | 1.917 | 1.5785 | ENTROPY_DRIFT_DIVERGENCE_HAZARD | TRIGGER_DYNAMIC_LOSS_WEIGHT_RESCALE | 422
DIST-00416 | 7.298 | 3.834 | 2.9123 | ENTROPY_DRIFT_DIVERGENCE_HAZARD | TRIGGER_DYNAMIC_LOSS_WEIGHT_RESCALE | 422
DIST-00417 | 4.176 | 3.887 | 0.2531 | COMPRESSION_STABLE_ALIGNED | COMMIT_STUDENT_WEIGHT_ADJUSTMENT | 200
DIST-00418 | 3.141 | 0.624 | 2.1638 | ENTROPY_DRIFT_DIVERGENCE_HAZARD | TRIGGER_DYNAMIC_LOSS_WEIGHT_RESCALE | 422
DIST-00419 | 8.332 | 8.389 | 0.0 | COMPRESSION_STABLE_ALIGNED | COMMIT_STUDENT_WEIGHT_ADJUSTMENT | 200
DIST-00420 | 3.779 | 2.123 | 1.4034 | ENTROPY_DRIFT_DIVERGENCE_HAZARD | TRIGGER_DYNAMIC_LOSS_WEIGHT_RESCALE | 422
DIST-00421 | 6.177 | 2.765 | 3.227 | ENTROPY_DRIFT_DIVERGENCE_HAZARD | TRIGGER_DYNAMIC_LOSS_WEIGHT_RESCALE | 422
DIST-00422 | 6.627 | 4.378 | 1.8392 | ENTROPY_DRIFT_DIVERGENCE_HAZARD | TRIGGER_DYNAMIC_LOSS_WEIGHT_RESCALE | 422
DIST-00423 | 2.839 | 3.160 | 0.0 | COMPRESSION_STABLE_ALIGNED | COMMIT_STUDENT_WEIGHT_ADJUSTMENT | 200
DIST-00424 | 6.788 | 3.937 | 2.4124 | ENTROPY_DRIFT_DIVERGENCE_HAZARD | TRIGGER_DYNAMIC_LOSS_WEIGHT_RESCALE | 422
DIST-00425 | 2.487 | 0.768 | 1.3464 | ENTROPY_DRIFT_DIVERGENCE_HAZARD | TRIGGER_DYNAMIC_LOSS_WEIGHT_RESCALE | 422
DIST-00426 | 6.695 | 6.581 | 0.0986 | COMPRESSION_STABLE_ALIGNED | COMMIT_STUDENT_WEIGHT_ADJUSTMENT | 200
DIST-00427 | 7.503 | 7.210 | 0.1457 | COMPRESSION_STABLE_ALIGNED | COMMIT_STUDENT_WEIGHT_ADJUSTMENT | 200
DIST-00428 | 1.932 | 0.439 | 1.0881 | COMPRESSION_STABLE_ALIGNED | COMMIT_STUDENT_WEIGHT_ADJUSTMENT | 200
DIST-00429 | 2.579 | -0.574 | 2.6587 | ENTROPY_DRIFT_DIVERGENCE_HAZARD | TRIGGER_DYNAMIC_LOSS_WEIGHT_RESCALE | 422
DIST-00430 | 7.656 | 4.411 | 2.5214 | ENTROPY_DRIFT_DIVERGENCE_HAZARD | TRIGGER_DYNAMIC_LOSS_WEIGHT_RESCALE | 422
DIST-00431 | 1.821 | 1.826 | 0.0 | COMPRESSION_STABLE_ALIGNED | COMMIT_STUDENT_WEIGHT_ADJUSTMENT | 200
DIST-00432 | 7.139 | 5.270 | 1.309 | ENTROPY_DRIFT_DIVERGENCE_HAZARD | TRIGGER_DYNAMIC_LOSS_WEIGHT_RESCALE | 422
DIST-00433 | 2.468 | 1.469 | 0.7402 | COMPRESSION_STABLE_ALIGNED | COMMIT_STUDENT_WEIGHT_ADJUSTMENT | 200
DIST-00434 | 4.590 | 1.881 | 2.5242 | ENTROPY_DRIFT_DIVERGENCE_HAZARD | TRIGGER_DYNAMIC_LOSS_WEIGHT_RESCALE | 422
DIST-00435 | 6.537 | 6.663 | 0.0 | COMPRESSION_STABLE_ALIGNED | COMMIT_STUDENT_WEIGHT_ADJUSTMENT | 200
DIST-00436 | 3.981 | 3.888 | 0.0719 | COMPRESSION_STABLE_ALIGNED | COMMIT_STUDENT_WEIGHT_ADJUSTMENT | 200
DIST-00437 | 4.205 | 3.218 | 0.8353 | COMPRESSION_STABLE_ALIGNED | COMMIT_STUDENT_WEIGHT_ADJUSTMENT | 200
DIST-00438 | 3.492 | 0.226 | 2.9672 | ENTROPY_DRIFT_DIVERGENCE_HAZARD | TRIGGER_DYNAMIC_LOSS_WEIGHT_RESCALE | 422
DIST-00439 | 2.645 | 0.853 | 1.3835 | ENTROPY_DRIFT_DIVERGENCE_HAZARD | TRIGGER_DYNAMIC_LOSS_WEIGHT_RESCALE | 422
DIST-00440 | 6.611 | 5.798 | 0.556 | COMPRESSION_STABLE_ALIGNED | COMMIT_STUDENT_WEIGHT_ADJUSTMENT | 200
DIST-00441 | 1.665 | 0.552 | 0.768 | COMPRESSION_STABLE_ALIGNED | COMMIT_STUDENT_WEIGHT_ADJUSTMENT | 200
DIST-00442 | 5.519 | 5.011 | 0.376 | COMPRESSION_STABLE_ALIGNED | COMMIT_STUDENT_WEIGHT_ADJUSTMENT | 200
DIST-00443 | 6.942 | 4.674 | 1.7168 | ENTROPY_DRIFT_DIVERGENCE_HAZARD | TRIGGER_DYNAMIC_LOSS_WEIGHT_RESCALE | 422
DIST-00444 | 4.421 | 2.053 | 2.1354 | ENTROPY_DRIFT_DIVERGENCE_HAZARD | TRIGGER_DYNAMIC_LOSS_WEIGHT_RESCALE | 422
DIST-00445 | 6.738 | 5.071 | 1.2132 | COMPRESSION_STABLE_ALIGNED | COMMIT_STUDENT_WEIGHT_ADJUSTMENT | 200
DIST-00446 | 1.793 | 1.941 | 0.0 | COMPRESSION_STABLE_ALIGNED | COMMIT_STUDENT_WEIGHT_ADJUSTMENT | 200
DIST-00447 | 8.078 | 5.561 | 1.7105 | ENTROPY_DRIFT_DIVERGENCE_HAZARD | TRIGGER_DYNAMIC_LOSS_WEIGHT_RESCALE | 422
DIST-00448 | 8.499 | 5.196 | 2.2774 | ENTROPY_DRIFT_DIVERGENCE_HAZARD | TRIGGER_DYNAMIC_LOSS_WEIGHT_RESCALE | 422
DIST-00449 | 8.114 | 4.857 | 2.3901 | ENTROPY_DRIFT_DIVERGENCE_HAZARD | TRIGGER_DYNAMIC_LOSS_WEIGHT_RESCALE | 422
DIST-00450 | 4.083 | 1.962 | 1.8498 | ENTROPY_DRIFT_DIVERGENCE_HAZARD | TRIGGER_DYNAMIC_LOSS_WEIGHT_RESCALE | 422
DIST-00451 | 4.833 | 4.602 | 0.1719 | COMPRESSION_STABLE_ALIGNED | COMMIT_STUDENT_WEIGHT_ADJUSTMENT | 200
DIST-00452 | 1.993 | 1.723 | 0.2031 | COMPRESSION_STABLE_ALIGNED | COMMIT_STUDENT_WEIGHT_ADJUSTMENT | 200
DIST-00453 | 2.165 | 0.738 | 1.0332 | COMPRESSION_STABLE_ALIGNED | COMMIT_STUDENT_WEIGHT_ADJUSTMENT | 200
DIST-00454 | 3.400 | 0.092 | 3.0278 | ENTROPY_DRIFT_DIVERGENCE_HAZARD | TRIGGER_DYNAMIC_LOSS_WEIGHT_RESCALE | 422
DIST-00455 | 7.747 | 6.484 | 0.761 | COMPRESSION_STABLE_ALIGNED | COMMIT_STUDENT_WEIGHT_ADJUSTMENT | 200
DIST-00456 | 7.865 | 8.292 | 0.0 | COMPRESSION_STABLE_ALIGNED | COMMIT_STUDENT_WEIGHT_ADJUSTMENT | 200
DIST-00457 | 3.868 | 2.617 | 1.03 | COMPRESSION_STABLE_ALIGNED | COMMIT_STUDENT_WEIGHT_ADJUSTMENT | 200
DIST-00458 | 6.702 | 6.191 | 0.3136 | COMPRESSION_STABLE_ALIGNED | COMMIT_STUDENT_WEIGHT_ADJUSTMENT | 200
DIST-00459 | 6.046 | 2.817 | 2.9804 | ENTROPY_DRIFT_DIVERGENCE_HAZARD | TRIGGER_DYNAMIC_LOSS_WEIGHT_RESCALE | 422
DIST-00460 | 2.472 | 1.383 | 0.7922 | COMPRESSION_STABLE_ALIGNED | COMMIT_STUDENT_WEIGHT_ADJUSTMENT | 200
DIST-00461 | 4.557 | 3.576 | 0.8342 | COMPRESSION_STABLE_ALIGNED | COMMIT_STUDENT_WEIGHT_ADJUSTMENT | 200
DIST-00462 | 6.038 | 2.988 | 2.7839 | ENTROPY_DRIFT_DIVERGENCE_HAZARD | TRIGGER_DYNAMIC_LOSS_WEIGHT_RESCALE | 422
DIST-00463 | 1.538 | -1.298 | 2.0165 | ENTROPY_DRIFT_DIVERGENCE_HAZARD | TRIGGER_DYNAMIC_LOSS_WEIGHT_RESCALE | 422
DIST-00464 | 6.753 | 6.120 | 0.4218 | COMPRESSION_STABLE_ALIGNED | COMMIT_STUDENT_WEIGHT_ADJUSTMENT | 200
DIST-00465 | 3.469 | 1.912 | 1.2906 | ENTROPY_DRIFT_DIVERGENCE_HAZARD | TRIGGER_DYNAMIC_LOSS_WEIGHT_RESCALE | 422
DIST-00466 | 4.260 | 1.013 | 3.0913 | ENTROPY_DRIFT_DIVERGENCE_HAZARD | TRIGGER_DYNAMIC_LOSS_WEIGHT_RESCALE | 422
DIST-00467 | 3.946 | 3.871 | 0.0687 | COMPRESSION_STABLE_ALIGNED | COMMIT_STUDENT_WEIGHT_ADJUSTMENT | 200
DIST-00468 | 7.914 | 7.714 | 0.1187 | COMPRESSION_STABLE_ALIGNED | COMMIT_STUDENT_WEIGHT_ADJUSTMENT | 200
DIST-00469 | 1.646 | -0.067 | 1.1867 | COMPRESSION_STABLE_ALIGNED | COMMIT_STUDENT_WEIGHT_ADJUSTMENT | 200
DIST-00470 | 6.948 | 6.517 | 0.2581 | COMPRESSION_STABLE_ALIGNED | COMMIT_STUDENT_WEIGHT_ADJUSTMENT | 200
DIST-00471 | 6.381 | 4.615 | 1.3752 | ENTROPY_DRIFT_DIVERGENCE_HAZARD | TRIGGER_DYNAMIC_LOSS_WEIGHT_RESCALE | 422
DIST-00472 | 1.542 | -0.995 | 1.7546 | ENTROPY_DRIFT_DIVERGENCE_HAZARD | TRIGGER_DYNAMIC_LOSS_WEIGHT_RESCALE | 422
DIST-00473 | 3.994 | 0.737 | 3.0446 | ENTROPY_DRIFT_DIVERGENCE_HAZARD | TRIGGER_DYNAMIC_LOSS_WEIGHT_RESCALE | 422
DIST-00474 | 3.980 | 1.886 | 1.8658 | ENTROPY_DRIFT_DIVERGENCE_HAZARD | TRIGGER_DYNAMIC_LOSS_WEIGHT_RESCALE | 422
DIST-00475 | 7.010 | 4.485 | 2.0295 | ENTROPY_DRIFT_DIVERGENCE_HAZARD | TRIGGER_DYNAMIC_LOSS_WEIGHT_RESCALE | 422
DIST-00476 | 4.585 | 4.789 | 0.0 | COMPRESSION_STABLE_ALIGNED | COMMIT_STUDENT_WEIGHT_ADJUSTMENT | 200
DIST-00477 | 5.820 | 5.563 | 0.1926 | COMPRESSION_STABLE_ALIGNED | COMMIT_STUDENT_WEIGHT_ADJUSTMENT | 200
DIST-00478 | 5.181 | 4.404 | 0.6109 | COMPRESSION_STABLE_ALIGNED | COMMIT_STUDENT_WEIGHT_ADJUSTMENT | 200
DIST-00479 | 8.238 | 6.723 | 0.9374 | COMPRESSION_STABLE_ALIGNED | COMMIT_STUDENT_WEIGHT_ADJUSTMENT | 200
DIST-00480 | 6.363 | 4.938 | 1.0993 | COMPRESSION_STABLE_ALIGNED | COMMIT_STUDENT_WEIGHT_ADJUSTMENT | 200
DIST-00481 | 6.185 | 3.800 | 2.02 | ENTROPY_DRIFT_DIVERGENCE_HAZARD | TRIGGER_DYNAMIC_LOSS_WEIGHT_RESCALE | 422
DIST-00482 | 2.102 | 2.396 | 0.0 | COMPRESSION_STABLE_ALIGNED | COMMIT_STUDENT_WEIGHT_ADJUSTMENT | 200
DIST-00483 | 5.518 | 2.949 | 2.2805 | ENTROPY_DRIFT_DIVERGENCE_HAZARD | TRIGGER_DYNAMIC_LOSS_WEIGHT_RESCALE | 422
DIST-00484 | 4.123 | 3.988 | 0.1064 | COMPRESSION_STABLE_ALIGNED | COMMIT_STUDENT_WEIGHT_ADJUSTMENT | 200
DIST-00485 | 5.450 | 5.766 | 0.0 | COMPRESSION_STABLE_ALIGNED | COMMIT_STUDENT_WEIGHT_ADJUSTMENT | 200
DIST-00486 | 6.300 | 3.378 | 2.556 | ENTROPY_DRIFT_DIVERGENCE_HAZARD | TRIGGER_DYNAMIC_LOSS_WEIGHT_RESCALE | 422
DIST-00487 | 4.451 | 1.937 | 2.2806 | ENTROPY_DRIFT_DIVERGENCE_HAZARD | TRIGGER_DYNAMIC_LOSS_WEIGHT_RESCALE | 422
DIST-00488 | 5.012 | 4.039 | 0.7555 | COMPRESSION_STABLE_ALIGNED | COMMIT_STUDENT_WEIGHT_ADJUSTMENT | 200
DIST-00489 | 6.276 | 5.694 | 0.4385 | COMPRESSION_STABLE_ALIGNED | COMMIT_STUDENT_WEIGHT_ADJUSTMENT | 200
DIST-00490 | 4.250 | 4.406 | 0.0 | COMPRESSION_STABLE_ALIGNED | COMMIT_STUDENT_WEIGHT_ADJUSTMENT | 200
DIST-00491 | 8.238 | 7.944 | 0.1442 | COMPRESSION_STABLE_ALIGNED | COMMIT_STUDENT_WEIGHT_ADJUSTMENT | 200
DIST-00492 | 3.808 | 2.234 | 1.3561 | ENTROPY_DRIFT_DIVERGENCE_HAZARD | TRIGGER_DYNAMIC_LOSS_WEIGHT_RESCALE | 422
DIST-00493 | 2.150 | -0.632 | 2.1759 | ENTROPY_DRIFT_DIVERGENCE_HAZARD | TRIGGER_DYNAMIC_LOSS_WEIGHT_RESCALE | 422
DIST-00494 | 4.594 | 1.281 | 3.1807 | ENTROPY_DRIFT_DIVERGENCE_HAZARD | TRIGGER_DYNAMIC_LOSS_WEIGHT_RESCALE | 422
DIST-00495 | 7.621 | 5.674 | 1.3535 | ENTROPY_DRIFT_DIVERGENCE_HAZARD | TRIGGER_DYNAMIC_LOSS_WEIGHT_RESCALE | 422
DIST-00496 | 6.884 | 5.967 | 0.6247 | COMPRESSION_STABLE_ALIGNED | COMMIT_STUDENT_WEIGHT_ADJUSTMENT | 200
DIST-00497 | 6.888 | 5.500 | 0.9599 | COMPRESSION_STABLE_ALIGNED | COMMIT_STUDENT_WEIGHT_ADJUSTMENT | 200
DIST-00498 | 3.191 | 3.499 | 0.0 | COMPRESSION_STABLE_ALIGNED | COMMIT_STUDENT_WEIGHT_ADJUSTMENT | 200
DIST-00499 | 1.918 | -1.138 | 2.3198 | ENTROPY_DRIFT_DIVERGENCE_HAZARD | TRIGGER_DYNAMIC_LOSS_WEIGHT_RESCALE | 422
DIST-00500 | 7.639 | 6.359 | 0.7706 | COMPRESSION_STABLE_ALIGNED | COMMIT_STUDENT_WEIGHT_ADJUSTMENT | 200
DIST-00501 | 7.272 | 6.801 | 0.3008 | COMPRESSION_STABLE_ALIGNED | COMMIT_STUDENT_WEIGHT_ADJUSTMENT | 200
DIST-00502 | 4.878 | 2.496 | 2.1897 | ENTROPY_DRIFT_DIVERGENCE_HAZARD | TRIGGER_DYNAMIC_LOSS_WEIGHT_RESCALE | 422
DIST-00503 | 5.072 | 2.981 | 1.8088 | ENTROPY_DRIFT_DIVERGENCE_HAZARD | TRIGGER_DYNAMIC_LOSS_WEIGHT_RESCALE | 422
DIST-00504 | 6.398 | 6.304 | 0.0723 | COMPRESSION_STABLE_ALIGNED | COMMIT_STUDENT_WEIGHT_ADJUSTMENT | 200
DIST-00505 | 3.981 | 2.465 | 1.2656 | ENTROPY_DRIFT_DIVERGENCE_HAZARD | TRIGGER_DYNAMIC_LOSS_WEIGHT_RESCALE | 422
DIST-00506 | 1.947 | -0.398 | 1.7442 | ENTROPY_DRIFT_DIVERGENCE_HAZARD | TRIGGER_DYNAMIC_LOSS_WEIGHT_RESCALE | 422
DIST-00507 | 7.264 | 5.163 | 1.5206 | ENTROPY_DRIFT_DIVERGENCE_HAZARD | TRIGGER_DYNAMIC_LOSS_WEIGHT_RESCALE | 422
DIST-00508 | 6.705 | 6.657 | 0.0119 | COMPRESSION_STABLE_ALIGNED | COMMIT_STUDENT_WEIGHT_ADJUSTMENT | 200
DIST-00509 | 1.520 | 0.044 | 1.004 | COMPRESSION_STABLE_ALIGNED | COMMIT_STUDENT_WEIGHT_ADJUSTMENT | 200
DIST-00510 | 2.674 | 2.848 | 0.0 | COMPRESSION_STABLE_ALIGNED | COMMIT_STUDENT_WEIGHT_ADJUSTMENT | 200
DIST-00511 | 4.987 | 5.376 | 0.0 | COMPRESSION_STABLE_ALIGNED | COMMIT_STUDENT_WEIGHT_ADJUSTMENT | 200
DIST-00512 | 7.968 | 8.310 | 0.0 | COMPRESSION_STABLE_ALIGNED | COMMIT_STUDENT_WEIGHT_ADJUSTMENT | 200
DIST-00513 | 8.094 | 8.246 | 0.0 | COMPRESSION_STABLE_ALIGNED | COMMIT_STUDENT_WEIGHT_ADJUSTMENT | 200
DIST-00514 | 8.084 | 4.695 | 2.5305 | ENTROPY_DRIFT_DIVERGENCE_HAZARD | TRIGGER_DYNAMIC_LOSS_WEIGHT_RESCALE | 422
DIST-00515 | 4.549 | 2.653 | 1.6428 | ENTROPY_DRIFT_DIVERGENCE_HAZARD | TRIGGER_DYNAMIC_LOSS_WEIGHT_RESCALE | 422
DIST-00516 | 5.736 | 4.827 | 0.7057 | COMPRESSION_STABLE_ALIGNED | COMMIT_STUDENT_WEIGHT_ADJUSTMENT | 200
DIST-00517 | 5.712 | 2.873 | 2.6006 | ENTROPY_DRIFT_DIVERGENCE_HAZARD | TRIGGER_DYNAMIC_LOSS_WEIGHT_RESCALE | 422
DIST-00518 | 1.589 | 1.103 | 0.2993 | COMPRESSION_STABLE_ALIGNED | COMMIT_STUDENT_WEIGHT_ADJUSTMENT | 200
DIST-00519 | 3.200 | 0.545 | 2.3086 | ENTROPY_DRIFT_DIVERGENCE_HAZARD | TRIGGER_DYNAMIC_LOSS_WEIGHT_RESCALE | 422
DIST-00520 | 7.703 | 4.326 | 2.6974 | ENTROPY_DRIFT_DIVERGENCE_HAZARD | TRIGGER_DYNAMIC_LOSS_WEIGHT_RESCALE | 422
DIST-00521 | 1.676 | 1.065 | 0.3746 | COMPRESSION_STABLE_ALIGNED | COMMIT_STUDENT_WEIGHT_ADJUSTMENT | 200
DIST-00522 | 4.264 | 1.712 | 2.3379 | ENTROPY_DRIFT_DIVERGENCE_HAZARD | TRIGGER_DYNAMIC_LOSS_WEIGHT_RESCALE | 422
DIST-00523 | 3.084 | 0.611 | 2.0952 | ENTROPY_DRIFT_DIVERGENCE_HAZARD | TRIGGER_DYNAMIC_LOSS_WEIGHT_RESCALE | 422
DIST-00524 | 2.923 | 1.078 | 1.5125 | ENTROPY_DRIFT_DIVERGENCE_HAZARD | TRIGGER_DYNAMIC_LOSS_WEIGHT_RESCALE | 422
DIST-00525 | 3.573 | 2.425 | 0.9159 | COMPRESSION_STABLE_ALIGNED | COMMIT_STUDENT_WEIGHT_ADJUSTMENT | 200
DIST-00526 | 7.733 | 4.840 | 2.128 | ENTROPY_DRIFT_DIVERGENCE_HAZARD | TRIGGER_DYNAMIC_LOSS_WEIGHT_RESCALE | 422
DIST-00527 | 6.274 | 5.991 | 0.1578 | COMPRESSION_STABLE_ALIGNED | COMMIT_STUDENT_WEIGHT_ADJUSTMENT | 200
DIST-00528 | 2.091 | 1.208 | 0.6301 | COMPRESSION_STABLE_ALIGNED | COMMIT_STUDENT_WEIGHT_ADJUSTMENT | 200
DIST-00529 | 6.830 | 3.455 | 2.9802 | ENTROPY_DRIFT_DIVERGENCE_HAZARD | TRIGGER_DYNAMIC_LOSS_WEIGHT_RESCALE | 422
DIST-00530 | 5.864 | 5.973 | 0.0 | COMPRESSION_STABLE_ALIGNED | COMMIT_STUDENT_WEIGHT_ADJUSTMENT | 200
DIST-00531 | 4.648 | 1.542 | 2.971 | ENTROPY_DRIFT_DIVERGENCE_HAZARD | TRIGGER_DYNAMIC_LOSS_WEIGHT_RESCALE | 422
DIST-00532 | 8.401 | 4.983 | 2.4177 | ENTROPY_DRIFT_DIVERGENCE_HAZARD | TRIGGER_DYNAMIC_LOSS_WEIGHT_RESCALE | 422
DIST-00533 | 7.761 | 7.577 | 0.0964 | COMPRESSION_STABLE_ALIGNED | COMMIT_STUDENT_WEIGHT_ADJUSTMENT | 200
DIST-00534 | 5.510 | 4.375 | 0.8717 | COMPRESSION_STABLE_ALIGNED | COMMIT_STUDENT_WEIGHT_ADJUSTMENT | 200
DIST-00535 | 3.280 | 0.691 | 2.2424 | ENTROPY_DRIFT_DIVERGENCE_HAZARD | TRIGGER_DYNAMIC_LOSS_WEIGHT_RESCALE | 422
DIST-00536 | 8.209 | 8.035 | 0.0858 | COMPRESSION_STABLE_ALIGNED | COMMIT_STUDENT_WEIGHT_ADJUSTMENT | 200
DIST-00537 | 3.093 | 0.767 | 1.9522 | ENTROPY_DRIFT_DIVERGENCE_HAZARD | TRIGGER_DYNAMIC_LOSS_WEIGHT_RESCALE | 422
DIST-00538 | 7.104 | 5.700 | 0.9575 | COMPRESSION_STABLE_ALIGNED | COMMIT_STUDENT_WEIGHT_ADJUSTMENT | 200
DIST-00539 | 5.594 | 2.867 | 2.4996 | ENTROPY_DRIFT_DIVERGENCE_HAZARD | TRIGGER_DYNAMIC_LOSS_WEIGHT_RESCALE | 422
DIST-00540 | 3.378 | 2.093 | 1.0316 | COMPRESSION_STABLE_ALIGNED | COMMIT_STUDENT_WEIGHT_ADJUSTMENT | 200
DIST-00541 | 2.201 | 1.762 | 0.326 | COMPRESSION_STABLE_ALIGNED | COMMIT_STUDENT_WEIGHT_ADJUSTMENT | 200
DIST-00542 | 7.477 | 7.625 | 0.0 | COMPRESSION_STABLE_ALIGNED | COMMIT_STUDENT_WEIGHT_ADJUSTMENT | 200
DIST-00543 | 6.410 | 6.861 | 0.0 | COMPRESSION_STABLE_ALIGNED | COMMIT_STUDENT_WEIGHT_ADJUSTMENT | 200
DIST-00544 | 5.558 | 4.378 | 0.9617 | COMPRESSION_STABLE_ALIGNED | COMMIT_STUDENT_WEIGHT_ADJUSTMENT | 200
DIST-00545 | 3.715 | 2.643 | 0.8196 | COMPRESSION_STABLE_ALIGNED | COMMIT_STUDENT_WEIGHT_ADJUSTMENT | 200
DIST-00546 | 7.446 | 4.090 | 2.7365 | ENTROPY_DRIFT_DIVERGENCE_HAZARD | TRIGGER_DYNAMIC_LOSS_WEIGHT_RESCALE | 422
DIST-00547 | 4.536 | 4.570 | 0.0 | COMPRESSION_STABLE_ALIGNED | COMMIT_STUDENT_WEIGHT_ADJUSTMENT | 200
DIST-00548 | 4.748 | 1.428 | 3.2073 | ENTROPY_DRIFT_DIVERGENCE_HAZARD | TRIGGER_DYNAMIC_LOSS_WEIGHT_RESCALE | 422
DIST-00549 | 7.551 | 6.687 | 0.5268 | COMPRESSION_STABLE_ALIGNED | COMMIT_STUDENT_WEIGHT_ADJUSTMENT | 200
DIST-00550 | 5.199 | 4.009 | 0.949 | COMPRESSION_STABLE_ALIGNED | COMMIT_STUDENT_WEIGHT_ADJUSTMENT | 200
DIST-00551 | 4.529 | 2.328 | 1.9667 | ENTROPY_DRIFT_DIVERGENCE_HAZARD | TRIGGER_DYNAMIC_LOSS_WEIGHT_RESCALE | 422
DIST-00552 | 3.148 | 2.418 | 0.5618 | COMPRESSION_STABLE_ALIGNED | COMMIT_STUDENT_WEIGHT_ADJUSTMENT | 200
DIST-00553 | 2.677 | 2.402 | 0.2238 | COMPRESSION_STABLE_ALIGNED | COMMIT_STUDENT_WEIGHT_ADJUSTMENT | 200
DIST-00554 | 2.259 | 0.906 | 1.0115 | COMPRESSION_STABLE_ALIGNED | COMMIT_STUDENT_WEIGHT_ADJUSTMENT | 200
DIST-00555 | 7.437 | 4.106 | 2.7353 | ENTROPY_DRIFT_DIVERGENCE_HAZARD | TRIGGER_DYNAMIC_LOSS_WEIGHT_RESCALE | 422
DIST-00556 | 2.450 | 2.703 | 0.0 | COMPRESSION_STABLE_ALIGNED | COMMIT_STUDENT_WEIGHT_ADJUSTMENT | 200
DIST-00557 | 7.007 | 4.601 | 1.8696 | ENTROPY_DRIFT_DIVERGENCE_HAZARD | TRIGGER_DYNAMIC_LOSS_WEIGHT_RESCALE | 422
DIST-00558 | 8.103 | 6.066 | 1.2831 | ENTROPY_DRIFT_DIVERGENCE_HAZARD | TRIGGER_DYNAMIC_LOSS_WEIGHT_RESCALE | 422
DIST-00559 | 7.540 | 4.655 | 2.2249 | ENTROPY_DRIFT_DIVERGENCE_HAZARD | TRIGGER_DYNAMIC_LOSS_WEIGHT_RESCALE | 422
DIST-00560 | 2.789 | -0.011 | 2.3522 | ENTROPY_DRIFT_DIVERGENCE_HAZARD | TRIGGER_DYNAMIC_LOSS_WEIGHT_RESCALE | 422
DIST-00561 | 6.950 | 5.566 | 0.9756 | COMPRESSION_STABLE_ALIGNED | COMMIT_STUDENT_WEIGHT_ADJUSTMENT | 200
DIST-00562 | 2.502 | 2.578 | 0.0 | COMPRESSION_STABLE_ALIGNED | COMMIT_STUDENT_WEIGHT_ADJUSTMENT | 200
DIST-00563 | 4.030 | 3.852 | 0.1528 | COMPRESSION_STABLE_ALIGNED | COMMIT_STUDENT_WEIGHT_ADJUSTMENT | 200
DIST-00564 | 5.869 | 3.589 | 1.9532 | ENTROPY_DRIFT_DIVERGENCE_HAZARD | TRIGGER_DYNAMIC_LOSS_WEIGHT_RESCALE | 422
DIST-00565 | 5.157 | 2.218 | 2.7826 | ENTROPY_DRIFT_DIVERGENCE_HAZARD | TRIGGER_DYNAMIC_LOSS_WEIGHT_RESCALE | 422
DIST-00566 | 2.465 | 1.026 | 1.0902 | COMPRESSION_STABLE_ALIGNED | COMMIT_STUDENT_WEIGHT_ADJUSTMENT | 200
DIST-00567 | 7.037 | 6.667 | 0.1865 | COMPRESSION_STABLE_ALIGNED | COMMIT_STUDENT_WEIGHT_ADJUSTMENT | 200
DIST-00568 | 2.330 | -0.854 | 2.5682 | ENTROPY_DRIFT_DIVERGENCE_HAZARD | TRIGGER_DYNAMIC_LOSS_WEIGHT_RESCALE | 422
DIST-00569 | 6.561 | 6.817 | 0.0 | COMPRESSION_STABLE_ALIGNED | COMMIT_STUDENT_WEIGHT_ADJUSTMENT | 200
DIST-00570 | 5.594 | 3.050 | 2.2699 | ENTROPY_DRIFT_DIVERGENCE_HAZARD | TRIGGER_DYNAMIC_LOSS_WEIGHT_RESCALE | 422
DIST-00571 | 8.441 | 7.797 | 0.3191 | COMPRESSION_STABLE_ALIGNED | COMMIT_STUDENT_WEIGHT_ADJUSTMENT | 200
DIST-00572 | 7.999 | 7.703 | 0.1859 | COMPRESSION_STABLE_ALIGNED | COMMIT_STUDENT_WEIGHT_ADJUSTMENT | 200
DIST-00573 | 8.120 | 8.468 | 0.0 | COMPRESSION_STABLE_ALIGNED | COMMIT_STUDENT_WEIGHT_ADJUSTMENT | 200
DIST-00574 | 1.512 | 0.408 | 0.7337 | COMPRESSION_STABLE_ALIGNED | COMMIT_STUDENT_WEIGHT_ADJUSTMENT | 200
DIST-00575 | 3.915 | 3.192 | 0.591 | COMPRESSION_STABLE_ALIGNED | COMMIT_STUDENT_WEIGHT_ADJUSTMENT | 200
DIST-00576 | 6.481 | 3.313 | 2.782 | ENTROPY_DRIFT_DIVERGENCE_HAZARD | TRIGGER_DYNAMIC_LOSS_WEIGHT_RESCALE | 422
DIST-00577 | 3.377 | 2.590 | 0.6225 | COMPRESSION_STABLE_ALIGNED | COMMIT_STUDENT_WEIGHT_ADJUSTMENT | 200
DIST-00578 | 5.144 | 2.254 | 2.7178 | ENTROPY_DRIFT_DIVERGENCE_HAZARD | TRIGGER_DYNAMIC_LOSS_WEIGHT_RESCALE | 422
DIST-00579 | 7.503 | 5.349 | 1.4982 | ENTROPY_DRIFT_DIVERGENCE_HAZARD | TRIGGER_DYNAMIC_LOSS_WEIGHT_RESCALE | 422
DIST-00580 | 2.296 | 1.017 | 0.974 | COMPRESSION_STABLE_ALIGNED | COMMIT_STUDENT_WEIGHT_ADJUSTMENT | 200
DIST-00581 | 8.185 | 7.122 | 0.5913 | COMPRESSION_STABLE_ALIGNED | COMMIT_STUDENT_WEIGHT_ADJUSTMENT | 200
DIST-00582 | 5.929 | 3.937 | 1.6511 | ENTROPY_DRIFT_DIVERGENCE_HAZARD | TRIGGER_DYNAMIC_LOSS_WEIGHT_RESCALE | 422
DIST-00583 | 1.541 | 0.924 | 0.4174 | COMPRESSION_STABLE_ALIGNED | COMMIT_STUDENT_WEIGHT_ADJUSTMENT | 200
DIST-00584 | 1.719 | 1.701 | 0.0568 | COMPRESSION_STABLE_ALIGNED | COMMIT_STUDENT_WEIGHT_ADJUSTMENT | 200
DIST-00585 | 4.976 | 5.414 | 0.0 | COMPRESSION_STABLE_ALIGNED | COMMIT_STUDENT_WEIGHT_ADJUSTMENT | 200
DIST-00586 | 8.362 | 6.263 | 1.2855 | ENTROPY_DRIFT_DIVERGENCE_HAZARD | TRIGGER_DYNAMIC_LOSS_WEIGHT_RESCALE | 422
DIST-00587 | 1.927 | 0.025 | 1.384 | ENTROPY_DRIFT_DIVERGENCE_HAZARD | TRIGGER_DYNAMIC_LOSS_WEIGHT_RESCALE | 422
DIST-00588 | 1.828 | -1.019 | 2.1161 | ENTROPY_DRIFT_DIVERGENCE_HAZARD | TRIGGER_DYNAMIC_LOSS_WEIGHT_RESCALE | 422
DIST-00589 | 4.555 | 5.032 | 0.0 | COMPRESSION_STABLE_ALIGNED | COMMIT_STUDENT_WEIGHT_ADJUSTMENT | 200
DIST-00590 | 8.312 | 5.553 | 1.8317 | ENTROPY_DRIFT_DIVERGENCE_HAZARD | TRIGGER_DYNAMIC_LOSS_WEIGHT_RESCALE | 422
DIST-00591 | 2.553 | 1.468 | 0.8206 | COMPRESSION_STABLE_ALIGNED | COMMIT_STUDENT_WEIGHT_ADJUSTMENT | 200
DIST-00592 | 7.321 | 4.050 | 2.6916 | ENTROPY_DRIFT_DIVERGENCE_HAZARD | TRIGGER_DYNAMIC_LOSS_WEIGHT_RESCALE | 422
DIST-00593 | 8.390 | 4.945 | 2.4932 | ENTROPY_DRIFT_DIVERGENCE_HAZARD | TRIGGER_DYNAMIC_LOSS_WEIGHT_RESCALE | 422
DIST-00594 | 6.854 | 4.209 | 2.1642 | ENTROPY_DRIFT_DIVERGENCE_HAZARD | TRIGGER_DYNAMIC_LOSS_WEIGHT_RESCALE | 422
DIST-00595 | 2.908 | 0.353 | 2.1741 | ENTROPY_DRIFT_DIVERGENCE_HAZARD | TRIGGER_DYNAMIC_LOSS_WEIGHT_RESCALE | 422
DIST-00596 | 3.548 | 0.639 | 2.6171 | ENTROPY_DRIFT_DIVERGENCE_HAZARD | TRIGGER_DYNAMIC_LOSS_WEIGHT_RESCALE | 422
DIST-00597 | 5.968 | 2.929 | 2.7765 | ENTROPY_DRIFT_DIVERGENCE_HAZARD | TRIGGER_DYNAMIC_LOSS_WEIGHT_RESCALE | 422
DIST-00598 | 4.825 | 3.089 | 1.4706 | ENTROPY_DRIFT_DIVERGENCE_HAZARD | TRIGGER_DYNAMIC_LOSS_WEIGHT_RESCALE | 422
DIST-00599 | 2.052 | -1.306 | 2.6365 | ENTROPY_DRIFT_DIVERGENCE_HAZARD | TRIGGER_DYNAMIC_LOSS_WEIGHT_RESCALE | 422
DIST-00600 | 8.149 | 8.576 | 0.0 | COMPRESSION_STABLE_ALIGNED | COMMIT_STUDENT_WEIGHT_ADJUSTMENT | 200
DIST-00601 | 2.857 | 1.084 | 1.4442 | ENTROPY_DRIFT_DIVERGENCE_HAZARD | TRIGGER_DYNAMIC_LOSS_WEIGHT_RESCALE | 422
DIST-00602 | 4.418 | 4.056 | 0.2604 | COMPRESSION_STABLE_ALIGNED | COMMIT_STUDENT_WEIGHT_ADJUSTMENT | 200
DIST-00603 | 8.324 | 5.989 | 1.4966 | ENTROPY_DRIFT_DIVERGENCE_HAZARD | TRIGGER_DYNAMIC_LOSS_WEIGHT_RESCALE | 422
DIST-00604 | 8.478 | 5.708 | 1.8327 | ENTROPY_DRIFT_DIVERGENCE_HAZARD | TRIGGER_DYNAMIC_LOSS_WEIGHT_RESCALE | 422
DIST-00605 | 3.978 | 2.893 | 0.8944 | COMPRESSION_STABLE_ALIGNED | COMMIT_STUDENT_WEIGHT_ADJUSTMENT | 200
DIST-00606 | 7.841 | 6.738 | 0.6871 | COMPRESSION_STABLE_ALIGNED | COMMIT_STUDENT_WEIGHT_ADJUSTMENT | 200
DIST-00607 | 2.988 | 1.867 | 0.8639 | COMPRESSION_STABLE_ALIGNED | COMMIT_STUDENT_WEIGHT_ADJUSTMENT | 200
DIST-00608 | 3.102 | 2.915 | 0.1139 | COMPRESSION_STABLE_ALIGNED | COMMIT_STUDENT_WEIGHT_ADJUSTMENT | 200
DIST-00609 | 4.796 | 2.064 | 2.4995 | ENTROPY_DRIFT_DIVERGENCE_HAZARD | TRIGGER_DYNAMIC_LOSS_WEIGHT_RESCALE | 422
DIST-00610 | 1.876 | -0.116 | 1.4831 | ENTROPY_DRIFT_DIVERGENCE_HAZARD | TRIGGER_DYNAMIC_LOSS_WEIGHT_RESCALE | 422
DIST-00611 | 4.226 | 1.157 | 2.9045 | ENTROPY_DRIFT_DIVERGENCE_HAZARD | TRIGGER_DYNAMIC_LOSS_WEIGHT_RESCALE | 422
DIST-00612 | 5.296 | 4.421 | 0.6817 | COMPRESSION_STABLE_ALIGNED | COMMIT_STUDENT_WEIGHT_ADJUSTMENT | 200
DIST-00613 | 8.275 | 6.007 | 1.4428 | ENTROPY_DRIFT_DIVERGENCE_HAZARD | TRIGGER_DYNAMIC_LOSS_WEIGHT_RESCALE | 422
DIST-00614 | 4.927 | 1.600 | 3.1984 | ENTROPY_DRIFT_DIVERGENCE_HAZARD | TRIGGER_DYNAMIC_LOSS_WEIGHT_RESCALE | 422
DIST-00615 | 8.436 | 8.767 | 0.0 | COMPRESSION_STABLE_ALIGNED | COMMIT_STUDENT_WEIGHT_ADJUSTMENT | 200
DIST-00616 | 7.722 | 5.923 | 1.1832 | COMPRESSION_STABLE_ALIGNED | COMMIT_STUDENT_WEIGHT_ADJUSTMENT | 200
DIST-00617 | 2.075 | 0.043 | 1.5276 | ENTROPY_DRIFT_DIVERGENCE_HAZARD | TRIGGER_DYNAMIC_LOSS_WEIGHT_RESCALE | 422
DIST-00618 | 8.436 | 7.472 | 0.5125 | COMPRESSION_STABLE_ALIGNED | COMMIT_STUDENT_WEIGHT_ADJUSTMENT | 200
DIST-00619 | 8.095 | 8.144 | 0.0 | COMPRESSION_STABLE_ALIGNED | COMMIT_STUDENT_WEIGHT_ADJUSTMENT | 200
DIST-00620 | 1.712 | 1.791 | 0.0 | COMPRESSION_STABLE_ALIGNED | COMMIT_STUDENT_WEIGHT_ADJUSTMENT | 200
DIST-00621 | 3.668 | 0.280 | 3.1479 | ENTROPY_DRIFT_DIVERGENCE_HAZARD | TRIGGER_DYNAMIC_LOSS_WEIGHT_RESCALE | 422
DIST-00622 | 4.048 | 1.267 | 2.5665 | ENTROPY_DRIFT_DIVERGENCE_HAZARD | TRIGGER_DYNAMIC_LOSS_WEIGHT_RESCALE | 422
DIST-00623 | 6.206 | 2.996 | 2.9746 | ENTROPY_DRIFT_DIVERGENCE_HAZARD | TRIGGER_DYNAMIC_LOSS_WEIGHT_RESCALE | 422
DIST-00624 | 6.120 | 5.058 | 0.8176 | COMPRESSION_STABLE_ALIGNED | COMMIT_STUDENT_WEIGHT_ADJUSTMENT | 200
DIST-00625 | 1.857 | 0.905 | 0.6933 | COMPRESSION_STABLE_ALIGNED | COMMIT_STUDENT_WEIGHT_ADJUSTMENT | 200
DIST-00626 | 4.975 | 4.953 | 0.0059 | COMPRESSION_STABLE_ALIGNED | COMMIT_STUDENT_WEIGHT_ADJUSTMENT | 200
DIST-00627 | 5.320 | 3.192 | 1.8399 | ENTROPY_DRIFT_DIVERGENCE_HAZARD | TRIGGER_DYNAMIC_LOSS_WEIGHT_RESCALE | 422
DIST-00628 | 2.617 | 1.315 | 0.9979 | COMPRESSION_STABLE_ALIGNED | COMMIT_STUDENT_WEIGHT_ADJUSTMENT | 200
DIST-00629 | 4.249 | 3.352 | 0.7248 | COMPRESSION_STABLE_ALIGNED | COMMIT_STUDENT_WEIGHT_ADJUSTMENT | 200
DIST-00630 | 2.879 | 0.198 | 2.2893 | ENTROPY_DRIFT_DIVERGENCE_HAZARD | TRIGGER_DYNAMIC_LOSS_WEIGHT_RESCALE | 422
DIST-00631 | 7.090 | 6.538 | 0.3097 | COMPRESSION_STABLE_ALIGNED | COMMIT_STUDENT_WEIGHT_ADJUSTMENT | 200
DIST-00632 | 6.082 | 5.922 | 0.1389 | COMPRESSION_STABLE_ALIGNED | COMMIT_STUDENT_WEIGHT_ADJUSTMENT | 200
DIST-00633 | 6.868 | 6.449 | 0.262 | COMPRESSION_STABLE_ALIGNED | COMMIT_STUDENT_WEIGHT_ADJUSTMENT | 200
DIST-00634 | 5.639 | 2.455 | 2.9928 | ENTROPY_DRIFT_DIVERGENCE_HAZARD | TRIGGER_DYNAMIC_LOSS_WEIGHT_RESCALE | 422
DIST-00635 | 7.740 | 7.813 | 0.0 | COMPRESSION_STABLE_ALIGNED | COMMIT_STUDENT_WEIGHT_ADJUSTMENT | 200
DIST-00636 | 4.396 | 4.624 | 0.0 | COMPRESSION_STABLE_ALIGNED | COMMIT_STUDENT_WEIGHT_ADJUSTMENT | 200
DIST-00637 | 7.983 | 6.611 | 0.8322 | COMPRESSION_STABLE_ALIGNED | COMMIT_STUDENT_WEIGHT_ADJUSTMENT | 200
DIST-00638 | 5.341 | 3.869 | 1.2137 | COMPRESSION_STABLE_ALIGNED | COMMIT_STUDENT_WEIGHT_ADJUSTMENT | 200
DIST-00639 | 3.606 | 1.165 | 2.1287 | ENTROPY_DRIFT_DIVERGENCE_HAZARD | TRIGGER_DYNAMIC_LOSS_WEIGHT_RESCALE | 422
DIST-00640 | 5.519 | 4.048 | 1.1722 | COMPRESSION_STABLE_ALIGNED | COMMIT_STUDENT_WEIGHT_ADJUSTMENT | 200
DIST-00641 | 4.794 | 2.604 | 1.9442 | ENTROPY_DRIFT_DIVERGENCE_HAZARD | TRIGGER_DYNAMIC_LOSS_WEIGHT_RESCALE | 422
DIST-00642 | 6.218 | 6.098 | 0.1136 | COMPRESSION_STABLE_ALIGNED | COMMIT_STUDENT_WEIGHT_ADJUSTMENT | 200
DIST-00643 | 3.746 | 2.495 | 1.0233 | COMPRESSION_STABLE_ALIGNED | COMMIT_STUDENT_WEIGHT_ADJUSTMENT | 200
DIST-00644 | 8.279 | 5.289 | 2.0451 | ENTROPY_DRIFT_DIVERGENCE_HAZARD | TRIGGER_DYNAMIC_LOSS_WEIGHT_RESCALE | 422
DIST-00645 | 6.827 | 7.194 | 0.0 | COMPRESSION_STABLE_ALIGNED | COMMIT_STUDENT_WEIGHT_ADJUSTMENT | 200
DIST-00646 | 1.709 | 1.403 | 0.1971 | COMPRESSION_STABLE_ALIGNED | COMMIT_STUDENT_WEIGHT_ADJUSTMENT | 200
DIST-00647 | 8.132 | 6.195 | 1.1528 | COMPRESSION_STABLE_ALIGNED | COMMIT_STUDENT_WEIGHT_ADJUSTMENT | 200
DIST-00648 | 6.307 | 5.637 | 0.4678 | COMPRESSION_STABLE_ALIGNED | COMMIT_STUDENT_WEIGHT_ADJUSTMENT | 200
DIST-00649 | 3.156 | 0.815 | 1.99 | ENTROPY_DRIFT_DIVERGENCE_HAZARD | TRIGGER_DYNAMIC_LOSS_WEIGHT_RESCALE | 422
DIST-00650 | 7.294 | 5.449 | 1.3141 | ENTROPY_DRIFT_DIVERGENCE_HAZARD | TRIGGER_DYNAMIC_LOSS_WEIGHT_RESCALE | 422
DIST-00651 | 6.293 | 6.375 | 0.0 | COMPRESSION_STABLE_ALIGNED | COMMIT_STUDENT_WEIGHT_ADJUSTMENT | 200
DIST-00652 | 4.416 | 2.288 | 1.9105 | ENTROPY_DRIFT_DIVERGENCE_HAZARD | TRIGGER_DYNAMIC_LOSS_WEIGHT_RESCALE | 422
DIST-00653 | 4.999 | 5.109 | 0.0 | COMPRESSION_STABLE_ALIGNED | COMMIT_STUDENT_WEIGHT_ADJUSTMENT | 200
DIST-00654 | 7.678 | 7.417 | 0.12 | COMPRESSION_STABLE_ALIGNED | COMMIT_STUDENT_WEIGHT_ADJUSTMENT | 200
DIST-00655 | 6.789 | 5.530 | 0.94 | COMPRESSION_STABLE_ALIGNED | COMMIT_STUDENT_WEIGHT_ADJUSTMENT | 200
DIST-00656 | 6.024 | 4.784 | 0.9509 | COMPRESSION_STABLE_ALIGNED | COMMIT_STUDENT_WEIGHT_ADJUSTMENT | 200
DIST-00657 | 5.279 | 4.691 | 0.4475 | COMPRESSION_STABLE_ALIGNED | COMMIT_STUDENT_WEIGHT_ADJUSTMENT | 200
DIST-00658 | 5.343 | 2.802 | 2.297 | ENTROPY_DRIFT_DIVERGENCE_HAZARD | TRIGGER_DYNAMIC_LOSS_WEIGHT_RESCALE | 422
DIST-00659 | 1.825 | -0.478 | 1.6944 | ENTROPY_DRIFT_DIVERGENCE_HAZARD | TRIGGER_DYNAMIC_LOSS_WEIGHT_RESCALE | 422
DIST-00660 | 1.669 | -1.709 | 2.5107 | ENTROPY_DRIFT_DIVERGENCE_HAZARD | TRIGGER_DYNAMIC_LOSS_WEIGHT_RESCALE | 422
DIST-00661 | 6.223 | 3.160 | 2.7514 | ENTROPY_DRIFT_DIVERGENCE_HAZARD | TRIGGER_DYNAMIC_LOSS_WEIGHT_RESCALE | 422
DIST-00662 | 2.733 | 3.193 | 0.0 | COMPRESSION_STABLE_ALIGNED | COMMIT_STUDENT_WEIGHT_ADJUSTMENT | 200
DIST-00663 | 3.259 | 2.200 | 0.841 | COMPRESSION_STABLE_ALIGNED | COMMIT_STUDENT_WEIGHT_ADJUSTMENT | 200
DIST-00664 | 3.543 | 0.693 | 2.5543 | ENTROPY_DRIFT_DIVERGENCE_HAZARD | TRIGGER_DYNAMIC_LOSS_WEIGHT_RESCALE | 422
DIST-00665 | 5.868 | 6.184 | 0.0 | COMPRESSION_STABLE_ALIGNED | COMMIT_STUDENT_WEIGHT_ADJUSTMENT | 200
DIST-00666 | 4.900 | 5.383 | 0.0 | COMPRESSION_STABLE_ALIGNED | COMMIT_STUDENT_WEIGHT_ADJUSTMENT | 200
DIST-00667 | 4.614 | 2.560 | 1.8076 | ENTROPY_DRIFT_DIVERGENCE_HAZARD | TRIGGER_DYNAMIC_LOSS_WEIGHT_RESCALE | 422
DIST-00668 | 3.633 | 0.771 | 2.6221 | ENTROPY_DRIFT_DIVERGENCE_HAZARD | TRIGGER_DYNAMIC_LOSS_WEIGHT_RESCALE | 422
DIST-00669 | 7.824 | 7.666 | 0.0294 | COMPRESSION_STABLE_ALIGNED | COMMIT_STUDENT_WEIGHT_ADJUSTMENT | 200
DIST-00670 | 6.761 | 3.669 | 2.6904 | ENTROPY_DRIFT_DIVERGENCE_HAZARD | TRIGGER_DYNAMIC_LOSS_WEIGHT_RESCALE | 422
DIST-00671 | 7.633 | 4.894 | 2.0668 | ENTROPY_DRIFT_DIVERGENCE_HAZARD | TRIGGER_DYNAMIC_LOSS_WEIGHT_RESCALE | 422
DIST-00672 | 3.238 | 2.998 | 0.139 | COMPRESSION_STABLE_ALIGNED | COMMIT_STUDENT_WEIGHT_ADJUSTMENT | 200
DIST-00673 | 6.878 | 7.099 | 0.0 | COMPRESSION_STABLE_ALIGNED | COMMIT_STUDENT_WEIGHT_ADJUSTMENT | 200
DIST-00674 | 7.167 | 6.612 | 0.3338 | COMPRESSION_STABLE_ALIGNED | COMMIT_STUDENT_WEIGHT_ADJUSTMENT | 200
DIST-00675 | 8.458 | 5.823 | 1.6657 | ENTROPY_DRIFT_DIVERGENCE_HAZARD | TRIGGER_DYNAMIC_LOSS_WEIGHT_RESCALE | 422
DIST-00676 | 3.594 | 3.229 | 0.264 | COMPRESSION_STABLE_ALIGNED | COMMIT_STUDENT_WEIGHT_ADJUSTMENT | 200
DIST-00677 | 4.671 | 5.034 | 0.0 | COMPRESSION_STABLE_ALIGNED | COMMIT_STUDENT_WEIGHT_ADJUSTMENT | 200
DIST-00678 | 5.253 | 3.437 | 1.5839 | ENTROPY_DRIFT_DIVERGENCE_HAZARD | TRIGGER_DYNAMIC_LOSS_WEIGHT_RESCALE | 422
DIST-00679 | 3.893 | 0.505 | 3.2254 | ENTROPY_DRIFT_DIVERGENCE_HAZARD | TRIGGER_DYNAMIC_LOSS_WEIGHT_RESCALE | 422
DIST-00680 | 2.040 | 2.068 | 0.0068 | COMPRESSION_STABLE_ALIGNED | COMMIT_STUDENT_WEIGHT_ADJUSTMENT | 200
DIST-00681 | 4.891 | 3.461 | 1.2092 | COMPRESSION_STABLE_ALIGNED | COMMIT_STUDENT_WEIGHT_ADJUSTMENT | 200
DIST-00682 | 7.657 | 5.749 | 1.2599 | ENTROPY_DRIFT_DIVERGENCE_HAZARD | TRIGGER_DYNAMIC_LOSS_WEIGHT_RESCALE | 422
DIST-00683 | 2.159 | 0.379 | 1.3245 | ENTROPY_DRIFT_DIVERGENCE_HAZARD | TRIGGER_DYNAMIC_LOSS_WEIGHT_RESCALE | 422
DIST-00684 | 5.138 | 2.937 | 1.9579 | ENTROPY_DRIFT_DIVERGENCE_HAZARD | TRIGGER_DYNAMIC_LOSS_WEIGHT_RESCALE | 422
DIST-00685 | 7.008 | 4.184 | 2.2829 | ENTROPY_DRIFT_DIVERGENCE_HAZARD | TRIGGER_DYNAMIC_LOSS_WEIGHT_RESCALE | 422
DIST-00686 | 2.716 | 0.518 | 1.8017 | ENTROPY_DRIFT_DIVERGENCE_HAZARD | TRIGGER_DYNAMIC_LOSS_WEIGHT_RESCALE | 422
DIST-00687 | 3.014 | 1.640 | 1.0921 | COMPRESSION_STABLE_ALIGNED | COMMIT_STUDENT_WEIGHT_ADJUSTMENT | 200
DIST-00688 | 2.315 | 0.242 | 1.5979 | ENTROPY_DRIFT_DIVERGENCE_HAZARD | TRIGGER_DYNAMIC_LOSS_WEIGHT_RESCALE | 422
DIST-00689 | 4.667 | 1.888 | 2.6017 | ENTROPY_DRIFT_DIVERGENCE_HAZARD | TRIGGER_DYNAMIC_LOSS_WEIGHT_RESCALE | 422
DIST-00690 | 3.909 | 0.725 | 2.9903 | ENTROPY_DRIFT_DIVERGENCE_HAZARD | TRIGGER_DYNAMIC_LOSS_WEIGHT_RESCALE | 422
DIST-00691 | 1.575 | 0.103 | 1.0008 | COMPRESSION_STABLE_ALIGNED | COMMIT_STUDENT_WEIGHT_ADJUSTMENT | 200
DIST-00692 | 5.684 | 3.337 | 2.0761 | ENTROPY_DRIFT_DIVERGENCE_HAZARD | TRIGGER_DYNAMIC_LOSS_WEIGHT_RESCALE | 422
DIST-00693 | 1.721 | -1.092 | 2.0492 | ENTROPY_DRIFT_DIVERGENCE_HAZARD | TRIGGER_DYNAMIC_LOSS_WEIGHT_RESCALE | 422
DIST-00694 | 2.823 | -0.317 | 2.7094 | ENTROPY_DRIFT_DIVERGENCE_HAZARD | TRIGGER_DYNAMIC_LOSS_WEIGHT_RESCALE | 422
DIST-00695 | 6.495 | 4.154 | 1.9332 | ENTROPY_DRIFT_DIVERGENCE_HAZARD | TRIGGER_DYNAMIC_LOSS_WEIGHT_RESCALE | 422
DIST-00696 | 4.989 | 1.532 | 3.3704 | ENTROPY_DRIFT_DIVERGENCE_HAZARD | TRIGGER_DYNAMIC_LOSS_WEIGHT_RESCALE | 422
DIST-00697 | 3.257 | 0.218 | 2.7123 | ENTROPY_DRIFT_DIVERGENCE_HAZARD | TRIGGER_DYNAMIC_LOSS_WEIGHT_RESCALE | 422
DIST-00698 | 7.165 | 5.854 | 0.859 | COMPRESSION_STABLE_ALIGNED | COMMIT_STUDENT_WEIGHT_ADJUSTMENT | 200
DIST-00699 | 3.772 | 0.391 | 3.1946 | ENTROPY_DRIFT_DIVERGENCE_HAZARD | TRIGGER_DYNAMIC_LOSS_WEIGHT_RESCALE | 422
DIST-00700 | 3.673 | 2.943 | 0.5738 | COMPRESSION_STABLE_ALIGNED | COMMIT_STUDENT_WEIGHT_ADJUSTMENT | 200
DIST-00701 | 8.411 | 8.576 | 0.0 | COMPRESSION_STABLE_ALIGNED | COMMIT_STUDENT_WEIGHT_ADJUSTMENT | 200
DIST-00702 | 8.265 | 8.223 | 0.0405 | COMPRESSION_STABLE_ALIGNED | COMMIT_STUDENT_WEIGHT_ADJUSTMENT | 200
DIST-00703 | 7.658 | 5.844 | 1.1917 | COMPRESSION_STABLE_ALIGNED | COMMIT_STUDENT_WEIGHT_ADJUSTMENT | 200
DIST-00704 | 2.771 | -0.412 | 2.6963 | ENTROPY_DRIFT_DIVERGENCE_HAZARD | TRIGGER_DYNAMIC_LOSS_WEIGHT_RESCALE | 422
DIST-00705 | 5.665 | 4.655 | 0.7479 | COMPRESSION_STABLE_ALIGNED | COMMIT_STUDENT_WEIGHT_ADJUSTMENT | 200
DIST-00706 | 3.116 | 0.996 | 1.7915 | ENTROPY_DRIFT_DIVERGENCE_HAZARD | TRIGGER_DYNAMIC_LOSS_WEIGHT_RESCALE | 422
DIST-00707 | 7.603 | 5.280 | 1.6301 | ENTROPY_DRIFT_DIVERGENCE_HAZARD | TRIGGER_DYNAMIC_LOSS_WEIGHT_RESCALE | 422
DIST-00708 | 8.352 | 6.394 | 1.21 | COMPRESSION_STABLE_ALIGNED | COMMIT_STUDENT_WEIGHT_ADJUSTMENT | 200
DIST-00709 | 7.911 | 5.915 | 1.26 | ENTROPY_DRIFT_DIVERGENCE_HAZARD | TRIGGER_DYNAMIC_LOSS_WEIGHT_RESCALE | 422
DIST-00710 | 7.308 | 6.221 | 0.7319 | COMPRESSION_STABLE_ALIGNED | COMMIT_STUDENT_WEIGHT_ADJUSTMENT | 200
DIST-00711 | 6.294 | 5.816 | 0.3325 | COMPRESSION_STABLE_ALIGNED | COMMIT_STUDENT_WEIGHT_ADJUSTMENT | 200
DIST-00712 | 1.585 | 1.925 | 0.0 | COMPRESSION_STABLE_ALIGNED | COMMIT_STUDENT_WEIGHT_ADJUSTMENT | 200
DIST-00713 | 3.463 | 3.665 | 0.0 | COMPRESSION_STABLE_ALIGNED | COMMIT_STUDENT_WEIGHT_ADJUSTMENT | 200
DIST-00714 | 1.638 | 0.300 | 0.927 | COMPRESSION_STABLE_ALIGNED | COMMIT_STUDENT_WEIGHT_ADJUSTMENT | 200
DIST-00715 | 3.416 | 0.530 | 2.5798 | ENTROPY_DRIFT_DIVERGENCE_HAZARD | TRIGGER_DYNAMIC_LOSS_WEIGHT_RESCALE | 422
DIST-00716 | 7.574 | 6.751 | 0.5119 | COMPRESSION_STABLE_ALIGNED | COMMIT_STUDENT_WEIGHT_ADJUSTMENT | 200
DIST-00717 | 5.660 | 3.596 | 1.7651 | ENTROPY_DRIFT_DIVERGENCE_HAZARD | TRIGGER_DYNAMIC_LOSS_WEIGHT_RESCALE | 422
DIST-00718 | 3.308 | 2.675 | 0.4935 | COMPRESSION_STABLE_ALIGNED | COMMIT_STUDENT_WEIGHT_ADJUSTMENT | 200
DIST-00719 | 7.483 | 4.127 | 2.7326 | ENTROPY_DRIFT_DIVERGENCE_HAZARD | TRIGGER_DYNAMIC_LOSS_WEIGHT_RESCALE | 422
DIST-00720 | 7.376 | 7.495 | 0.0 | COMPRESSION_STABLE_ALIGNED | COMMIT_STUDENT_WEIGHT_ADJUSTMENT | 200
DIST-00721 | 4.735 | 3.032 | 1.4672 | ENTROPY_DRIFT_DIVERGENCE_HAZARD | TRIGGER_DYNAMIC_LOSS_WEIGHT_RESCALE | 422
DIST-00722 | 3.724 | 1.560 | 1.8553 | ENTROPY_DRIFT_DIVERGENCE_HAZARD | TRIGGER_DYNAMIC_LOSS_WEIGHT_RESCALE | 422
DIST-00723 | 7.692 | 4.395 | 2.5726 | ENTROPY_DRIFT_DIVERGENCE_HAZARD | TRIGGER_DYNAMIC_LOSS_WEIGHT_RESCALE | 422
DIST-00724 | 7.824 | 8.098 | 0.0 | COMPRESSION_STABLE_ALIGNED | COMMIT_STUDENT_WEIGHT_ADJUSTMENT | 200
DIST-00725 | 6.776 | 3.372 | 3.0282 | ENTROPY_DRIFT_DIVERGENCE_HAZARD | TRIGGER_DYNAMIC_LOSS_WEIGHT_RESCALE | 422
DIST-00726 | 2.602 | 2.004 | 0.4377 | COMPRESSION_STABLE_ALIGNED | COMMIT_STUDENT_WEIGHT_ADJUSTMENT | 200
DIST-00727 | 6.978 | 5.723 | 0.8629 | COMPRESSION_STABLE_ALIGNED | COMMIT_STUDENT_WEIGHT_ADJUSTMENT | 200
DIST-00728 | 8.184 | 5.768 | 1.5922 | ENTROPY_DRIFT_DIVERGENCE_HAZARD | TRIGGER_DYNAMIC_LOSS_WEIGHT_RESCALE | 422
DIST-00729 | 3.104 | 0.066 | 2.6589 | ENTROPY_DRIFT_DIVERGENCE_HAZARD | TRIGGER_DYNAMIC_LOSS_WEIGHT_RESCALE | 422
DIST-00730 | 4.777 | 3.068 | 1.4499 | ENTROPY_DRIFT_DIVERGENCE_HAZARD | TRIGGER_DYNAMIC_LOSS_WEIGHT_RESCALE | 422
DIST-00731 | 4.498 | 1.371 | 2.9802 | ENTROPY_DRIFT_DIVERGENCE_HAZARD | TRIGGER_DYNAMIC_LOSS_WEIGHT_RESCALE | 422
DIST-00732 | 6.073 | 3.295 | 2.4471 | ENTROPY_DRIFT_DIVERGENCE_HAZARD | TRIGGER_DYNAMIC_LOSS_WEIGHT_RESCALE | 422
DIST-00733 | 3.960 | 3.016 | 0.771 | COMPRESSION_STABLE_ALIGNED | COMMIT_STUDENT_WEIGHT_ADJUSTMENT | 200
DIST-00734 | 7.927 | 8.425 | 0.0 | COMPRESSION_STABLE_ALIGNED | COMMIT_STUDENT_WEIGHT_ADJUSTMENT | 200
DIST-00735 | 3.564 | 1.880 | 1.4363 | ENTROPY_DRIFT_DIVERGENCE_HAZARD | TRIGGER_DYNAMIC_LOSS_WEIGHT_RESCALE | 422
DIST-00736 | 3.985 | 1.745 | 1.9956 | ENTROPY_DRIFT_DIVERGENCE_HAZARD | TRIGGER_DYNAMIC_LOSS_WEIGHT_RESCALE | 422
DIST-00737 | 2.623 | 1.355 | 0.9784 | COMPRESSION_STABLE_ALIGNED | COMMIT_STUDENT_WEIGHT_ADJUSTMENT | 200
DIST-00738 | 4.715 | 3.779 | 0.7724 | COMPRESSION_STABLE_ALIGNED | COMMIT_STUDENT_WEIGHT_ADJUSTMENT | 200
DIST-00739 | 8.441 | 5.957 | 1.6039 | ENTROPY_DRIFT_DIVERGENCE_HAZARD | TRIGGER_DYNAMIC_LOSS_WEIGHT_RESCALE | 422
DIST-00740 | 5.929 | 6.103 | 0.0 | COMPRESSION_STABLE_ALIGNED | COMMIT_STUDENT_WEIGHT_ADJUSTMENT | 200
DIST-00741 | 5.471 | 4.333 | 0.8638 | COMPRESSION_STABLE_ALIGNED | COMMIT_STUDENT_WEIGHT_ADJUSTMENT | 200
DIST-00742 | 3.217 | 2.505 | 0.5262 | COMPRESSION_STABLE_ALIGNED | COMMIT_STUDENT_WEIGHT_ADJUSTMENT | 200
DIST-00743 | 3.339 | 1.170 | 1.8415 | ENTROPY_DRIFT_DIVERGENCE_HAZARD | TRIGGER_DYNAMIC_LOSS_WEIGHT_RESCALE | 422
DIST-00744 | 5.715 | 2.625 | 2.8802 | ENTROPY_DRIFT_DIVERGENCE_HAZARD | TRIGGER_DYNAMIC_LOSS_WEIGHT_RESCALE | 422
DIST-00745 | 2.199 | 0.724 | 1.106 | COMPRESSION_STABLE_ALIGNED | COMMIT_STUDENT_WEIGHT_ADJUSTMENT | 200
DIST-00746 | 4.659 | 2.806 | 1.5955 | ENTROPY_DRIFT_DIVERGENCE_HAZARD | TRIGGER_DYNAMIC_LOSS_WEIGHT_RESCALE | 422
DIST-00747 | 5.259 | 4.652 | 0.4666 | COMPRESSION_STABLE_ALIGNED | COMMIT_STUDENT_WEIGHT_ADJUSTMENT | 200
DIST-00748 | 7.732 | 5.392 | 1.6238 | ENTROPY_DRIFT_DIVERGENCE_HAZARD | TRIGGER_DYNAMIC_LOSS_WEIGHT_RESCALE | 422
DIST-00749 | 5.782 | 5.344 | 0.3031 | COMPRESSION_STABLE_ALIGNED | COMMIT_STUDENT_WEIGHT_ADJUSTMENT | 200
DIST-00750 | 2.628 | 1.821 | 0.5766 | COMPRESSION_STABLE_ALIGNED | COMMIT_STUDENT_WEIGHT_ADJUSTMENT | 200
DIST-00751 | 7.001 | 3.973 | 2.5119 | ENTROPY_DRIFT_DIVERGENCE_HAZARD | TRIGGER_DYNAMIC_LOSS_WEIGHT_RESCALE | 422
DIST-00752 | 7.394 | 5.344 | 1.4322 | ENTROPY_DRIFT_DIVERGENCE_HAZARD | TRIGGER_DYNAMIC_LOSS_WEIGHT_RESCALE | 422
DIST-00753 | 6.459 | 6.294 | 0.0873 | COMPRESSION_STABLE_ALIGNED | COMMIT_STUDENT_WEIGHT_ADJUSTMENT | 200
DIST-00754 | 4.480 | 4.334 | 0.1311 | COMPRESSION_STABLE_ALIGNED | COMMIT_STUDENT_WEIGHT_ADJUSTMENT | 200
DIST-00755 | 8.000 | 6.557 | 0.8442 | COMPRESSION_STABLE_ALIGNED | COMMIT_STUDENT_WEIGHT_ADJUSTMENT | 200
DIST-00756 | 4.869 | 3.247 | 1.4315 | ENTROPY_DRIFT_DIVERGENCE_HAZARD | TRIGGER_DYNAMIC_LOSS_WEIGHT_RESCALE | 422
DIST-00757 | 6.313 | 4.614 | 1.3382 | ENTROPY_DRIFT_DIVERGENCE_HAZARD | TRIGGER_DYNAMIC_LOSS_WEIGHT_RESCALE | 422
DIST-00758 | 7.497 | 6.556 | 0.5798 | COMPRESSION_STABLE_ALIGNED | COMMIT_STUDENT_WEIGHT_ADJUSTMENT | 200
DIST-00759 | 3.545 | 3.670 | 0.0 | COMPRESSION_STABLE_ALIGNED | COMMIT_STUDENT_WEIGHT_ADJUSTMENT | 200
DIST-00760 | 1.886 | 0.405 | 1.0728 | COMPRESSION_STABLE_ALIGNED | COMMIT_STUDENT_WEIGHT_ADJUSTMENT | 200
DIST-00761 | 2.459 | 1.922 | 0.3782 | COMPRESSION_STABLE_ALIGNED | COMMIT_STUDENT_WEIGHT_ADJUSTMENT | 200
DIST-00762 | 7.185 | 7.497 | 0.0 | COMPRESSION_STABLE_ALIGNED | COMMIT_STUDENT_WEIGHT_ADJUSTMENT | 200
DIST-00763 | 7.478 | 6.096 | 0.9475 | COMPRESSION_STABLE_ALIGNED | COMMIT_STUDENT_WEIGHT_ADJUSTMENT | 200
DIST-00764 | 6.940 | 3.465 | 3.0581 | ENTROPY_DRIFT_DIVERGENCE_HAZARD | TRIGGER_DYNAMIC_LOSS_WEIGHT_RESCALE | 422
DIST-00765 | 8.244 | 7.367 | 0.4884 | COMPRESSION_STABLE_ALIGNED | COMMIT_STUDENT_WEIGHT_ADJUSTMENT | 200
DIST-00766 | 5.239 | 5.614 | 0.0 | COMPRESSION_STABLE_ALIGNED | COMMIT_STUDENT_WEIGHT_ADJUSTMENT | 200
DIST-00767 | 7.757 | 7.987 | 0.0 | COMPRESSION_STABLE_ALIGNED | COMMIT_STUDENT_WEIGHT_ADJUSTMENT | 200
DIST-00768 | 7.586 | 7.062 | 0.3352 | COMPRESSION_STABLE_ALIGNED | COMMIT_STUDENT_WEIGHT_ADJUSTMENT | 200
DIST-00769 | 7.528 | 6.493 | 0.625 | COMPRESSION_STABLE_ALIGNED | COMMIT_STUDENT_WEIGHT_ADJUSTMENT | 200
DIST-00770 | 2.329 | 1.113 | 0.9404 | COMPRESSION_STABLE_ALIGNED | COMMIT_STUDENT_WEIGHT_ADJUSTMENT | 200
DIST-00771 | 3.562 | 1.530 | 1.7596 | ENTROPY_DRIFT_DIVERGENCE_HAZARD | TRIGGER_DYNAMIC_LOSS_WEIGHT_RESCALE | 422
DIST-00772 | 8.122 | 5.268 | 1.9878 | ENTROPY_DRIFT_DIVERGENCE_HAZARD | TRIGGER_DYNAMIC_LOSS_WEIGHT_RESCALE | 422
DIST-00773 | 8.435 | 6.902 | 0.8681 | COMPRESSION_STABLE_ALIGNED | COMMIT_STUDENT_WEIGHT_ADJUSTMENT | 200
DIST-00774 | 5.132 | 4.885 | 0.2031 | COMPRESSION_STABLE_ALIGNED | COMMIT_STUDENT_WEIGHT_ADJUSTMENT | 200
DIST-00775 | 3.585 | 0.430 | 2.9074 | ENTROPY_DRIFT_DIVERGENCE_HAZARD | TRIGGER_DYNAMIC_LOSS_WEIGHT_RESCALE | 422
DIST-00776 | 6.914 | 4.791 | 1.5938 | ENTROPY_DRIFT_DIVERGENCE_HAZARD | TRIGGER_DYNAMIC_LOSS_WEIGHT_RESCALE | 422
DIST-00777 | 3.298 | 1.085 | 1.8774 | ENTROPY_DRIFT_DIVERGENCE_HAZARD | TRIGGER_DYNAMIC_LOSS_WEIGHT_RESCALE | 422
DIST-00778 | 2.128 | 1.087 | 0.7461 | COMPRESSION_STABLE_ALIGNED | COMMIT_STUDENT_WEIGHT_ADJUSTMENT | 200
DIST-00779 | 3.424 | 2.860 | 0.4352 | COMPRESSION_STABLE_ALIGNED | COMMIT_STUDENT_WEIGHT_ADJUSTMENT | 200
DIST-00780 | 2.527 | 1.319 | 0.9287 | COMPRESSION_STABLE_ALIGNED | COMMIT_STUDENT_WEIGHT_ADJUSTMENT | 200
DIST-00781 | 8.369 | 4.974 | 2.4436 | ENTROPY_DRIFT_DIVERGENCE_HAZARD | TRIGGER_DYNAMIC_LOSS_WEIGHT_RESCALE | 422
DIST-00782 | 1.578 | 2.030 | 0.0 | COMPRESSION_STABLE_ALIGNED | COMMIT_STUDENT_WEIGHT_ADJUSTMENT | 200
DIST-00783 | 5.242 | 4.206 | 0.831 | COMPRESSION_STABLE_ALIGNED | COMMIT_STUDENT_WEIGHT_ADJUSTMENT | 200
DIST-00784 | 2.671 | 3.021 | 0.0 | COMPRESSION_STABLE_ALIGNED | COMMIT_STUDENT_WEIGHT_ADJUSTMENT | 200
DIST-00785 | 7.800 | 7.968 | 0.0 | COMPRESSION_STABLE_ALIGNED | COMMIT_STUDENT_WEIGHT_ADJUSTMENT | 200
DIST-00786 | 4.317 | 3.682 | 0.5225 | COMPRESSION_STABLE_ALIGNED | COMMIT_STUDENT_WEIGHT_ADJUSTMENT | 200
DIST-00787 | 1.689 | -0.886 | 1.8883 | ENTROPY_DRIFT_DIVERGENCE_HAZARD | TRIGGER_DYNAMIC_LOSS_WEIGHT_RESCALE | 422
DIST-00788 | 1.896 | 0.758 | 0.8117 | COMPRESSION_STABLE_ALIGNED | COMMIT_STUDENT_WEIGHT_ADJUSTMENT | 200
DIST-00789 | 3.415 | 2.405 | 0.8057 | COMPRESSION_STABLE_ALIGNED | COMMIT_STUDENT_WEIGHT_ADJUSTMENT | 200
DIST-00790 | 4.177 | 2.114 | 1.7826 | ENTROPY_DRIFT_DIVERGENCE_HAZARD | TRIGGER_DYNAMIC_LOSS_WEIGHT_RESCALE | 422
DIST-00791 | 5.637 | 2.880 | 2.5156 | ENTROPY_DRIFT_DIVERGENCE_HAZARD | TRIGGER_DYNAMIC_LOSS_WEIGHT_RESCALE | 422
DIST-00792 | 8.291 | 6.983 | 0.7327 | COMPRESSION_STABLE_ALIGNED | COMMIT_STUDENT_WEIGHT_ADJUSTMENT | 200
DIST-00793 | 4.352 | 1.783 | 2.3544 | ENTROPY_DRIFT_DIVERGENCE_HAZARD | TRIGGER_DYNAMIC_LOSS_WEIGHT_RESCALE | 422
DIST-00794 | 2.617 | 0.462 | 1.7054 | ENTROPY_DRIFT_DIVERGENCE_HAZARD | TRIGGER_DYNAMIC_LOSS_WEIGHT_RESCALE | 422
DIST-00795 | 1.747 | -0.383 | 1.5138 | ENTROPY_DRIFT_DIVERGENCE_HAZARD | TRIGGER_DYNAMIC_LOSS_WEIGHT_RESCALE | 422
DIST-00796 | 7.709 | 6.132 | 1.0297 | COMPRESSION_STABLE_ALIGNED | COMMIT_STUDENT_WEIGHT_ADJUSTMENT | 200
DIST-00797 | 8.489 | 7.897 | 0.2868 | COMPRESSION_STABLE_ALIGNED | COMMIT_STUDENT_WEIGHT_ADJUSTMENT | 200
DIST-00798 | 8.025 | 5.479 | 1.7578 | ENTROPY_DRIFT_DIVERGENCE_HAZARD | TRIGGER_DYNAMIC_LOSS_WEIGHT_RESCALE | 422
DIST-00799 | 4.216 | 2.883 | 1.1135 | COMPRESSION_STABLE_ALIGNED | COMMIT_STUDENT_WEIGHT_ADJUSTMENT | 200
DIST-00800 | 7.265 | 6.812 | 0.2719 | COMPRESSION_STABLE_ALIGNED | COMMIT_STUDENT_WEIGHT_ADJUSTMENT | 200
DIST-00801 | 6.900 | 3.850 | 2.602 | ENTROPY_DRIFT_DIVERGENCE_HAZARD | TRIGGER_DYNAMIC_LOSS_WEIGHT_RESCALE | 422
DIST-00802 | 6.140 | 4.914 | 0.9176 | COMPRESSION_STABLE_ALIGNED | COMMIT_STUDENT_WEIGHT_ADJUSTMENT | 200
DIST-00803 | 8.055 | 5.451 | 1.7901 | ENTROPY_DRIFT_DIVERGENCE_HAZARD | TRIGGER_DYNAMIC_LOSS_WEIGHT_RESCALE | 422
DIST-00804 | 7.513 | 5.814 | 1.1298 | COMPRESSION_STABLE_ALIGNED | COMMIT_STUDENT_WEIGHT_ADJUSTMENT | 200
DIST-00805 | 8.298 | 8.211 | 0.0324 | COMPRESSION_STABLE_ALIGNED | COMMIT_STUDENT_WEIGHT_ADJUSTMENT | 200
DIST-00806 | 4.491 | 2.496 | 1.7474 | ENTROPY_DRIFT_DIVERGENCE_HAZARD | TRIGGER_DYNAMIC_LOSS_WEIGHT_RESCALE | 422
DIST-00807 | 8.098 | 6.963 | 0.6451 | COMPRESSION_STABLE_ALIGNED | COMMIT_STUDENT_WEIGHT_ADJUSTMENT | 200
DIST-00808 | 2.934 | 1.101 | 1.4816 | ENTROPY_DRIFT_DIVERGENCE_HAZARD | TRIGGER_DYNAMIC_LOSS_WEIGHT_RESCALE | 422
DIST-00809 | 2.916 | -0.092 | 2.6173 | ENTROPY_DRIFT_DIVERGENCE_HAZARD | TRIGGER_DYNAMIC_LOSS_WEIGHT_RESCALE | 422
DIST-00810 | 7.613 | 5.853 | 1.152 | COMPRESSION_STABLE_ALIGNED | COMMIT_STUDENT_WEIGHT_ADJUSTMENT | 200
DIST-00811 | 5.895 | 5.916 | 0.0 | COMPRESSION_STABLE_ALIGNED | COMMIT_STUDENT_WEIGHT_ADJUSTMENT | 200
DIST-00812 | 2.659 | -0.426 | 2.589 | ENTROPY_DRIFT_DIVERGENCE_HAZARD | TRIGGER_DYNAMIC_LOSS_WEIGHT_RESCALE | 422
DIST-00813 | 2.303 | -0.069 | 1.8876 | ENTROPY_DRIFT_DIVERGENCE_HAZARD | TRIGGER_DYNAMIC_LOSS_WEIGHT_RESCALE | 422
DIST-00814 | 5.175 | 2.706 | 2.2353 | ENTROPY_DRIFT_DIVERGENCE_HAZARD | TRIGGER_DYNAMIC_LOSS_WEIGHT_RESCALE | 422
DIST-00815 | 6.162 | 3.358 | 2.4997 | ENTROPY_DRIFT_DIVERGENCE_HAZARD | TRIGGER_DYNAMIC_LOSS_WEIGHT_RESCALE | 422
DIST-00816 | 6.689 | 3.770 | 2.4629 | ENTROPY_DRIFT_DIVERGENCE_HAZARD | TRIGGER_DYNAMIC_LOSS_WEIGHT_RESCALE | 422
DIST-00817 | 6.009 | 3.855 | 1.8167 | ENTROPY_DRIFT_DIVERGENCE_HAZARD | TRIGGER_DYNAMIC_LOSS_WEIGHT_RESCALE | 422
DIST-00818 | 5.542 | 3.849 | 1.4244 | ENTROPY_DRIFT_DIVERGENCE_HAZARD | TRIGGER_DYNAMIC_LOSS_WEIGHT_RESCALE | 422
DIST-00819 | 7.795 | 7.245 | 0.3057 | COMPRESSION_STABLE_ALIGNED | COMMIT_STUDENT_WEIGHT_ADJUSTMENT | 200
DIST-00820 | 4.415 | 2.098 | 2.1056 | ENTROPY_DRIFT_DIVERGENCE_HAZARD | TRIGGER_DYNAMIC_LOSS_WEIGHT_RESCALE | 422
DIST-00821 | 3.961 | 1.403 | 2.3021 | ENTROPY_DRIFT_DIVERGENCE_HAZARD | TRIGGER_DYNAMIC_LOSS_WEIGHT_RESCALE | 422
DIST-00822 | 7.229 | 5.731 | 1.0514 | COMPRESSION_STABLE_ALIGNED | COMMIT_STUDENT_WEIGHT_ADJUSTMENT | 200
DIST-00823 | 7.215 | 3.846 | 2.893 | ENTROPY_DRIFT_DIVERGENCE_HAZARD | TRIGGER_DYNAMIC_LOSS_WEIGHT_RESCALE | 422
DIST-00824 | 1.790 | -1.142 | 2.1831 | ENTROPY_DRIFT_DIVERGENCE_HAZARD | TRIGGER_DYNAMIC_LOSS_WEIGHT_RESCALE | 422
DIST-00825 | 7.797 | 5.792 | 1.3245 | ENTROPY_DRIFT_DIVERGENCE_HAZARD | TRIGGER_DYNAMIC_LOSS_WEIGHT_RESCALE | 422
DIST-00826 | 7.811 | 8.203 | 0.0 | COMPRESSION_STABLE_ALIGNED | COMMIT_STUDENT_WEIGHT_ADJUSTMENT | 200
DIST-00827 | 5.309 | 4.945 | 0.3017 | COMPRESSION_STABLE_ALIGNED | COMMIT_STUDENT_WEIGHT_ADJUSTMENT | 200
DIST-00828 | 6.214 | 3.554 | 2.3007 | ENTROPY_DRIFT_DIVERGENCE_HAZARD | TRIGGER_DYNAMIC_LOSS_WEIGHT_RESCALE | 422
DIST-00829 | 5.361 | 4.086 | 1.0209 | COMPRESSION_STABLE_ALIGNED | COMMIT_STUDENT_WEIGHT_ADJUSTMENT | 200
DIST-00830 | 7.493 | 4.285 | 2.5673 | ENTROPY_DRIFT_DIVERGENCE_HAZARD | TRIGGER_DYNAMIC_LOSS_WEIGHT_RESCALE | 422
DIST-00831 | 6.889 | 4.260 | 2.1063 | ENTROPY_DRIFT_DIVERGENCE_HAZARD | TRIGGER_DYNAMIC_LOSS_WEIGHT_RESCALE | 422
DIST-00832 | 6.100 | 5.871 | 0.1373 | COMPRESSION_STABLE_ALIGNED | COMMIT_STUDENT_WEIGHT_ADJUSTMENT | 200
DIST-00833 | 6.922 | 5.614 | 0.8922 | COMPRESSION_STABLE_ALIGNED | COMMIT_STUDENT_WEIGHT_ADJUSTMENT | 200
DIST-00834 | 6.362 | 6.582 | 0.0 | COMPRESSION_STABLE_ALIGNED | COMMIT_STUDENT_WEIGHT_ADJUSTMENT | 200
DIST-00835 | 7.942 | 6.325 | 0.999 | COMPRESSION_STABLE_ALIGNED | COMMIT_STUDENT_WEIGHT_ADJUSTMENT | 200
DIST-00836 | 5.093 | 2.897 | 1.9502 | ENTROPY_DRIFT_DIVERGENCE_HAZARD | TRIGGER_DYNAMIC_LOSS_WEIGHT_RESCALE | 422
DIST-00837 | 2.535 | 1.570 | 0.7539 | COMPRESSION_STABLE_ALIGNED | COMMIT_STUDENT_WEIGHT_ADJUSTMENT | 200
DIST-00838 | 5.480 | 4.958 | 0.3686 | COMPRESSION_STABLE_ALIGNED | COMMIT_STUDENT_WEIGHT_ADJUSTMENT | 200
DIST-00839 | 4.192 | 2.038 | 1.9282 | ENTROPY_DRIFT_DIVERGENCE_HAZARD | TRIGGER_DYNAMIC_LOSS_WEIGHT_RESCALE | 422
DIST-00840 | 7.590 | 5.723 | 1.2581 | ENTROPY_DRIFT_DIVERGENCE_HAZARD | TRIGGER_DYNAMIC_LOSS_WEIGHT_RESCALE | 422
DIST-00841 | 7.068 | 6.411 | 0.4148 | COMPRESSION_STABLE_ALIGNED | COMMIT_STUDENT_WEIGHT_ADJUSTMENT | 200
DIST-00842 | 2.756 | 1.536 | 0.9588 | COMPRESSION_STABLE_ALIGNED | COMMIT_STUDENT_WEIGHT_ADJUSTMENT | 200
DIST-00843 | 6.582 | 4.395 | 1.7282 | ENTROPY_DRIFT_DIVERGENCE_HAZARD | TRIGGER_DYNAMIC_LOSS_WEIGHT_RESCALE | 422
DIST-00844 | 3.261 | 0.766 | 2.1677 | ENTROPY_DRIFT_DIVERGENCE_HAZARD | TRIGGER_DYNAMIC_LOSS_WEIGHT_RESCALE | 422
DIST-00845 | 4.121 | 1.481 | 2.4151 | ENTROPY_DRIFT_DIVERGENCE_HAZARD | TRIGGER_DYNAMIC_LOSS_WEIGHT_RESCALE | 422
DIST-00846 | 5.594 | 5.554 | 0.0378 | COMPRESSION_STABLE_ALIGNED | COMMIT_STUDENT_WEIGHT_ADJUSTMENT | 200
DIST-00847 | 5.859 | 4.672 | 0.9234 | COMPRESSION_STABLE_ALIGNED | COMMIT_STUDENT_WEIGHT_ADJUSTMENT | 200
DIST-00848 | 6.603 | 5.128 | 1.14 | COMPRESSION_STABLE_ALIGNED | COMMIT_STUDENT_WEIGHT_ADJUSTMENT | 200
DIST-00849 | 6.728 | 6.434 | 0.1742 | COMPRESSION_STABLE_ALIGNED | COMMIT_STUDENT_WEIGHT_ADJUSTMENT | 200
DIST-00850 | 5.659 | 2.213 | 3.3047 | ENTROPY_DRIFT_DIVERGENCE_HAZARD | TRIGGER_DYNAMIC_LOSS_WEIGHT_RESCALE | 422
DIST-00851 | 6.524 | 3.839 | 2.264 | ENTROPY_DRIFT_DIVERGENCE_HAZARD | TRIGGER_DYNAMIC_LOSS_WEIGHT_RESCALE | 422
DIST-00852 | 6.485 | 4.910 | 1.1819 | COMPRESSION_STABLE_ALIGNED | COMMIT_STUDENT_WEIGHT_ADJUSTMENT | 200
DIST-00853 | 7.816 | 7.038 | 0.4289 | COMPRESSION_STABLE_ALIGNED | COMMIT_STUDENT_WEIGHT_ADJUSTMENT | 200
DIST-00854 | 4.960 | 3.474 | 1.2684 | ENTROPY_DRIFT_DIVERGENCE_HAZARD | TRIGGER_DYNAMIC_LOSS_WEIGHT_RESCALE | 422
DIST-00855 | 4.757 | 5.235 | 0.0 | COMPRESSION_STABLE_ALIGNED | COMMIT_STUDENT_WEIGHT_ADJUSTMENT | 200
DIST-00856 | 6.642 | 4.530 | 1.6558 | ENTROPY_DRIFT_DIVERGENCE_HAZARD | TRIGGER_DYNAMIC_LOSS_WEIGHT_RESCALE | 422
DIST-00857 | 7.940 | 4.968 | 2.1575 | ENTROPY_DRIFT_DIVERGENCE_HAZARD | TRIGGER_DYNAMIC_LOSS_WEIGHT_RESCALE | 422
DIST-00858 | 1.803 | -0.684 | 1.8419 | ENTROPY_DRIFT_DIVERGENCE_HAZARD | TRIGGER_DYNAMIC_LOSS_WEIGHT_RESCALE | 422
DIST-00859 | 5.933 | 4.144 | 1.4487 | ENTROPY_DRIFT_DIVERGENCE_HAZARD | TRIGGER_DYNAMIC_LOSS_WEIGHT_RESCALE | 422
DIST-00860 | 6.351 | 5.308 | 0.7703 | COMPRESSION_STABLE_ALIGNED | COMMIT_STUDENT_WEIGHT_ADJUSTMENT | 200
DIST-00861 | 4.923 | 4.958 | 0.0 | COMPRESSION_STABLE_ALIGNED | COMMIT_STUDENT_WEIGHT_ADJUSTMENT | 200
DIST-00862 | 5.501 | 5.619 | 0.0 | COMPRESSION_STABLE_ALIGNED | COMMIT_STUDENT_WEIGHT_ADJUSTMENT | 200
DIST-00863 | 6.320 | 4.468 | 1.5014 | ENTROPY_DRIFT_DIVERGENCE_HAZARD | TRIGGER_DYNAMIC_LOSS_WEIGHT_RESCALE | 422
DIST-00864 | 4.108 | 3.826 | 0.2527 | COMPRESSION_STABLE_ALIGNED | COMMIT_STUDENT_WEIGHT_ADJUSTMENT | 200
DIST-00865 | 1.759 | 0.260 | 1.0427 | COMPRESSION_STABLE_ALIGNED | COMMIT_STUDENT_WEIGHT_ADJUSTMENT | 200
DIST-00866 | 4.483 | 3.001 | 1.2449 | COMPRESSION_STABLE_ALIGNED | COMMIT_STUDENT_WEIGHT_ADJUSTMENT | 200
DIST-00867 | 4.703 | 1.952 | 2.563 | ENTROPY_DRIFT_DIVERGENCE_HAZARD | TRIGGER_DYNAMIC_LOSS_WEIGHT_RESCALE | 422
DIST-00868 | 6.320 | 4.360 | 1.5806 | ENTROPY_DRIFT_DIVERGENCE_HAZARD | TRIGGER_DYNAMIC_LOSS_WEIGHT_RESCALE | 422
DIST-00869 | 5.312 | 5.206 | 0.0902 | COMPRESSION_STABLE_ALIGNED | COMMIT_STUDENT_WEIGHT_ADJUSTMENT | 200
DIST-00870 | 1.965 | -1.446 | 2.6993 | ENTROPY_DRIFT_DIVERGENCE_HAZARD | TRIGGER_DYNAMIC_LOSS_WEIGHT_RESCALE | 422
DIST-00871 | 2.929 | 2.268 | 0.4982 | COMPRESSION_STABLE_ALIGNED | COMMIT_STUDENT_WEIGHT_ADJUSTMENT | 200
DIST-00872 | 3.709 | 1.680 | 1.7391 | ENTROPY_DRIFT_DIVERGENCE_HAZARD | TRIGGER_DYNAMIC_LOSS_WEIGHT_RESCALE | 422
DIST-00873 | 2.781 | 0.176 | 2.1472 | ENTROPY_DRIFT_DIVERGENCE_HAZARD | TRIGGER_DYNAMIC_LOSS_WEIGHT_RESCALE | 422
DIST-00874 | 2.897 | 0.346 | 2.1335 | ENTROPY_DRIFT_DIVERGENCE_HAZARD | TRIGGER_DYNAMIC_LOSS_WEIGHT_RESCALE | 422
DIST-00875 | 4.571 | 3.672 | 0.7224 | COMPRESSION_STABLE_ALIGNED | COMMIT_STUDENT_WEIGHT_ADJUSTMENT | 200
DIST-00876 | 7.023 | 5.876 | 0.8098 | COMPRESSION_STABLE_ALIGNED | COMMIT_STUDENT_WEIGHT_ADJUSTMENT | 200
DIST-00877 | 5.673 | 5.442 | 0.1536 | COMPRESSION_STABLE_ALIGNED | COMMIT_STUDENT_WEIGHT_ADJUSTMENT | 200
DIST-00878 | 2.204 | 0.360 | 1.3989 | ENTROPY_DRIFT_DIVERGENCE_HAZARD | TRIGGER_DYNAMIC_LOSS_WEIGHT_RESCALE | 422
DIST-00879 | 1.821 | 0.847 | 0.6743 | COMPRESSION_STABLE_ALIGNED | COMMIT_STUDENT_WEIGHT_ADJUSTMENT | 200
DIST-00880 | 4.645 | 2.260 | 2.1821 | ENTROPY_DRIFT_DIVERGENCE_HAZARD | TRIGGER_DYNAMIC_LOSS_WEIGHT_RESCALE | 422
DIST-00881 | 3.736 | 3.054 | 0.5886 | COMPRESSION_STABLE_ALIGNED | COMMIT_STUDENT_WEIGHT_ADJUSTMENT | 200
DIST-00882 | 7.019 | 7.160 | 0.0 | COMPRESSION_STABLE_ALIGNED | COMMIT_STUDENT_WEIGHT_ADJUSTMENT | 200
DIST-00883 | 1.609 | -1.311 | 2.1111 | ENTROPY_DRIFT_DIVERGENCE_HAZARD | TRIGGER_DYNAMIC_LOSS_WEIGHT_RESCALE | 422
DIST-00884 | 1.959 | -0.534 | 1.899 | ENTROPY_DRIFT_DIVERGENCE_HAZARD | TRIGGER_DYNAMIC_LOSS_WEIGHT_RESCALE | 422
DIST-00885 | 3.143 | 1.271 | 1.5654 | ENTROPY_DRIFT_DIVERGENCE_HAZARD | TRIGGER_DYNAMIC_LOSS_WEIGHT_RESCALE | 422
DIST-00886 | 3.548 | 1.952 | 1.3702 | ENTROPY_DRIFT_DIVERGENCE_HAZARD | TRIGGER_DYNAMIC_LOSS_WEIGHT_RESCALE | 422
DIST-00887 | 6.852 | 5.593 | 0.892 | COMPRESSION_STABLE_ALIGNED | COMMIT_STUDENT_WEIGHT_ADJUSTMENT | 200
DIST-00888 | 2.531 | 2.878 | 0.0 | COMPRESSION_STABLE_ALIGNED | COMMIT_STUDENT_WEIGHT_ADJUSTMENT | 200
DIST-00889 | 5.823 | 5.956 | 0.0 | COMPRESSION_STABLE_ALIGNED | COMMIT_STUDENT_WEIGHT_ADJUSTMENT | 200
DIST-00890 | 3.756 | 1.514 | 1.9917 | ENTROPY_DRIFT_DIVERGENCE_HAZARD | TRIGGER_DYNAMIC_LOSS_WEIGHT_RESCALE | 422
DIST-00891 | 3.859 | 4.336 | 0.0 | COMPRESSION_STABLE_ALIGNED | COMMIT_STUDENT_WEIGHT_ADJUSTMENT | 200
DIST-00892 | 5.718 | 4.909 | 0.6192 | COMPRESSION_STABLE_ALIGNED | COMMIT_STUDENT_WEIGHT_ADJUSTMENT | 200
DIST-00893 | 3.057 | 1.231 | 1.5219 | ENTROPY_DRIFT_DIVERGENCE_HAZARD | TRIGGER_DYNAMIC_LOSS_WEIGHT_RESCALE | 422
DIST-00894 | 2.904 | 3.150 | 0.0 | COMPRESSION_STABLE_ALIGNED | COMMIT_STUDENT_WEIGHT_ADJUSTMENT | 200
DIST-00895 | 7.325 | 4.875 | 1.8727 | ENTROPY_DRIFT_DIVERGENCE_HAZARD | TRIGGER_DYNAMIC_LOSS_WEIGHT_RESCALE | 422
DIST-00896 | 5.851 | 4.212 | 1.3394 | ENTROPY_DRIFT_DIVERGENCE_HAZARD | TRIGGER_DYNAMIC_LOSS_WEIGHT_RESCALE | 422
DIST-00897 | 5.242 | 4.056 | 0.9525 | COMPRESSION_STABLE_ALIGNED | COMMIT_STUDENT_WEIGHT_ADJUSTMENT | 200
DIST-00898 | 8.296 | 5.226 | 2.1492 | ENTROPY_DRIFT_DIVERGENCE_HAZARD | TRIGGER_DYNAMIC_LOSS_WEIGHT_RESCALE | 422
DIST-00899 | 4.815 | 1.960 | 2.6966 | ENTROPY_DRIFT_DIVERGENCE_HAZARD | TRIGGER_DYNAMIC_LOSS_WEIGHT_RESCALE | 422
DIST-00900 | 8.190 | 7.622 | 0.2761 | COMPRESSION_STABLE_ALIGNED | COMMIT_STUDENT_WEIGHT_ADJUSTMENT | 200
DIST-00901 | 8.037 | 4.909 | 2.3043 | ENTROPY_DRIFT_DIVERGENCE_HAZARD | TRIGGER_DYNAMIC_LOSS_WEIGHT_RESCALE | 422
DIST-00902 | 3.323 | 1.918 | 1.138 | COMPRESSION_STABLE_ALIGNED | COMMIT_STUDENT_WEIGHT_ADJUSTMENT | 200
DIST-00903 | 5.104 | 4.277 | 0.6497 | COMPRESSION_STABLE_ALIGNED | COMMIT_STUDENT_WEIGHT_ADJUSTMENT | 200
DIST-00904 | 2.965 | 1.894 | 0.862 | COMPRESSION_STABLE_ALIGNED | COMMIT_STUDENT_WEIGHT_ADJUSTMENT | 200
DIST-00905 | 4.050 | 1.292 | 2.5375 | ENTROPY_DRIFT_DIVERGENCE_HAZARD | TRIGGER_DYNAMIC_LOSS_WEIGHT_RESCALE | 422
DIST-00906 | 6.673 | 6.145 | 0.3482 | COMPRESSION_STABLE_ALIGNED | COMMIT_STUDENT_WEIGHT_ADJUSTMENT | 200
DIST-00907 | 5.847 | 3.170 | 2.3628 | ENTROPY_DRIFT_DIVERGENCE_HAZARD | TRIGGER_DYNAMIC_LOSS_WEIGHT_RESCALE | 422
DIST-00908 | 4.186 | 1.524 | 2.4551 | ENTROPY_DRIFT_DIVERGENCE_HAZARD | TRIGGER_DYNAMIC_LOSS_WEIGHT_RESCALE | 422
DIST-00909 | 2.904 | 2.878 | 0.032 | COMPRESSION_STABLE_ALIGNED | COMMIT_STUDENT_WEIGHT_ADJUSTMENT | 200
DIST-00910 | 3.064 | 0.962 | 1.7976 | ENTROPY_DRIFT_DIVERGENCE_HAZARD | TRIGGER_DYNAMIC_LOSS_WEIGHT_RESCALE | 422
DIST-00911 | 3.739 | 1.869 | 1.5975 | ENTROPY_DRIFT_DIVERGENCE_HAZARD | TRIGGER_DYNAMIC_LOSS_WEIGHT_RESCALE | 422
DIST-00912 | 4.442 | 2.466 | 1.739 | ENTROPY_DRIFT_DIVERGENCE_HAZARD | TRIGGER_DYNAMIC_LOSS_WEIGHT_RESCALE | 422
DIST-00913 | 4.573 | 1.566 | 2.8472 | ENTROPY_DRIFT_DIVERGENCE_HAZARD | TRIGGER_DYNAMIC_LOSS_WEIGHT_RESCALE | 422
DIST-00914 | 3.676 | 1.784 | 1.6522 | ENTROPY_DRIFT_DIVERGENCE_HAZARD | TRIGGER_DYNAMIC_LOSS_WEIGHT_RESCALE | 422
DIST-00915 | 8.437 | 7.410 | 0.5335 | COMPRESSION_STABLE_ALIGNED | COMMIT_STUDENT_WEIGHT_ADJUSTMENT | 200
DIST-00916 | 5.687 | 2.732 | 2.7319 | ENTROPY_DRIFT_DIVERGENCE_HAZARD | TRIGGER_DYNAMIC_LOSS_WEIGHT_RESCALE | 422
DIST-00917 | 2.966 | -0.361 | 2.9353 | ENTROPY_DRIFT_DIVERGENCE_HAZARD | TRIGGER_DYNAMIC_LOSS_WEIGHT_RESCALE | 422
DIST-00918 | 2.998 | 2.612 | 0.2925 | COMPRESSION_STABLE_ALIGNED | COMMIT_STUDENT_WEIGHT_ADJUSTMENT | 200
DIST-00919 | 7.553 | 5.697 | 1.2511 | ENTROPY_DRIFT_DIVERGENCE_HAZARD | TRIGGER_DYNAMIC_LOSS_WEIGHT_RESCALE | 422
DIST-00920 | 6.418 | 6.315 | 0.0709 | COMPRESSION_STABLE_ALIGNED | COMMIT_STUDENT_WEIGHT_ADJUSTMENT | 200
DIST-00921 | 6.112 | 4.712 | 1.1033 | COMPRESSION_STABLE_ALIGNED | COMMIT_STUDENT_WEIGHT_ADJUSTMENT | 200
DIST-00922 | 7.114 | 6.199 | 0.5721 | COMPRESSION_STABLE_ALIGNED | COMMIT_STUDENT_WEIGHT_ADJUSTMENT | 200
DIST-00923 | 5.518 | 2.243 | 3.1268 | ENTROPY_DRIFT_DIVERGENCE_HAZARD | TRIGGER_DYNAMIC_LOSS_WEIGHT_RESCALE | 422
DIST-00924 | 5.510 | 4.257 | 0.9865 | COMPRESSION_STABLE_ALIGNED | COMMIT_STUDENT_WEIGHT_ADJUSTMENT | 200
DIST-00925 | 2.021 | -0.292 | 1.7682 | ENTROPY_DRIFT_DIVERGENCE_HAZARD | TRIGGER_DYNAMIC_LOSS_WEIGHT_RESCALE | 422
DIST-00926 | 1.968 | -0.838 | 2.1114 | ENTROPY_DRIFT_DIVERGENCE_HAZARD | TRIGGER_DYNAMIC_LOSS_WEIGHT_RESCALE | 422
DIST-00927 | 7.375 | 5.193 | 1.5704 | ENTROPY_DRIFT_DIVERGENCE_HAZARD | TRIGGER_DYNAMIC_LOSS_WEIGHT_RESCALE | 422
DIST-00928 | 5.267 | 4.248 | 0.8156 | COMPRESSION_STABLE_ALIGNED | COMMIT_STUDENT_WEIGHT_ADJUSTMENT | 200
DIST-00929 | 4.412 | 2.897 | 1.3143 | ENTROPY_DRIFT_DIVERGENCE_HAZARD | TRIGGER_DYNAMIC_LOSS_WEIGHT_RESCALE | 422
DIST-00930 | 2.839 | -0.001 | 2.4089 | ENTROPY_DRIFT_DIVERGENCE_HAZARD | TRIGGER_DYNAMIC_LOSS_WEIGHT_RESCALE | 422
DIST-00931 | 5.897 | 3.313 | 2.2691 | ENTROPY_DRIFT_DIVERGENCE_HAZARD | TRIGGER_DYNAMIC_LOSS_WEIGHT_RESCALE | 422
DIST-00932 | 7.653 | 6.713 | 0.5978 | COMPRESSION_STABLE_ALIGNED | COMMIT_STUDENT_WEIGHT_ADJUSTMENT | 200
DIST-00933 | 2.675 | 2.867 | 0.0 | COMPRESSION_STABLE_ALIGNED | COMMIT_STUDENT_WEIGHT_ADJUSTMENT | 200
DIST-00934 | 5.836 | 5.136 | 0.4722 | COMPRESSION_STABLE_ALIGNED | COMMIT_STUDENT_WEIGHT_ADJUSTMENT | 200
DIST-00935 | 2.984 | 0.513 | 2.0973 | ENTROPY_DRIFT_DIVERGENCE_HAZARD | TRIGGER_DYNAMIC_LOSS_WEIGHT_RESCALE | 422
DIST-00936 | 4.463 | 1.330 | 2.9709 | ENTROPY_DRIFT_DIVERGENCE_HAZARD | TRIGGER_DYNAMIC_LOSS_WEIGHT_RESCALE | 422
DIST-00937 | 3.256 | 0.186 | 2.7165 | ENTROPY_DRIFT_DIVERGENCE_HAZARD | TRIGGER_DYNAMIC_LOSS_WEIGHT_RESCALE | 422
DIST-00938 | 1.946 | -0.635 | 1.961 | ENTROPY_DRIFT_DIVERGENCE_HAZARD | TRIGGER_DYNAMIC_LOSS_WEIGHT_RESCALE | 422
DIST-00939 | 8.357 | 6.511 | 1.0952 | COMPRESSION_STABLE_ALIGNED | COMMIT_STUDENT_WEIGHT_ADJUSTMENT | 200
DIST-00940 | 5.654 | 3.044 | 2.3304 | ENTROPY_DRIFT_DIVERGENCE_HAZARD | TRIGGER_DYNAMIC_LOSS_WEIGHT_RESCALE | 422
DIST-00941 | 6.561 | 5.575 | 0.6679 | COMPRESSION_STABLE_ALIGNED | COMMIT_STUDENT_WEIGHT_ADJUSTMENT | 200
DIST-00942 | 4.009 | 2.143 | 1.6317 | ENTROPY_DRIFT_DIVERGENCE_HAZARD | TRIGGER_DYNAMIC_LOSS_WEIGHT_RESCALE | 422
DIST-00943 | 6.528 | 6.384 | 0.1054 | COMPRESSION_STABLE_ALIGNED | COMMIT_STUDENT_WEIGHT_ADJUSTMENT | 200
DIST-00944 | 1.988 | -1.163 | 2.4397 | ENTROPY_DRIFT_DIVERGENCE_HAZARD | TRIGGER_DYNAMIC_LOSS_WEIGHT_RESCALE | 422
DIST-00945 | 5.393 | 1.970 | 3.3528 | ENTROPY_DRIFT_DIVERGENCE_HAZARD | TRIGGER_DYNAMIC_LOSS_WEIGHT_RESCALE | 422
DIST-00946 | 3.817 | 1.250 | 2.2867 | ENTROPY_DRIFT_DIVERGENCE_HAZARD | TRIGGER_DYNAMIC_LOSS_WEIGHT_RESCALE | 422
DIST-00947 | 2.263 | 1.104 | 0.8229 | COMPRESSION_STABLE_ALIGNED | COMMIT_STUDENT_WEIGHT_ADJUSTMENT | 200
DIST-00948 | 6.067 | 4.531 | 1.195 | COMPRESSION_STABLE_ALIGNED | COMMIT_STUDENT_WEIGHT_ADJUSTMENT | 200
DIST-00949 | 2.602 | 0.867 | 1.3625 | ENTROPY_DRIFT_DIVERGENCE_HAZARD | TRIGGER_DYNAMIC_LOSS_WEIGHT_RESCALE | 422
DIST-00950 | 2.930 | 2.591 | 0.2571 | COMPRESSION_STABLE_ALIGNED | COMMIT_STUDENT_WEIGHT_ADJUSTMENT | 200
DIST-00951 | 4.824 | 2.444 | 2.146 | ENTROPY_DRIFT_DIVERGENCE_HAZARD | TRIGGER_DYNAMIC_LOSS_WEIGHT_RESCALE | 422
DIST-00952 | 5.170 | 2.883 | 2.0438 | ENTROPY_DRIFT_DIVERGENCE_HAZARD | TRIGGER_DYNAMIC_LOSS_WEIGHT_RESCALE | 422
DIST-00953 | 7.189 | 5.887 | 0.8489 | COMPRESSION_STABLE_ALIGNED | COMMIT_STUDENT_WEIGHT_ADJUSTMENT | 200
DIST-00954 | 4.658 | 3.649 | 0.8468 | COMPRESSION_STABLE_ALIGNED | COMMIT_STUDENT_WEIGHT_ADJUSTMENT | 200
DIST-00955 | 6.611 | 5.960 | 0.4364 | COMPRESSION_STABLE_ALIGNED | COMMIT_STUDENT_WEIGHT_ADJUSTMENT | 200
DIST-00956 | 2.410 | 1.817 | 0.4518 | COMPRESSION_STABLE_ALIGNED | COMMIT_STUDENT_WEIGHT_ADJUSTMENT | 200
DIST-00957 | 3.686 | 1.929 | 1.4987 | ENTROPY_DRIFT_DIVERGENCE_HAZARD | TRIGGER_DYNAMIC_LOSS_WEIGHT_RESCALE | 422
DIST-00958 | 8.226 | 5.867 | 1.5347 | ENTROPY_DRIFT_DIVERGENCE_HAZARD | TRIGGER_DYNAMIC_LOSS_WEIGHT_RESCALE | 422
DIST-00959 | 5.043 | 1.682 | 3.272 | ENTROPY_DRIFT_DIVERGENCE_HAZARD | TRIGGER_DYNAMIC_LOSS_WEIGHT_RESCALE | 422
DIST-00960 | 2.717 | 1.175 | 1.2208 | COMPRESSION_STABLE_ALIGNED | COMMIT_STUDENT_WEIGHT_ADJUSTMENT | 200
DIST-00961 | 8.054 | 8.145 | 0.0 | COMPRESSION_STABLE_ALIGNED | COMMIT_STUDENT_WEIGHT_ADJUSTMENT | 200
DIST-00962 | 7.171 | 5.008 | 1.6358 | ENTROPY_DRIFT_DIVERGENCE_HAZARD | TRIGGER_DYNAMIC_LOSS_WEIGHT_RESCALE | 422
DIST-00963 | 6.262 | 6.438 | 0.0 | COMPRESSION_STABLE_ALIGNED | COMMIT_STUDENT_WEIGHT_ADJUSTMENT | 200
DIST-00964 | 1.949 | 0.388 | 1.1432 | COMPRESSION_STABLE_ALIGNED | COMMIT_STUDENT_WEIGHT_ADJUSTMENT | 200
DIST-00965 | 8.493 | 8.776 | 0.0 | COMPRESSION_STABLE_ALIGNED | COMMIT_STUDENT_WEIGHT_ADJUSTMENT | 200
DIST-00966 | 3.920 | 0.550 | 3.2196 | ENTROPY_DRIFT_DIVERGENCE_HAZARD | TRIGGER_DYNAMIC_LOSS_WEIGHT_RESCALE | 422
DIST-00967 | 5.944 | 5.928 | 0.0 | COMPRESSION_STABLE_ALIGNED | COMMIT_STUDENT_WEIGHT_ADJUSTMENT | 200
DIST-00968 | 3.569 | 3.889 | 0.0 | COMPRESSION_STABLE_ALIGNED | COMMIT_STUDENT_WEIGHT_ADJUSTMENT | 200
DIST-00969 | 1.585 | 1.197 | 0.2524 | COMPRESSION_STABLE_ALIGNED | COMMIT_STUDENT_WEIGHT_ADJUSTMENT | 200
DIST-00970 | 6.282 | 5.875 | 0.2485 | COMPRESSION_STABLE_ALIGNED | COMMIT_STUDENT_WEIGHT_ADJUSTMENT | 200
DIST-00971 | 5.765 | 5.976 | 0.0 | COMPRESSION_STABLE_ALIGNED | COMMIT_STUDENT_WEIGHT_ADJUSTMENT | 200
DIST-00972 | 7.849 | 6.721 | 0.652 | COMPRESSION_STABLE_ALIGNED | COMMIT_STUDENT_WEIGHT_ADJUSTMENT | 200
DIST-00973 | 7.336 | 6.002 | 0.8956 | COMPRESSION_STABLE_ALIGNED | COMMIT_STUDENT_WEIGHT_ADJUSTMENT | 200
DIST-00974 | 6.791 | 7.060 | 0.0 | COMPRESSION_STABLE_ALIGNED | COMMIT_STUDENT_WEIGHT_ADJUSTMENT | 200
DIST-00975 | 3.169 | 2.138 | 0.8047 | COMPRESSION_STABLE_ALIGNED | COMMIT_STUDENT_WEIGHT_ADJUSTMENT | 200
DIST-00976 | 4.436 | 3.873 | 0.4037 | COMPRESSION_STABLE_ALIGNED | COMMIT_STUDENT_WEIGHT_ADJUSTMENT | 200
DIST-00977 | 2.478 | 1.537 | 0.6907 | COMPRESSION_STABLE_ALIGNED | COMMIT_STUDENT_WEIGHT_ADJUSTMENT | 200
DIST-00978 | 7.641 | 7.658 | 0.0 | COMPRESSION_STABLE_ALIGNED | COMMIT_STUDENT_WEIGHT_ADJUSTMENT | 200
DIST-00979 | 6.577 | 6.837 | 0.0 | COMPRESSION_STABLE_ALIGNED | COMMIT_STUDENT_WEIGHT_ADJUSTMENT | 200
DIST-00980 | 2.544 | -0.719 | 2.7464 | ENTROPY_DRIFT_DIVERGENCE_HAZARD | TRIGGER_DYNAMIC_LOSS_WEIGHT_RESCALE | 422
DIST-00981 | 1.709 | 0.338 | 0.9687 | COMPRESSION_STABLE_ALIGNED | COMMIT_STUDENT_WEIGHT_ADJUSTMENT | 200
DIST-00982 | 5.467 | 2.251 | 3.0678 | ENTROPY_DRIFT_DIVERGENCE_HAZARD | TRIGGER_DYNAMIC_LOSS_WEIGHT_RESCALE | 422
DIST-00983 | 3.227 | 2.768 | 0.3305 | COMPRESSION_STABLE_ALIGNED | COMMIT_STUDENT_WEIGHT_ADJUSTMENT | 200
DIST-00984 | 2.807 | 0.511 | 1.8911 | ENTROPY_DRIFT_DIVERGENCE_HAZARD | TRIGGER_DYNAMIC_LOSS_WEIGHT_RESCALE | 422
DIST-00985 | 2.887 | 1.683 | 0.9423 | COMPRESSION_STABLE_ALIGNED | COMMIT_STUDENT_WEIGHT_ADJUSTMENT | 200
DIST-00986 | 5.926 | 6.145 | 0.0 | COMPRESSION_STABLE_ALIGNED | COMMIT_STUDENT_WEIGHT_ADJUSTMENT | 200
DIST-00987 | 6.020 | 6.108 | 0.0 | COMPRESSION_STABLE_ALIGNED | COMMIT_STUDENT_WEIGHT_ADJUSTMENT | 200
DIST-00988 | 2.012 | -0.560 | 1.9749 | ENTROPY_DRIFT_DIVERGENCE_HAZARD | TRIGGER_DYNAMIC_LOSS_WEIGHT_RESCALE | 422
DIST-00989 | 1.870 | 0.260 | 1.1505 | COMPRESSION_STABLE_ALIGNED | COMMIT_STUDENT_WEIGHT_ADJUSTMENT | 200
DIST-00990 | 7.893 | 4.811 | 2.3022 | ENTROPY_DRIFT_DIVERGENCE_HAZARD | TRIGGER_DYNAMIC_LOSS_WEIGHT_RESCALE | 422
DIST-00991 | 4.759 | 3.001 | 1.5181 | ENTROPY_DRIFT_DIVERGENCE_HAZARD | TRIGGER_DYNAMIC_LOSS_WEIGHT_RESCALE | 422
DIST-00992 | 3.418 | 0.087 | 3.0066 | ENTROPY_DRIFT_DIVERGENCE_HAZARD | TRIGGER_DYNAMIC_LOSS_WEIGHT_RESCALE | 422
DIST-00993 | 7.303 | 6.601 | 0.4251 | COMPRESSION_STABLE_ALIGNED | COMMIT_STUDENT_WEIGHT_ADJUSTMENT | 200
DIST-00994 | 2.269 | -0.307 | 2.0144 | ENTROPY_DRIFT_DIVERGENCE_HAZARD | TRIGGER_DYNAMIC_LOSS_WEIGHT_RESCALE | 422
DIST-00995 | 6.526 | 5.579 | 0.6463 | COMPRESSION_STABLE_ALIGNED | COMMIT_STUDENT_WEIGHT_ADJUSTMENT | 200
DIST-00996 | 5.523 | 5.146 | 0.2705 | COMPRESSION_STABLE_ALIGNED | COMMIT_STUDENT_WEIGHT_ADJUSTMENT | 200
DIST-00997 | 5.689 | 2.736 | 2.7592 | ENTROPY_DRIFT_DIVERGENCE_HAZARD | TRIGGER_DYNAMIC_LOSS_WEIGHT_RESCALE | 422
DIST-00998 | 4.515 | 3.718 | 0.649 | COMPRESSION_STABLE_ALIGNED | COMMIT_STUDENT_WEIGHT_ADJUSTMENT | 200
DIST-00999 | 4.681 | 3.694 | 0.7867 | COMPRESSION_STABLE_ALIGNED | COMMIT_STUDENT_WEIGHT_ADJUSTMENT | 200
DIST-01000 | 2.252 | -1.063 | 2.6916 | ENTROPY_DRIFT_DIVERGENCE_HAZARD | TRIGGER_DYNAMIC_LOSS_WEIGHT_RESCALE | 422
DIST-01001 | 7.119 | 3.764 | 2.8902 | ENTROPY_DRIFT_DIVERGENCE_HAZARD | TRIGGER_DYNAMIC_LOSS_WEIGHT_RESCALE | 422
DIST-01002 | 5.458 | 3.039 | 2.1739 | ENTROPY_DRIFT_DIVERGENCE_HAZARD | TRIGGER_DYNAMIC_LOSS_WEIGHT_RESCALE | 422
DIST-01003 | 2.489 | -0.191 | 2.1766 | ENTROPY_DRIFT_DIVERGENCE_HAZARD | TRIGGER_DYNAMIC_LOSS_WEIGHT_RESCALE | 422
DIST-01004 | 6.550 | 4.804 | 1.3249 | ENTROPY_DRIFT_DIVERGENCE_HAZARD | TRIGGER_DYNAMIC_LOSS_WEIGHT_RESCALE | 422
DIST-01005 | 2.636 | -0.382 | 2.5409 | ENTROPY_DRIFT_DIVERGENCE_HAZARD | TRIGGER_DYNAMIC_LOSS_WEIGHT_RESCALE | 422
DIST-01006 | 6.210 | 6.656 | 0.0 | COMPRESSION_STABLE_ALIGNED | COMMIT_STUDENT_WEIGHT_ADJUSTMENT | 200
DIST-01007 | 3.508 | 2.596 | 0.7439 | COMPRESSION_STABLE_ALIGNED | COMMIT_STUDENT_WEIGHT_ADJUSTMENT | 200
DIST-01008 | 8.351 | 5.969 | 1.5236 | ENTROPY_DRIFT_DIVERGENCE_HAZARD | TRIGGER_DYNAMIC_LOSS_WEIGHT_RESCALE | 422
DIST-01009 | 5.659 | 4.253 | 1.1488 | COMPRESSION_STABLE_ALIGNED | COMMIT_STUDENT_WEIGHT_ADJUSTMENT | 200
DIST-01010 | 6.161 | 4.736 | 1.0883 | COMPRESSION_STABLE_ALIGNED | COMMIT_STUDENT_WEIGHT_ADJUSTMENT | 200
DIST-01011 | 7.167 | 5.426 | 1.2603 | ENTROPY_DRIFT_DIVERGENCE_HAZARD | TRIGGER_DYNAMIC_LOSS_WEIGHT_RESCALE | 422
DIST-01012 | 8.464 | 5.329 | 2.1502 | ENTROPY_DRIFT_DIVERGENCE_HAZARD | TRIGGER_DYNAMIC_LOSS_WEIGHT_RESCALE | 422
DIST-01013 | 3.826 | 3.942 | 0.0 | COMPRESSION_STABLE_ALIGNED | COMMIT_STUDENT_WEIGHT_ADJUSTMENT | 200
DIST-01014 | 3.679 | 3.491 | 0.1294 | COMPRESSION_STABLE_ALIGNED | COMMIT_STUDENT_WEIGHT_ADJUSTMENT | 200
DIST-01015 | 3.031 | -0.044 | 2.7235 | ENTROPY_DRIFT_DIVERGENCE_HAZARD | TRIGGER_DYNAMIC_LOSS_WEIGHT_RESCALE | 422
DIST-01016 | 3.261 | 0.886 | 2.0469 | ENTROPY_DRIFT_DIVERGENCE_HAZARD | TRIGGER_DYNAMIC_LOSS_WEIGHT_RESCALE | 422
DIST-01017 | 6.062 | 4.284 | 1.4208 | ENTROPY_DRIFT_DIVERGENCE_HAZARD | TRIGGER_DYNAMIC_LOSS_WEIGHT_RESCALE | 422
DIST-01018 | 6.640 | 7.033 | 0.0 | COMPRESSION_STABLE_ALIGNED | COMMIT_STUDENT_WEIGHT_ADJUSTMENT | 200
DIST-01019 | 4.888 | 1.924 | 2.7899 | ENTROPY_DRIFT_DIVERGENCE_HAZARD | TRIGGER_DYNAMIC_LOSS_WEIGHT_RESCALE | 422
DIST-01020 | 5.466 | 4.219 | 1.0065 | COMPRESSION_STABLE_ALIGNED | COMMIT_STUDENT_WEIGHT_ADJUSTMENT | 200
DIST-01021 | 2.471 | 1.202 | 0.9713 | COMPRESSION_STABLE_ALIGNED | COMMIT_STUDENT_WEIGHT_ADJUSTMENT | 200
DIST-01022 | 2.987 | 0.865 | 1.7499 | ENTROPY_DRIFT_DIVERGENCE_HAZARD | TRIGGER_DYNAMIC_LOSS_WEIGHT_RESCALE | 422
DIST-01023 | 6.923 | 6.382 | 0.3444 | COMPRESSION_STABLE_ALIGNED | COMMIT_STUDENT_WEIGHT_ADJUSTMENT | 200
DIST-01024 | 6.449 | 4.472 | 1.6133 | ENTROPY_DRIFT_DIVERGENCE_HAZARD | TRIGGER_DYNAMIC_LOSS_WEIGHT_RESCALE | 422
DIST-01025 | 6.934 | 5.042 | 1.4424 | ENTROPY_DRIFT_DIVERGENCE_HAZARD | TRIGGER_DYNAMIC_LOSS_WEIGHT_RESCALE | 422
DIST-01026 | 8.230 | 5.736 | 1.648 | ENTROPY_DRIFT_DIVERGENCE_HAZARD | TRIGGER_DYNAMIC_LOSS_WEIGHT_RESCALE | 422
DIST-01027 | 3.122 | 3.162 | 0.0 | COMPRESSION_STABLE_ALIGNED | COMMIT_STUDENT_WEIGHT_ADJUSTMENT | 200
DIST-01028 | 2.147 | 2.094 | 0.0391 | COMPRESSION_STABLE_ALIGNED | COMMIT_STUDENT_WEIGHT_ADJUSTMENT | 200
DIST-01029 | 4.346 | 3.299 | 0.8673 | COMPRESSION_STABLE_ALIGNED | COMMIT_STUDENT_WEIGHT_ADJUSTMENT | 200
DIST-01030 | 5.572 | 4.910 | 0.4763 | COMPRESSION_STABLE_ALIGNED | COMMIT_STUDENT_WEIGHT_ADJUSTMENT | 200
DIST-01031 | 4.565 | 2.758 | 1.5604 | ENTROPY_DRIFT_DIVERGENCE_HAZARD | TRIGGER_DYNAMIC_LOSS_WEIGHT_RESCALE | 422
DIST-01032 | 3.138 | 0.898 | 1.8618 | ENTROPY_DRIFT_DIVERGENCE_HAZARD | TRIGGER_DYNAMIC_LOSS_WEIGHT_RESCALE | 422
DIST-01033 | 7.908 | 7.583 | 0.1791 | COMPRESSION_STABLE_ALIGNED | COMMIT_STUDENT_WEIGHT_ADJUSTMENT | 200
DIST-01034 | 2.020 | -0.195 | 1.676 | ENTROPY_DRIFT_DIVERGENCE_HAZARD | TRIGGER_DYNAMIC_LOSS_WEIGHT_RESCALE | 422
DIST-01035 | 3.097 | -0.098 | 2.8171 | ENTROPY_DRIFT_DIVERGENCE_HAZARD | TRIGGER_DYNAMIC_LOSS_WEIGHT_RESCALE | 422
DIST-01036 | 3.797 | 1.284 | 2.2806 | ENTROPY_DRIFT_DIVERGENCE_HAZARD | TRIGGER_DYNAMIC_LOSS_WEIGHT_RESCALE | 422
DIST-01037 | 8.257 | 7.135 | 0.5893 | COMPRESSION_STABLE_ALIGNED | COMMIT_STUDENT_WEIGHT_ADJUSTMENT | 200
DIST-01038 | 5.482 | 2.255 | 3.042 | ENTROPY_DRIFT_DIVERGENCE_HAZARD | TRIGGER_DYNAMIC_LOSS_WEIGHT_RESCALE | 422
DIST-01039 | 8.493 | 6.594 | 1.1054 | COMPRESSION_STABLE_ALIGNED | COMMIT_STUDENT_WEIGHT_ADJUSTMENT | 200
DIST-01040 | 5.917 | 4.886 | 0.8017 | COMPRESSION_STABLE_ALIGNED | COMMIT_STUDENT_WEIGHT_ADJUSTMENT | 200
DIST-01041 | 8.020 | 4.612 | 2.6279 | ENTROPY_DRIFT_DIVERGENCE_HAZARD | TRIGGER_DYNAMIC_LOSS_WEIGHT_RESCALE | 422
DIST-01042 | 5.802 | 6.022 | 0.0 | COMPRESSION_STABLE_ALIGNED | COMMIT_STUDENT_WEIGHT_ADJUSTMENT | 200
DIST-01043 | 3.931 | 1.951 | 1.7439 | ENTROPY_DRIFT_DIVERGENCE_HAZARD | TRIGGER_DYNAMIC_LOSS_WEIGHT_RESCALE | 422
DIST-01044 | 2.982 | -0.069 | 2.6521 | ENTROPY_DRIFT_DIVERGENCE_HAZARD | TRIGGER_DYNAMIC_LOSS_WEIGHT_RESCALE | 422
DIST-01045 | 1.833 | -0.477 | 1.6937 | ENTROPY_DRIFT_DIVERGENCE_HAZARD | TRIGGER_DYNAMIC_LOSS_WEIGHT_RESCALE | 422
DIST-01046 | 8.130 | 5.975 | 1.3988 | ENTROPY_DRIFT_DIVERGENCE_HAZARD | TRIGGER_DYNAMIC_LOSS_WEIGHT_RESCALE | 422
DIST-01047 | 3.406 | 0.205 | 2.919 | ENTROPY_DRIFT_DIVERGENCE_HAZARD | TRIGGER_DYNAMIC_LOSS_WEIGHT_RESCALE | 422
DIST-01048 | 5.481 | 3.451 | 1.7149 | ENTROPY_DRIFT_DIVERGENCE_HAZARD | TRIGGER_DYNAMIC_LOSS_WEIGHT_RESCALE | 422
DIST-01049 | 2.367 | 1.528 | 0.6436 | COMPRESSION_STABLE_ALIGNED | COMMIT_STUDENT_WEIGHT_ADJUSTMENT | 200
DIST-01050 | 3.607 | 3.375 | 0.2036 | COMPRESSION_STABLE_ALIGNED | COMMIT_STUDENT_WEIGHT_ADJUSTMENT | 200
DIST-01051 | 4.965 | 4.232 | 0.5613 | COMPRESSION_STABLE_ALIGNED | COMMIT_STUDENT_WEIGHT_ADJUSTMENT | 200
DIST-01052 | 3.347 | 0.415 | 2.622 | ENTROPY_DRIFT_DIVERGENCE_HAZARD | TRIGGER_DYNAMIC_LOSS_WEIGHT_RESCALE | 422
DIST-01053 | 1.554 | -0.714 | 1.6073 | ENTROPY_DRIFT_DIVERGENCE_HAZARD | TRIGGER_DYNAMIC_LOSS_WEIGHT_RESCALE | 422
DIST-01054 | 6.561 | 3.920 | 2.2252 | ENTROPY_DRIFT_DIVERGENCE_HAZARD | TRIGGER_DYNAMIC_LOSS_WEIGHT_RESCALE | 422
DIST-01055 | 7.564 | 7.058 | 0.2787 | COMPRESSION_STABLE_ALIGNED | COMMIT_STUDENT_WEIGHT_ADJUSTMENT | 200
DIST-01056 | 5.986 | 5.072 | 0.6663 | COMPRESSION_STABLE_ALIGNED | COMMIT_STUDENT_WEIGHT_ADJUSTMENT | 200
DIST-01057 | 8.300 | 5.416 | 1.9679 | ENTROPY_DRIFT_DIVERGENCE_HAZARD | TRIGGER_DYNAMIC_LOSS_WEIGHT_RESCALE | 422
DIST-01058 | 5.767 | 5.407 | 0.2807 | COMPRESSION_STABLE_ALIGNED | COMMIT_STUDENT_WEIGHT_ADJUSTMENT | 200
DIST-01059 | 7.002 | 6.737 | 0.1719 | COMPRESSION_STABLE_ALIGNED | COMMIT_STUDENT_WEIGHT_ADJUSTMENT | 200
DIST-01060 | 7.077 | 3.942 | 2.6195 | ENTROPY_DRIFT_DIVERGENCE_HAZARD | TRIGGER_DYNAMIC_LOSS_WEIGHT_RESCALE | 422
DIST-01061 | 4.662 | 2.088 | 2.3773 | ENTROPY_DRIFT_DIVERGENCE_HAZARD | TRIGGER_DYNAMIC_LOSS_WEIGHT_RESCALE | 422
DIST-01062 | 3.159 | 1.784 | 1.0517 | COMPRESSION_STABLE_ALIGNED | COMMIT_STUDENT_WEIGHT_ADJUSTMENT | 200
DIST-01063 | 3.734 | 3.948 | 0.0 | COMPRESSION_STABLE_ALIGNED | COMMIT_STUDENT_WEIGHT_ADJUSTMENT | 200
DIST-01064 | 4.741 | 2.681 | 1.783 | ENTROPY_DRIFT_DIVERGENCE_HAZARD | TRIGGER_DYNAMIC_LOSS_WEIGHT_RESCALE | 422
DIST-01065 | 1.608 | 0.204 | 0.9559 | COMPRESSION_STABLE_ALIGNED | COMMIT_STUDENT_WEIGHT_ADJUSTMENT | 200
DIST-01066 | 5.790 | 4.138 | 1.3227 | ENTROPY_DRIFT_DIVERGENCE_HAZARD | TRIGGER_DYNAMIC_LOSS_WEIGHT_RESCALE | 422
DIST-01067 | 7.546 | 6.499 | 0.6183 | COMPRESSION_STABLE_ALIGNED | COMMIT_STUDENT_WEIGHT_ADJUSTMENT | 200
DIST-01068 | 5.498 | 5.516 | 0.0104 | COMPRESSION_STABLE_ALIGNED | COMMIT_STUDENT_WEIGHT_ADJUSTMENT | 200
DIST-01069 | 8.494 | 5.022 | 2.4583 | ENTROPY_DRIFT_DIVERGENCE_HAZARD | TRIGGER_DYNAMIC_LOSS_WEIGHT_RESCALE | 422
DIST-01070 | 6.857 | 5.576 | 0.9053 | COMPRESSION_STABLE_ALIGNED | COMMIT_STUDENT_WEIGHT_ADJUSTMENT | 200
DIST-01071 | 7.163 | 4.117 | 2.5015 | ENTROPY_DRIFT_DIVERGENCE_HAZARD | TRIGGER_DYNAMIC_LOSS_WEIGHT_RESCALE | 422
DIST-01072 | 8.038 | 6.221 | 1.1423 | COMPRESSION_STABLE_ALIGNED | COMMIT_STUDENT_WEIGHT_ADJUSTMENT | 200
DIST-01073 | 8.218 | 6.430 | 1.0769 | COMPRESSION_STABLE_ALIGNED | COMMIT_STUDENT_WEIGHT_ADJUSTMENT | 200
DIST-01074 | 1.620 | -0.617 | 1.5629 | ENTROPY_DRIFT_DIVERGENCE_HAZARD | TRIGGER_DYNAMIC_LOSS_WEIGHT_RESCALE | 422
DIST-01075 | 2.981 | 3.220 | 0.0 | COMPRESSION_STABLE_ALIGNED | COMMIT_STUDENT_WEIGHT_ADJUSTMENT | 200
DIST-01076 | 4.982 | 5.382 | 0.0 | COMPRESSION_STABLE_ALIGNED | COMMIT_STUDENT_WEIGHT_ADJUSTMENT | 200
DIST-01077 | 7.852 | 6.764 | 0.6074 | COMPRESSION_STABLE_ALIGNED | COMMIT_STUDENT_WEIGHT_ADJUSTMENT | 200
DIST-01078 | 6.795 | 7.221 | 0.0 | COMPRESSION_STABLE_ALIGNED | COMMIT_STUDENT_WEIGHT_ADJUSTMENT | 200
DIST-01079 | 7.992 | 4.897 | 2.3096 | ENTROPY_DRIFT_DIVERGENCE_HAZARD | TRIGGER_DYNAMIC_LOSS_WEIGHT_RESCALE | 422
DIST-01080 | 6.740 | 3.640 | 2.7 | ENTROPY_DRIFT_DIVERGENCE_HAZARD | TRIGGER_DYNAMIC_LOSS_WEIGHT_RESCALE | 422
DIST-01081 | 7.371 | 7.526 | 0.0 | COMPRESSION_STABLE_ALIGNED | COMMIT_STUDENT_WEIGHT_ADJUSTMENT | 200
DIST-01082 | 4.456 | 3.487 | 0.7792 | COMPRESSION_STABLE_ALIGNED | COMMIT_STUDENT_WEIGHT_ADJUSTMENT | 200
DIST-01083 | 3.364 | 3.295 | 0.0449 | COMPRESSION_STABLE_ALIGNED | COMMIT_STUDENT_WEIGHT_ADJUSTMENT | 200
DIST-01084 | 2.380 | 1.113 | 0.9921 | COMPRESSION_STABLE_ALIGNED | COMMIT_STUDENT_WEIGHT_ADJUSTMENT | 200
DIST-01085 | 4.146 | 3.586 | 0.4473 | COMPRESSION_STABLE_ALIGNED | COMMIT_STUDENT_WEIGHT_ADJUSTMENT | 200
DIST-01086 | 3.986 | 2.681 | 1.0924 | COMPRESSION_STABLE_ALIGNED | COMMIT_STUDENT_WEIGHT_ADJUSTMENT | 200
DIST-01087 | 6.995 | 4.861 | 1.6397 | ENTROPY_DRIFT_DIVERGENCE_HAZARD | TRIGGER_DYNAMIC_LOSS_WEIGHT_RESCALE | 422
DIST-01088 | 7.169 | 7.389 | 0.0 | COMPRESSION_STABLE_ALIGNED | COMMIT_STUDENT_WEIGHT_ADJUSTMENT | 200
DIST-01089 | 6.474 | 3.567 | 2.5252 | ENTROPY_DRIFT_DIVERGENCE_HAZARD | TRIGGER_DYNAMIC_LOSS_WEIGHT_RESCALE | 422
DIST-01090 | 3.362 | 0.591 | 2.448 | ENTROPY_DRIFT_DIVERGENCE_HAZARD | TRIGGER_DYNAMIC_LOSS_WEIGHT_RESCALE | 422
DIST-01091 | 6.240 | 4.516 | 1.3598 | ENTROPY_DRIFT_DIVERGENCE_HAZARD | TRIGGER_DYNAMIC_LOSS_WEIGHT_RESCALE | 422
DIST-01092 | 4.094 | 2.682 | 1.1829 | COMPRESSION_STABLE_ALIGNED | COMMIT_STUDENT_WEIGHT_ADJUSTMENT | 200
DIST-01093 | 3.180 | 1.285 | 1.5918 | ENTROPY_DRIFT_DIVERGENCE_HAZARD | TRIGGER_DYNAMIC_LOSS_WEIGHT_RESCALE | 422
DIST-01094 | 4.464 | 4.393 | 0.0541 | COMPRESSION_STABLE_ALIGNED | COMMIT_STUDENT_WEIGHT_ADJUSTMENT | 200
DIST-01095 | 5.851 | 3.213 | 2.361 | ENTROPY_DRIFT_DIVERGENCE_HAZARD | TRIGGER_DYNAMIC_LOSS_WEIGHT_RESCALE | 422
DIST-01096 | 7.471 | 6.398 | 0.6685 | COMPRESSION_STABLE_ALIGNED | COMMIT_STUDENT_WEIGHT_ADJUSTMENT | 200
DIST-01097 | 3.830 | 1.860 | 1.7081 | ENTROPY_DRIFT_DIVERGENCE_HAZARD | TRIGGER_DYNAMIC_LOSS_WEIGHT_RESCALE | 422
DIST-01098 | 2.984 | 2.788 | 0.1048 | COMPRESSION_STABLE_ALIGNED | COMMIT_STUDENT_WEIGHT_ADJUSTMENT | 200
DIST-01099 | 6.735 | 5.280 | 1.0752 | COMPRESSION_STABLE_ALIGNED | COMMIT_STUDENT_WEIGHT_ADJUSTMENT | 200
DIST-01100 | 6.771 | 6.438 | 0.2187 | COMPRESSION_STABLE_ALIGNED | COMMIT_STUDENT_WEIGHT_ADJUSTMENT | 200
DIST-01101 | 2.895 | -0.522 | 3.0133 | ENTROPY_DRIFT_DIVERGENCE_HAZARD | TRIGGER_DYNAMIC_LOSS_WEIGHT_RESCALE | 422
DIST-01102 | 1.810 | -0.202 | 1.3979 | ENTROPY_DRIFT_DIVERGENCE_HAZARD | TRIGGER_DYNAMIC_LOSS_WEIGHT_RESCALE | 422
DIST-01103 | 7.100 | 6.797 | 0.2248 | COMPRESSION_STABLE_ALIGNED | COMMIT_STUDENT_WEIGHT_ADJUSTMENT | 200
DIST-01104 | 8.309 | 5.945 | 1.5046 | ENTROPY_DRIFT_DIVERGENCE_HAZARD | TRIGGER_DYNAMIC_LOSS_WEIGHT_RESCALE | 422
DIST-01105 | 2.920 | -0.290 | 2.8149 | ENTROPY_DRIFT_DIVERGENCE_HAZARD | TRIGGER_DYNAMIC_LOSS_WEIGHT_RESCALE | 422
DIST-01106 | 4.404 | 1.401 | 2.8092 | ENTROPY_DRIFT_DIVERGENCE_HAZARD | TRIGGER_DYNAMIC_LOSS_WEIGHT_RESCALE | 422
DIST-01107 | 5.608 | 3.218 | 2.1209 | ENTROPY_DRIFT_DIVERGENCE_HAZARD | TRIGGER_DYNAMIC_LOSS_WEIGHT_RESCALE | 422
DIST-01108 | 7.416 | 4.344 | 2.4311 | ENTROPY_DRIFT_DIVERGENCE_HAZARD | TRIGGER_DYNAMIC_LOSS_WEIGHT_RESCALE | 422
DIST-01109 | 4.961 | 3.602 | 1.1133 | COMPRESSION_STABLE_ALIGNED | COMMIT_STUDENT_WEIGHT_ADJUSTMENT | 200
DIST-01110 | 6.727 | 4.863 | 1.4565 | ENTROPY_DRIFT_DIVERGENCE_HAZARD | TRIGGER_DYNAMIC_LOSS_WEIGHT_RESCALE | 422
DIST-01111 | 3.119 | 1.177 | 1.6099 | ENTROPY_DRIFT_DIVERGENCE_HAZARD | TRIGGER_DYNAMIC_LOSS_WEIGHT_RESCALE | 422
DIST-01112 | 6.208 | 3.382 | 2.4996 | ENTROPY_DRIFT_DIVERGENCE_HAZARD | TRIGGER_DYNAMIC_LOSS_WEIGHT_RESCALE | 422
DIST-01113 | 7.532 | 6.296 | 0.7977 | COMPRESSION_STABLE_ALIGNED | COMMIT_STUDENT_WEIGHT_ADJUSTMENT | 200
DIST-01114 | 5.106 | 3.579 | 1.287 | ENTROPY_DRIFT_DIVERGENCE_HAZARD | TRIGGER_DYNAMIC_LOSS_WEIGHT_RESCALE | 422
DIST-01115 | 4.984 | 5.452 | 0.0 | COMPRESSION_STABLE_ALIGNED | COMMIT_STUDENT_WEIGHT_ADJUSTMENT | 200
DIST-01116 | 3.720 | 2.959 | 0.611 | COMPRESSION_STABLE_ALIGNED | COMMIT_STUDENT_WEIGHT_ADJUSTMENT | 200
DIST-01117 | 7.684 | 6.826 | 0.5517 | COMPRESSION_STABLE_ALIGNED | COMMIT_STUDENT_WEIGHT_ADJUSTMENT | 200
DIST-01118 | 8.204 | 6.968 | 0.692 | COMPRESSION_STABLE_ALIGNED | COMMIT_STUDENT_WEIGHT_ADJUSTMENT | 200
DIST-01119 | 5.149 | 5.405 | 0.0 | COMPRESSION_STABLE_ALIGNED | COMMIT_STUDENT_WEIGHT_ADJUSTMENT | 200
DIST-01120 | 6.577 | 4.532 | 1.6349 | ENTROPY_DRIFT_DIVERGENCE_HAZARD | TRIGGER_DYNAMIC_LOSS_WEIGHT_RESCALE | 422
DIST-01121 | 4.525 | 3.979 | 0.4486 | COMPRESSION_STABLE_ALIGNED | COMMIT_STUDENT_WEIGHT_ADJUSTMENT | 200
DIST-01122 | 3.388 | 1.247 | 1.8566 | ENTROPY_DRIFT_DIVERGENCE_HAZARD | TRIGGER_DYNAMIC_LOSS_WEIGHT_RESCALE | 422
DIST-01123 | 1.536 | -1.666 | 2.3322 | ENTROPY_DRIFT_DIVERGENCE_HAZARD | TRIGGER_DYNAMIC_LOSS_WEIGHT_RESCALE | 422
DIST-01124 | 6.560 | 5.130 | 1.0342 | COMPRESSION_STABLE_ALIGNED | COMMIT_STUDENT_WEIGHT_ADJUSTMENT | 200
DIST-01125 | 1.742 | -0.844 | 1.9277 | ENTROPY_DRIFT_DIVERGENCE_HAZARD | TRIGGER_DYNAMIC_LOSS_WEIGHT_RESCALE | 422
DIST-01126 | 4.951 | 2.533 | 2.1651 | ENTROPY_DRIFT_DIVERGENCE_HAZARD | TRIGGER_DYNAMIC_LOSS_WEIGHT_RESCALE | 422
DIST-01127 | 3.383 | 0.802 | 2.2713 | ENTROPY_DRIFT_DIVERGENCE_HAZARD | TRIGGER_DYNAMIC_LOSS_WEIGHT_RESCALE | 422
DIST-01128 | 6.978 | 4.598 | 1.8451 | ENTROPY_DRIFT_DIVERGENCE_HAZARD | TRIGGER_DYNAMIC_LOSS_WEIGHT_RESCALE | 422
DIST-01129 | 7.247 | 3.944 | 2.7598 | ENTROPY_DRIFT_DIVERGENCE_HAZARD | TRIGGER_DYNAMIC_LOSS_WEIGHT_RESCALE | 422
DIST-01130 | 4.189 | 1.037 | 2.9875 | ENTROPY_DRIFT_DIVERGENCE_HAZARD | TRIGGER_DYNAMIC_LOSS_WEIGHT_RESCALE | 422
DIST-01131 | 5.609 | 4.710 | 0.6953 | COMPRESSION_STABLE_ALIGNED | COMMIT_STUDENT_WEIGHT_ADJUSTMENT | 200
DIST-01132 | 4.506 | 3.146 | 1.1466 | COMPRESSION_STABLE_ALIGNED | COMMIT_STUDENT_WEIGHT_ADJUSTMENT | 200
DIST-01133 | 2.126 | 0.524 | 1.2195 | COMPRESSION_STABLE_ALIGNED | COMMIT_STUDENT_WEIGHT_ADJUSTMENT | 200
DIST-01134 | 8.442 | 8.462 | 0.0 | COMPRESSION_STABLE_ALIGNED | COMMIT_STUDENT_WEIGHT_ADJUSTMENT | 200
DIST-01135 | 3.255 | 2.141 | 0.8827 | COMPRESSION_STABLE_ALIGNED | COMMIT_STUDENT_WEIGHT_ADJUSTMENT | 200
DIST-01136 | 6.504 | 4.388 | 1.7145 | ENTROPY_DRIFT_DIVERGENCE_HAZARD | TRIGGER_DYNAMIC_LOSS_WEIGHT_RESCALE | 422
DIST-01137 | 4.871 | 4.941 | 0.0 | COMPRESSION_STABLE_ALIGNED | COMMIT_STUDENT_WEIGHT_ADJUSTMENT | 200
DIST-01138 | 5.263 | 3.084 | 1.8917 | ENTROPY_DRIFT_DIVERGENCE_HAZARD | TRIGGER_DYNAMIC_LOSS_WEIGHT_RESCALE | 422
DIST-01139 | 6.807 | 4.514 | 1.8234 | ENTROPY_DRIFT_DIVERGENCE_HAZARD | TRIGGER_DYNAMIC_LOSS_WEIGHT_RESCALE | 422
DIST-01140 | 1.549 | -0.008 | 1.0801 | COMPRESSION_STABLE_ALIGNED | COMMIT_STUDENT_WEIGHT_ADJUSTMENT | 200
DIST-01141 | 7.280 | 7.050 | 0.1273 | COMPRESSION_STABLE_ALIGNED | COMMIT_STUDENT_WEIGHT_ADJUSTMENT | 200
DIST-01142 | 4.074 | 1.643 | 2.2155 | ENTROPY_DRIFT_DIVERGENCE_HAZARD | TRIGGER_DYNAMIC_LOSS_WEIGHT_RESCALE | 422
DIST-01143 | 2.258 | 0.812 | 1.0763 | COMPRESSION_STABLE_ALIGNED | COMMIT_STUDENT_WEIGHT_ADJUSTMENT | 200
DIST-01144 | 6.427 | 6.142 | 0.1906 | COMPRESSION_STABLE_ALIGNED | COMMIT_STUDENT_WEIGHT_ADJUSTMENT | 200
DIST-01145 | 5.085 | 2.624 | 2.2242 | ENTROPY_DRIFT_DIVERGENCE_HAZARD | TRIGGER_DYNAMIC_LOSS_WEIGHT_RESCALE | 422
DIST-01146 | 2.800 | 2.795 | 0.0041 | COMPRESSION_STABLE_ALIGNED | COMMIT_STUDENT_WEIGHT_ADJUSTMENT | 200
DIST-01147 | 8.216 | 7.359 | 0.4345 | COMPRESSION_STABLE_ALIGNED | COMMIT_STUDENT_WEIGHT_ADJUSTMENT | 200
DIST-01148 | 6.455 | 3.902 | 2.1205 | ENTROPY_DRIFT_DIVERGENCE_HAZARD | TRIGGER_DYNAMIC_LOSS_WEIGHT_RESCALE | 422
DIST-01149 | 8.178 | 8.028 | 0.1047 | COMPRESSION_STABLE_ALIGNED | COMMIT_STUDENT_WEIGHT_ADJUSTMENT | 200
DIST-01150 | 3.488 | 0.721 | 2.4537 | ENTROPY_DRIFT_DIVERGENCE_HAZARD | TRIGGER_DYNAMIC_LOSS_WEIGHT_RESCALE | 422
DIST-01151 | 6.402 | 4.156 | 1.8217 | ENTROPY_DRIFT_DIVERGENCE_HAZARD | TRIGGER_DYNAMIC_LOSS_WEIGHT_RESCALE | 422
DIST-01152 | 8.386 | 7.715 | 0.2935 | COMPRESSION_STABLE_ALIGNED | COMMIT_STUDENT_WEIGHT_ADJUSTMENT | 200
DIST-01153 | 2.281 | 0.150 | 1.6349 | ENTROPY_DRIFT_DIVERGENCE_HAZARD | TRIGGER_DYNAMIC_LOSS_WEIGHT_RESCALE | 422
DIST-01154 | 3.030 | -0.146 | 2.7636 | ENTROPY_DRIFT_DIVERGENCE_HAZARD | TRIGGER_DYNAMIC_LOSS_WEIGHT_RESCALE | 422
DIST-01155 | 6.283 | 2.860 | 3.209 | ENTROPY_DRIFT_DIVERGENCE_HAZARD | TRIGGER_DYNAMIC_LOSS_WEIGHT_RESCALE | 422
DIST-01156 | 7.483 | 6.482 | 0.639 | COMPRESSION_STABLE_ALIGNED | COMMIT_STUDENT_WEIGHT_ADJUSTMENT | 200
DIST-01157 | 5.755 | 5.542 | 0.1364 | COMPRESSION_STABLE_ALIGNED | COMMIT_STUDENT_WEIGHT_ADJUSTMENT | 200
DIST-01158 | 7.472 | 5.511 | 1.4102 | ENTROPY_DRIFT_DIVERGENCE_HAZARD | TRIGGER_DYNAMIC_LOSS_WEIGHT_RESCALE | 422
DIST-01159 | 7.777 | 6.950 | 0.4949 | COMPRESSION_STABLE_ALIGNED | COMMIT_STUDENT_WEIGHT_ADJUSTMENT | 200
DIST-01160 | 3.182 | 1.711 | 1.1878 | COMPRESSION_STABLE_ALIGNED | COMMIT_STUDENT_WEIGHT_ADJUSTMENT | 200
DIST-01161 | 5.332 | 3.834 | 1.1872 | COMPRESSION_STABLE_ALIGNED | COMMIT_STUDENT_WEIGHT_ADJUSTMENT | 200
DIST-01162 | 6.437 | 4.649 | 1.4393 | ENTROPY_DRIFT_DIVERGENCE_HAZARD | TRIGGER_DYNAMIC_LOSS_WEIGHT_RESCALE | 422
DIST-01163 | 5.336 | 2.864 | 2.1956 | ENTROPY_DRIFT_DIVERGENCE_HAZARD | TRIGGER_DYNAMIC_LOSS_WEIGHT_RESCALE | 422
DIST-01164 | 7.345 | 5.450 | 1.3013 | ENTROPY_DRIFT_DIVERGENCE_HAZARD | TRIGGER_DYNAMIC_LOSS_WEIGHT_RESCALE | 422
DIST-01165 | 1.819 | 1.471 | 0.2536 | COMPRESSION_STABLE_ALIGNED | COMMIT_STUDENT_WEIGHT_ADJUSTMENT | 200
DIST-01166 | 5.660 | 3.443 | 1.9682 | ENTROPY_DRIFT_DIVERGENCE_HAZARD | TRIGGER_DYNAMIC_LOSS_WEIGHT_RESCALE | 422
DIST-01167 | 6.834 | 6.241 | 0.4129 | COMPRESSION_STABLE_ALIGNED | COMMIT_STUDENT_WEIGHT_ADJUSTMENT | 200
DIST-01168 | 8.467 | 7.172 | 0.7073 | COMPRESSION_STABLE_ALIGNED | COMMIT_STUDENT_WEIGHT_ADJUSTMENT | 200
DIST-01169 | 3.790 | 3.639 | 0.1265 | COMPRESSION_STABLE_ALIGNED | COMMIT_STUDENT_WEIGHT_ADJUSTMENT | 200
DIST-01170 | 6.701 | 7.075 | 0.0 | COMPRESSION_STABLE_ALIGNED | COMMIT_STUDENT_WEIGHT_ADJUSTMENT | 200
DIST-01171 | 3.370 | 3.690 | 0.0 | COMPRESSION_STABLE_ALIGNED | COMMIT_STUDENT_WEIGHT_ADJUSTMENT | 200
DIST-01172 | 6.400 | 3.472 | 2.5763 | ENTROPY_DRIFT_DIVERGENCE_HAZARD | TRIGGER_DYNAMIC_LOSS_WEIGHT_RESCALE | 422
DIST-01173 | 3.047 | 0.645 | 2.036 | ENTROPY_DRIFT_DIVERGENCE_HAZARD | TRIGGER_DYNAMIC_LOSS_WEIGHT_RESCALE | 422
DIST-01174 | 1.667 | 0.969 | 0.4666 | COMPRESSION_STABLE_ALIGNED | COMMIT_STUDENT_WEIGHT_ADJUSTMENT | 200
DIST-01175 | 4.588 | 3.920 | 0.5122 | COMPRESSION_STABLE_ALIGNED | COMMIT_STUDENT_WEIGHT_ADJUSTMENT | 200
DIST-01176 | 6.722 | 4.347 | 1.9044 | ENTROPY_DRIFT_DIVERGENCE_HAZARD | TRIGGER_DYNAMIC_LOSS_WEIGHT_RESCALE | 422
DIST-01177 | 5.424 | 5.864 | 0.0 | COMPRESSION_STABLE_ALIGNED | COMMIT_STUDENT_WEIGHT_ADJUSTMENT | 200
DIST-01178 | 5.176 | 2.952 | 1.9678 | ENTROPY_DRIFT_DIVERGENCE_HAZARD | TRIGGER_DYNAMIC_LOSS_WEIGHT_RESCALE | 422
DIST-01179 | 8.031 | 5.385 | 1.8142 | ENTROPY_DRIFT_DIVERGENCE_HAZARD | TRIGGER_DYNAMIC_LOSS_WEIGHT_RESCALE | 422
DIST-01180 | 3.554 | 4.018 | 0.0 | COMPRESSION_STABLE_ALIGNED | COMMIT_STUDENT_WEIGHT_ADJUSTMENT | 200
DIST-01181 | 8.426 | 8.633 | 0.0 | COMPRESSION_STABLE_ALIGNED | COMMIT_STUDENT_WEIGHT_ADJUSTMENT | 200
DIST-01182 | 2.531 | 1.902 | 0.4897 | COMPRESSION_STABLE_ALIGNED | COMMIT_STUDENT_WEIGHT_ADJUSTMENT | 200
DIST-01183 | 3.761 | 0.971 | 2.5522 | ENTROPY_DRIFT_DIVERGENCE_HAZARD | TRIGGER_DYNAMIC_LOSS_WEIGHT_RESCALE | 422
DIST-01184 | 2.280 | 1.183 | 0.7756 | COMPRESSION_STABLE_ALIGNED | COMMIT_STUDENT_WEIGHT_ADJUSTMENT | 200
DIST-01185 | 4.750 | 1.800 | 2.7603 | ENTROPY_DRIFT_DIVERGENCE_HAZARD | TRIGGER_DYNAMIC_LOSS_WEIGHT_RESCALE | 422
DIST-01186 | 4.245 | 2.100 | 1.9208 | ENTROPY_DRIFT_DIVERGENCE_HAZARD | TRIGGER_DYNAMIC_LOSS_WEIGHT_RESCALE | 422
DIST-01187 | 3.933 | 1.012 | 2.677 | ENTROPY_DRIFT_DIVERGENCE_HAZARD | TRIGGER_DYNAMIC_LOSS_WEIGHT_RESCALE | 422
DIST-01188 | 6.880 | 6.206 | 0.4349 | COMPRESSION_STABLE_ALIGNED | COMMIT_STUDENT_WEIGHT_ADJUSTMENT | 200
DIST-01189 | 4.659 | 2.625 | 1.8028 | ENTROPY_DRIFT_DIVERGENCE_HAZARD | TRIGGER_DYNAMIC_LOSS_WEIGHT_RESCALE | 422
DIST-01190 | 1.871 | 1.862 | 0.0 | COMPRESSION_STABLE_ALIGNED | COMMIT_STUDENT_WEIGHT_ADJUSTMENT | 200
DIST-01191 | 7.420 | 7.104 | 0.1831 | COMPRESSION_STABLE_ALIGNED | COMMIT_STUDENT_WEIGHT_ADJUSTMENT | 200
DIST-01192 | 4.691 | 2.759 | 1.6621 | ENTROPY_DRIFT_DIVERGENCE_HAZARD | TRIGGER_DYNAMIC_LOSS_WEIGHT_RESCALE | 422
DIST-01193 | 2.059 | 0.808 | 0.8926 | COMPRESSION_STABLE_ALIGNED | COMMIT_STUDENT_WEIGHT_ADJUSTMENT | 200
DIST-01194 | 8.440 | 5.872 | 1.6482 | ENTROPY_DRIFT_DIVERGENCE_HAZARD | TRIGGER_DYNAMIC_LOSS_WEIGHT_RESCALE | 422
DIST-01195 | 5.946 | 4.162 | 1.4218 | ENTROPY_DRIFT_DIVERGENCE_HAZARD | TRIGGER_DYNAMIC_LOSS_WEIGHT_RESCALE | 422
DIST-01196 | 3.106 | 1.707 | 1.1339 | COMPRESSION_STABLE_ALIGNED | COMMIT_STUDENT_WEIGHT_ADJUSTMENT | 200
DIST-01197 | 4.293 | 3.105 | 0.9808 | COMPRESSION_STABLE_ALIGNED | COMMIT_STUDENT_WEIGHT_ADJUSTMENT | 200
DIST-01198 | 8.153 | 8.279 | 0.0 | COMPRESSION_STABLE_ALIGNED | COMMIT_STUDENT_WEIGHT_ADJUSTMENT | 200
DIST-01199 | 6.457 | 5.492 | 0.6898 | COMPRESSION_STABLE_ALIGNED | COMMIT_STUDENT_WEIGHT_ADJUSTMENT | 200
DIST-01200 | 3.184 | -0.141 | 3.0096 | ENTROPY_DRIFT_DIVERGENCE_HAZARD | TRIGGER_DYNAMIC_LOSS_WEIGHT_RESCALE | 422
DIST-01201 | 6.409 | 3.508 | 2.5411 | ENTROPY_DRIFT_DIVERGENCE_HAZARD | TRIGGER_DYNAMIC_LOSS_WEIGHT_RESCALE | 422
DIST-01202 | 7.205 | 7.031 | 0.0927 | COMPRESSION_STABLE_ALIGNED | COMMIT_STUDENT_WEIGHT_ADJUSTMENT | 200
DIST-01203 | 8.130 | 5.175 | 2.0962 | ENTROPY_DRIFT_DIVERGENCE_HAZARD | TRIGGER_DYNAMIC_LOSS_WEIGHT_RESCALE | 422
DIST-01204 | 5.379 | 4.454 | 0.7321 | COMPRESSION_STABLE_ALIGNED | COMMIT_STUDENT_WEIGHT_ADJUSTMENT | 200
DIST-01205 | 5.476 | 5.523 | 0.0 | COMPRESSION_STABLE_ALIGNED | COMMIT_STUDENT_WEIGHT_ADJUSTMENT | 200
DIST-01206 | 6.312 | 3.033 | 2.997 | ENTROPY_DRIFT_DIVERGENCE_HAZARD | TRIGGER_DYNAMIC_LOSS_WEIGHT_RESCALE | 422
DIST-01207 | 8.305 | 5.727 | 1.6765 | ENTROPY_DRIFT_DIVERGENCE_HAZARD | TRIGGER_DYNAMIC_LOSS_WEIGHT_RESCALE | 422
DIST-01208 | 4.947 | 4.996 | 0.0 | COMPRESSION_STABLE_ALIGNED | COMMIT_STUDENT_WEIGHT_ADJUSTMENT | 200
DIST-01209 | 1.922 | -1.309 | 2.4585 | ENTROPY_DRIFT_DIVERGENCE_HAZARD | TRIGGER_DYNAMIC_LOSS_WEIGHT_RESCALE | 422
DIST-01210 | 8.079 | 8.138 | 0.0062 | COMPRESSION_STABLE_ALIGNED | COMMIT_STUDENT_WEIGHT_ADJUSTMENT | 200
DIST-01211 | 3.997 | 3.643 | 0.249 | COMPRESSION_STABLE_ALIGNED | COMMIT_STUDENT_WEIGHT_ADJUSTMENT | 200
DIST-01212 | 1.605 | 0.474 | 0.7528 | COMPRESSION_STABLE_ALIGNED | COMMIT_STUDENT_WEIGHT_ADJUSTMENT | 200
DIST-01213 | 3.071 | 0.774 | 1.9244 | ENTROPY_DRIFT_DIVERGENCE_HAZARD | TRIGGER_DYNAMIC_LOSS_WEIGHT_RESCALE | 422
DIST-01214 | 7.019 | 5.735 | 0.8989 | COMPRESSION_STABLE_ALIGNED | COMMIT_STUDENT_WEIGHT_ADJUSTMENT | 200
DIST-01215 | 7.904 | 6.125 | 1.1239 | COMPRESSION_STABLE_ALIGNED | COMMIT_STUDENT_WEIGHT_ADJUSTMENT | 200
DIST-01216 | 5.299 | 4.689 | 0.4887 | COMPRESSION_STABLE_ALIGNED | COMMIT_STUDENT_WEIGHT_ADJUSTMENT | 200
DIST-01217 | 7.532 | 6.544 | 0.5908 | COMPRESSION_STABLE_ALIGNED | COMMIT_STUDENT_WEIGHT_ADJUSTMENT | 200
DIST-01218 | 7.729 | 4.628 | 2.3831 | ENTROPY_DRIFT_DIVERGENCE_HAZARD | TRIGGER_DYNAMIC_LOSS_WEIGHT_RESCALE | 422
DIST-01219 | 3.542 | 1.716 | 1.5306 | ENTROPY_DRIFT_DIVERGENCE_HAZARD | TRIGGER_DYNAMIC_LOSS_WEIGHT_RESCALE | 422
DIST-01220 | 6.917 | 4.864 | 1.6023 | ENTROPY_DRIFT_DIVERGENCE_HAZARD | TRIGGER_DYNAMIC_LOSS_WEIGHT_RESCALE | 422
DIST-01221 | 6.762 | 6.693 | 0.0191 | COMPRESSION_STABLE_ALIGNED | COMMIT_STUDENT_WEIGHT_ADJUSTMENT | 200
DIST-01222 | 2.816 | 0.674 | 1.7599 | ENTROPY_DRIFT_DIVERGENCE_HAZARD | TRIGGER_DYNAMIC_LOSS_WEIGHT_RESCALE | 422
DIST-01223 | 8.184 | 7.633 | 0.2962 | COMPRESSION_STABLE_ALIGNED | COMMIT_STUDENT_WEIGHT_ADJUSTMENT | 200
DIST-01224 | 2.482 | 2.705 | 0.0 | COMPRESSION_STABLE_ALIGNED | COMMIT_STUDENT_WEIGHT_ADJUSTMENT | 200
DIST-01225 | 3.167 | 1.910 | 1.0021 | COMPRESSION_STABLE_ALIGNED | COMMIT_STUDENT_WEIGHT_ADJUSTMENT | 200
DIST-01226 | 6.017 | 4.632 | 1.0757 | COMPRESSION_STABLE_ALIGNED | COMMIT_STUDENT_WEIGHT_ADJUSTMENT | 200
DIST-01227 | 8.158 | 7.325 | 0.4479 | COMPRESSION_STABLE_ALIGNED | COMMIT_STUDENT_WEIGHT_ADJUSTMENT | 200
DIST-01228 | 7.819 | 7.064 | 0.4236 | COMPRESSION_STABLE_ALIGNED | COMMIT_STUDENT_WEIGHT_ADJUSTMENT | 200
DIST-01229 | 6.700 | 5.894 | 0.5653 | COMPRESSION_STABLE_ALIGNED | COMMIT_STUDENT_WEIGHT_ADJUSTMENT | 200
DIST-01230 | 3.471 | 0.914 | 2.298 | ENTROPY_DRIFT_DIVERGENCE_HAZARD | TRIGGER_DYNAMIC_LOSS_WEIGHT_RESCALE | 422
DIST-01231 | 6.209 | 6.087 | 0.0695 | COMPRESSION_STABLE_ALIGNED | COMMIT_STUDENT_WEIGHT_ADJUSTMENT | 200
DIST-01232 | 6.924 | 6.944 | 0.0 | COMPRESSION_STABLE_ALIGNED | COMMIT_STUDENT_WEIGHT_ADJUSTMENT | 200
DIST-01233 | 3.630 | 3.282 | 0.2659 | COMPRESSION_STABLE_ALIGNED | COMMIT_STUDENT_WEIGHT_ADJUSTMENT | 200
DIST-01234 | 6.287 | 5.995 | 0.248 | COMPRESSION_STABLE_ALIGNED | COMMIT_STUDENT_WEIGHT_ADJUSTMENT | 200
DIST-01235 | 2.045 | 1.833 | 0.1292 | COMPRESSION_STABLE_ALIGNED | COMMIT_STUDENT_WEIGHT_ADJUSTMENT | 200
DIST-01236 | 8.471 | 6.839 | 0.9495 | COMPRESSION_STABLE_ALIGNED | COMMIT_STUDENT_WEIGHT_ADJUSTMENT | 200
DIST-01237 | 5.917 | 3.989 | 1.6311 | ENTROPY_DRIFT_DIVERGENCE_HAZARD | TRIGGER_DYNAMIC_LOSS_WEIGHT_RESCALE | 422
DIST-01238 | 4.666 | 1.739 | 2.7428 | ENTROPY_DRIFT_DIVERGENCE_HAZARD | TRIGGER_DYNAMIC_LOSS_WEIGHT_RESCALE | 422
DIST-01239 | 4.926 | 4.366 | 0.4434 | COMPRESSION_STABLE_ALIGNED | COMMIT_STUDENT_WEIGHT_ADJUSTMENT | 200
DIST-01240 | 4.273 | 1.261 | 2.8634 | ENTROPY_DRIFT_DIVERGENCE_HAZARD | TRIGGER_DYNAMIC_LOSS_WEIGHT_RESCALE | 422
DIST-01241 | 2.789 | -0.134 | 2.4698 | ENTROPY_DRIFT_DIVERGENCE_HAZARD | TRIGGER_DYNAMIC_LOSS_WEIGHT_RESCALE | 422
DIST-01242 | 6.856 | 6.284 | 0.3648 | COMPRESSION_STABLE_ALIGNED | COMMIT_STUDENT_WEIGHT_ADJUSTMENT | 200
DIST-01243 | 8.393 | 5.808 | 1.6587 | ENTROPY_DRIFT_DIVERGENCE_HAZARD | TRIGGER_DYNAMIC_LOSS_WEIGHT_RESCALE | 422
DIST-01244 | 4.670 | 4.065 | 0.4534 | COMPRESSION_STABLE_ALIGNED | COMMIT_STUDENT_WEIGHT_ADJUSTMENT | 200
DIST-01245 | 2.539 | -0.080 | 2.1193 | ENTROPY_DRIFT_DIVERGENCE_HAZARD | TRIGGER_DYNAMIC_LOSS_WEIGHT_RESCALE | 422
DIST-01246 | 8.467 | 7.664 | 0.3788 | COMPRESSION_STABLE_ALIGNED | COMMIT_STUDENT_WEIGHT_ADJUSTMENT | 200
DIST-01247 | 3.200 | 3.672 | 0.0 | COMPRESSION_STABLE_ALIGNED | COMMIT_STUDENT_WEIGHT_ADJUSTMENT | 200
DIST-01248 | 5.749 | 3.077 | 2.3822 | ENTROPY_DRIFT_DIVERGENCE_HAZARD | TRIGGER_DYNAMIC_LOSS_WEIGHT_RESCALE | 422
DIST-01249 | 3.933 | 0.893 | 2.8307 | ENTROPY_DRIFT_DIVERGENCE_HAZARD | TRIGGER_DYNAMIC_LOSS_WEIGHT_RESCALE | 422
DIST-01250 | 3.753 | 1.368 | 2.0826 | ENTROPY_DRIFT_DIVERGENCE_HAZARD | TRIGGER_DYNAMIC_LOSS_WEIGHT_RESCALE | 422
DIST-01251 | 2.949 | 0.928 | 1.6709 | ENTROPY_DRIFT_DIVERGENCE_HAZARD | TRIGGER_DYNAMIC_LOSS_WEIGHT_RESCALE | 422
DIST-01252 | 7.854 | 6.000 | 1.2155 | COMPRESSION_STABLE_ALIGNED | COMMIT_STUDENT_WEIGHT_ADJUSTMENT | 200
DIST-01253 | 5.256 | 2.440 | 2.5703 | ENTROPY_DRIFT_DIVERGENCE_HAZARD | TRIGGER_DYNAMIC_LOSS_WEIGHT_RESCALE | 422
DIST-01254 | 1.848 | -0.260 | 1.547 | ENTROPY_DRIFT_DIVERGENCE_HAZARD | TRIGGER_DYNAMIC_LOSS_WEIGHT_RESCALE | 422
DIST-01255 | 3.671 | 1.900 | 1.5291 | ENTROPY_DRIFT_DIVERGENCE_HAZARD | TRIGGER_DYNAMIC_LOSS_WEIGHT_RESCALE | 422
DIST-01256 | 4.572 | 3.654 | 0.7155 | COMPRESSION_STABLE_ALIGNED | COMMIT_STUDENT_WEIGHT_ADJUSTMENT | 200
DIST-01257 | 2.571 | 2.457 | 0.1149 | COMPRESSION_STABLE_ALIGNED | COMMIT_STUDENT_WEIGHT_ADJUSTMENT | 200
DIST-01258 | 6.007 | 5.601 | 0.294 | COMPRESSION_STABLE_ALIGNED | COMMIT_STUDENT_WEIGHT_ADJUSTMENT | 200
DIST-01259 | 2.304 | 2.314 | 0.0 | COMPRESSION_STABLE_ALIGNED | COMMIT_STUDENT_WEIGHT_ADJUSTMENT | 200
DIST-01260 | 2.439 | 2.093 | 0.2467 | COMPRESSION_STABLE_ALIGNED | COMMIT_STUDENT_WEIGHT_ADJUSTMENT | 200
DIST-01261 | 4.163 | 1.379 | 2.5815 | ENTROPY_DRIFT_DIVERGENCE_HAZARD | TRIGGER_DYNAMIC_LOSS_WEIGHT_RESCALE | 422
DIST-01262 | 3.072 | 0.320 | 2.3796 | ENTROPY_DRIFT_DIVERGENCE_HAZARD | TRIGGER_DYNAMIC_LOSS_WEIGHT_RESCALE | 422
DIST-01263 | 3.209 | 0.067 | 2.8104 | ENTROPY_DRIFT_DIVERGENCE_HAZARD | TRIGGER_DYNAMIC_LOSS_WEIGHT_RESCALE | 422
DIST-01264 | 8.014 | 5.744 | 1.4866 | ENTROPY_DRIFT_DIVERGENCE_HAZARD | TRIGGER_DYNAMIC_LOSS_WEIGHT_RESCALE | 422
DIST-01265 | 3.118 | 3.214 | 0.0 | COMPRESSION_STABLE_ALIGNED | COMMIT_STUDENT_WEIGHT_ADJUSTMENT | 200
DIST-01266 | 3.790 | 1.664 | 1.8295 | ENTROPY_DRIFT_DIVERGENCE_HAZARD | TRIGGER_DYNAMIC_LOSS_WEIGHT_RESCALE | 422
DIST-01267 | 5.863 | 4.575 | 1.0031 | COMPRESSION_STABLE_ALIGNED | COMMIT_STUDENT_WEIGHT_ADJUSTMENT | 200
DIST-01268 | 7.947 | 4.517 | 2.6291 | ENTROPY_DRIFT_DIVERGENCE_HAZARD | TRIGGER_DYNAMIC_LOSS_WEIGHT_RESCALE | 422
DIST-01269 | 1.920 | 0.381 | 1.0929 | COMPRESSION_STABLE_ALIGNED | COMMIT_STUDENT_WEIGHT_ADJUSTMENT | 200
DIST-01270 | 2.998 | 0.213 | 2.4196 | ENTROPY_DRIFT_DIVERGENCE_HAZARD | TRIGGER_DYNAMIC_LOSS_WEIGHT_RESCALE | 422
DIST-01271 | 6.012 | 3.299 | 2.4256 | ENTROPY_DRIFT_DIVERGENCE_HAZARD | TRIGGER_DYNAMIC_LOSS_WEIGHT_RESCALE | 422
DIST-01272 | 8.092 | 6.406 | 1.0361 | COMPRESSION_STABLE_ALIGNED | COMMIT_STUDENT_WEIGHT_ADJUSTMENT | 200
DIST-01273 | 4.578 | 2.931 | 1.3868 | ENTROPY_DRIFT_DIVERGENCE_HAZARD | TRIGGER_DYNAMIC_LOSS_WEIGHT_RESCALE | 422
DIST-01274 | 8.360 | 5.860 | 1.6005 | ENTROPY_DRIFT_DIVERGENCE_HAZARD | TRIGGER_DYNAMIC_LOSS_WEIGHT_RESCALE | 422
DIST-01275 | 6.638 | 3.402 | 2.8898 | ENTROPY_DRIFT_DIVERGENCE_HAZARD | TRIGGER_DYNAMIC_LOSS_WEIGHT_RESCALE | 422
DIST-01276 | 6.855 | 4.131 | 2.2438 | ENTROPY_DRIFT_DIVERGENCE_HAZARD | TRIGGER_DYNAMIC_LOSS_WEIGHT_RESCALE | 422
DIST-01277 | 7.794 | 4.824 | 2.2682 | ENTROPY_DRIFT_DIVERGENCE_HAZARD | TRIGGER_DYNAMIC_LOSS_WEIGHT_RESCALE | 422
DIST-01278 | 6.837 | 7.229 | 0.0 | COMPRESSION_STABLE_ALIGNED | COMMIT_STUDENT_WEIGHT_ADJUSTMENT | 200
DIST-01279 | 6.162 | 3.172 | 2.6935 | ENTROPY_DRIFT_DIVERGENCE_HAZARD | TRIGGER_DYNAMIC_LOSS_WEIGHT_RESCALE | 422
DIST-01280 | 7.471 | 7.600 | 0.0 | COMPRESSION_STABLE_ALIGNED | COMMIT_STUDENT_WEIGHT_ADJUSTMENT | 200
DIST-01281 | 6.267 | 4.064 | 1.8242 | ENTROPY_DRIFT_DIVERGENCE_HAZARD | TRIGGER_DYNAMIC_LOSS_WEIGHT_RESCALE | 422
DIST-01282 | 4.361 | 4.014 | 0.264 | COMPRESSION_STABLE_ALIGNED | COMMIT_STUDENT_WEIGHT_ADJUSTMENT | 200
DIST-01283 | 8.068 | 7.705 | 0.2001 | COMPRESSION_STABLE_ALIGNED | COMMIT_STUDENT_WEIGHT_ADJUSTMENT | 200
DIST-01284 | 3.396 | 3.742 | 0.0 | COMPRESSION_STABLE_ALIGNED | COMMIT_STUDENT_WEIGHT_ADJUSTMENT | 200
DIST-01285 | 5.812 | 5.461 | 0.2341 | COMPRESSION_STABLE_ALIGNED | COMMIT_STUDENT_WEIGHT_ADJUSTMENT | 200
DIST-01286 | 4.864 | 4.891 | 0.0 | COMPRESSION_STABLE_ALIGNED | COMMIT_STUDENT_WEIGHT_ADJUSTMENT | 200
DIST-01287 | 5.838 | 2.848 | 2.7086 | ENTROPY_DRIFT_DIVERGENCE_HAZARD | TRIGGER_DYNAMIC_LOSS_WEIGHT_RESCALE | 422
DIST-01288 | 7.210 | 4.608 | 2.0344 | ENTROPY_DRIFT_DIVERGENCE_HAZARD | TRIGGER_DYNAMIC_LOSS_WEIGHT_RESCALE | 422
DIST-01289 | 6.466 | 6.065 | 0.2447 | COMPRESSION_STABLE_ALIGNED | COMMIT_STUDENT_WEIGHT_ADJUSTMENT | 200
DIST-01290 | 6.035 | 6.367 | 0.0 | COMPRESSION_STABLE_ALIGNED | COMMIT_STUDENT_WEIGHT_ADJUSTMENT | 200
DIST-01291 | 7.018 | 4.009 | 2.5123 | ENTROPY_DRIFT_DIVERGENCE_HAZARD | TRIGGER_DYNAMIC_LOSS_WEIGHT_RESCALE | 422
DIST-01292 | 6.639 | 5.692 | 0.7072 | COMPRESSION_STABLE_ALIGNED | COMMIT_STUDENT_WEIGHT_ADJUSTMENT | 200
DIST-01293 | 4.164 | 1.559 | 2.3784 | ENTROPY_DRIFT_DIVERGENCE_HAZARD | TRIGGER_DYNAMIC_LOSS_WEIGHT_RESCALE | 422
DIST-01294 | 1.558 | -1.496 | 2.2264 | ENTROPY_DRIFT_DIVERGENCE_HAZARD | TRIGGER_DYNAMIC_LOSS_WEIGHT_RESCALE | 422
DIST-01295 | 3.002 | 0.470 | 2.1516 | ENTROPY_DRIFT_DIVERGENCE_HAZARD | TRIGGER_DYNAMIC_LOSS_WEIGHT_RESCALE | 422
DIST-01296 | 1.950 | -0.841 | 2.1212 | ENTROPY_DRIFT_DIVERGENCE_HAZARD | TRIGGER_DYNAMIC_LOSS_WEIGHT_RESCALE | 422
DIST-01297 | 3.665 | 4.068 | 0.0 | COMPRESSION_STABLE_ALIGNED | COMMIT_STUDENT_WEIGHT_ADJUSTMENT | 200
DIST-01298 | 2.562 | 2.782 | 0.0 | COMPRESSION_STABLE_ALIGNED | COMMIT_STUDENT_WEIGHT_ADJUSTMENT | 200
DIST-01299 | 2.887 | 1.526 | 1.0803 | COMPRESSION_STABLE_ALIGNED | COMMIT_STUDENT_WEIGHT_ADJUSTMENT | 200
DIST-01300 | 7.917 | 5.755 | 1.444 | ENTROPY_DRIFT_DIVERGENCE_HAZARD | TRIGGER_DYNAMIC_LOSS_WEIGHT_RESCALE | 422
DIST-01301 | 3.864 | 1.536 | 2.0526 | ENTROPY_DRIFT_DIVERGENCE_HAZARD | TRIGGER_DYNAMIC_LOSS_WEIGHT_RESCALE | 422
DIST-01302 | 7.833 | 4.399 | 2.7154 | ENTROPY_DRIFT_DIVERGENCE_HAZARD | TRIGGER_DYNAMIC_LOSS_WEIGHT_RESCALE | 422
DIST-01303 | 5.740 | 4.774 | 0.7345 | COMPRESSION_STABLE_ALIGNED | COMMIT_STUDENT_WEIGHT_ADJUSTMENT | 200
DIST-01304 | 6.771 | 4.762 | 1.5296 | ENTROPY_DRIFT_DIVERGENCE_HAZARD | TRIGGER_DYNAMIC_LOSS_WEIGHT_RESCALE | 422
DIST-01305 | 8.459 | 8.670 | 0.0 | COMPRESSION_STABLE_ALIGNED | COMMIT_STUDENT_WEIGHT_ADJUSTMENT | 200
DIST-01306 | 3.745 | 2.938 | 0.6252 | COMPRESSION_STABLE_ALIGNED | COMMIT_STUDENT_WEIGHT_ADJUSTMENT | 200
DIST-01307 | 7.455 | 6.414 | 0.6501 | COMPRESSION_STABLE_ALIGNED | COMMIT_STUDENT_WEIGHT_ADJUSTMENT | 200
DIST-01308 | 6.141 | 3.034 | 2.8293 | ENTROPY_DRIFT_DIVERGENCE_HAZARD | TRIGGER_DYNAMIC_LOSS_WEIGHT_RESCALE | 422
DIST-01309 | 2.713 | -0.678 | 2.9312 | ENTROPY_DRIFT_DIVERGENCE_HAZARD | TRIGGER_DYNAMIC_LOSS_WEIGHT_RESCALE | 422
DIST-01310 | 8.168 | 5.750 | 1.6015 | ENTROPY_DRIFT_DIVERGENCE_HAZARD | TRIGGER_DYNAMIC_LOSS_WEIGHT_RESCALE | 422
DIST-01311 | 4.988 | 5.138 | 0.0 | COMPRESSION_STABLE_ALIGNED | COMMIT_STUDENT_WEIGHT_ADJUSTMENT | 200
DIST-01312 | 4.013 | 1.768 | 2.0094 | ENTROPY_DRIFT_DIVERGENCE_HAZARD | TRIGGER_DYNAMIC_LOSS_WEIGHT_RESCALE | 422
DIST-01313 | 8.374 | 7.250 | 0.6286 | COMPRESSION_STABLE_ALIGNED | COMMIT_STUDENT_WEIGHT_ADJUSTMENT | 200
DIST-01314 | 2.219 | 2.103 | 0.0917 | COMPRESSION_STABLE_ALIGNED | COMMIT_STUDENT_WEIGHT_ADJUSTMENT | 200
DIST-01315 | 6.776 | 6.483 | 0.1849 | COMPRESSION_STABLE_ALIGNED | COMMIT_STUDENT_WEIGHT_ADJUSTMENT | 200
DIST-01316 | 2.122 | 0.079 | 1.5172 | ENTROPY_DRIFT_DIVERGENCE_HAZARD | TRIGGER_DYNAMIC_LOSS_WEIGHT_RESCALE | 422
DIST-01317 | 7.646 | 7.720 | 0.0 | COMPRESSION_STABLE_ALIGNED | COMMIT_STUDENT_WEIGHT_ADJUSTMENT | 200
DIST-01318 | 4.829 | 3.228 | 1.3538 | ENTROPY_DRIFT_DIVERGENCE_HAZARD | TRIGGER_DYNAMIC_LOSS_WEIGHT_RESCALE | 422
DIST-01319 | 5.739 | 6.084 | 0.0 | COMPRESSION_STABLE_ALIGNED | COMMIT_STUDENT_WEIGHT_ADJUSTMENT | 200
DIST-01320 | 5.824 | 5.294 | 0.3803 | COMPRESSION_STABLE_ALIGNED | COMMIT_STUDENT_WEIGHT_ADJUSTMENT | 200
DIST-01321 | 7.183 | 3.795 | 2.8799 | ENTROPY_DRIFT_DIVERGENCE_HAZARD | TRIGGER_DYNAMIC_LOSS_WEIGHT_RESCALE | 422
DIST-01322 | 5.890 | 5.541 | 0.2574 | COMPRESSION_STABLE_ALIGNED | COMMIT_STUDENT_WEIGHT_ADJUSTMENT | 200
DIST-01323 | 6.563 | 6.567 | 0.0 | COMPRESSION_STABLE_ALIGNED | COMMIT_STUDENT_WEIGHT_ADJUSTMENT | 200
DIST-01324 | 3.197 | -0.064 | 2.9284 | ENTROPY_DRIFT_DIVERGENCE_HAZARD | TRIGGER_DYNAMIC_LOSS_WEIGHT_RESCALE | 422
DIST-01325 | 5.237 | 3.914 | 1.0807 | COMPRESSION_STABLE_ALIGNED | COMMIT_STUDENT_WEIGHT_ADJUSTMENT | 200
DIST-01326 | 6.471 | 4.823 | 1.2217 | COMPRESSION_STABLE_ALIGNED | COMMIT_STUDENT_WEIGHT_ADJUSTMENT | 200
DIST-01327 | 6.242 | 6.362 | 0.0 | COMPRESSION_STABLE_ALIGNED | COMMIT_STUDENT_WEIGHT_ADJUSTMENT | 200
DIST-01328 | 5.691 | 3.098 | 2.3155 | ENTROPY_DRIFT_DIVERGENCE_HAZARD | TRIGGER_DYNAMIC_LOSS_WEIGHT_RESCALE | 422
DIST-01329 | 8.157 | 7.752 | 0.1812 | COMPRESSION_STABLE_ALIGNED | COMMIT_STUDENT_WEIGHT_ADJUSTMENT | 200
DIST-01330 | 2.933 | 2.445 | 0.3779 | COMPRESSION_STABLE_ALIGNED | COMMIT_STUDENT_WEIGHT_ADJUSTMENT | 200
DIST-01331 | 2.568 | 1.832 | 0.5763 | COMPRESSION_STABLE_ALIGNED | COMMIT_STUDENT_WEIGHT_ADJUSTMENT | 200
DIST-01332 | 5.023 | 3.553 | 1.2517 | ENTROPY_DRIFT_DIVERGENCE_HAZARD | TRIGGER_DYNAMIC_LOSS_WEIGHT_RESCALE | 422
DIST-01333 | 2.438 | -0.304 | 2.2139 | ENTROPY_DRIFT_DIVERGENCE_HAZARD | TRIGGER_DYNAMIC_LOSS_WEIGHT_RESCALE | 422
DIST-01334 | 5.493 | 5.122 | 0.3013 | COMPRESSION_STABLE_ALIGNED | COMMIT_STUDENT_WEIGHT_ADJUSTMENT | 200
DIST-01335 | 5.247 | 4.505 | 0.5763 | COMPRESSION_STABLE_ALIGNED | COMMIT_STUDENT_WEIGHT_ADJUSTMENT | 200
DIST-01336 | 7.260 | 7.548 | 0.0 | COMPRESSION_STABLE_ALIGNED | COMMIT_STUDENT_WEIGHT_ADJUSTMENT | 200
DIST-01337 | 7.756 | 7.853 | 0.0 | COMPRESSION_STABLE_ALIGNED | COMMIT_STUDENT_WEIGHT_ADJUSTMENT | 200
DIST-01338 | 1.570 | -1.136 | 1.9334 | ENTROPY_DRIFT_DIVERGENCE_HAZARD | TRIGGER_DYNAMIC_LOSS_WEIGHT_RESCALE | 422
DIST-01339 | 6.588 | 6.402 | 0.111 | COMPRESSION_STABLE_ALIGNED | COMMIT_STUDENT_WEIGHT_ADJUSTMENT | 200
DIST-01340 | 6.182 | 5.080 | 0.823 | COMPRESSION_STABLE_ALIGNED | COMMIT_STUDENT_WEIGHT_ADJUSTMENT | 200
DIST-01341 | 4.048 | 2.661 | 1.1641 | COMPRESSION_STABLE_ALIGNED | COMMIT_STUDENT_WEIGHT_ADJUSTMENT | 200
DIST-01342 | 8.428 | 8.194 | 0.1096 | COMPRESSION_STABLE_ALIGNED | COMMIT_STUDENT_WEIGHT_ADJUSTMENT | 200
DIST-01343 | 3.049 | 0.080 | 2.5955 | ENTROPY_DRIFT_DIVERGENCE_HAZARD | TRIGGER_DYNAMIC_LOSS_WEIGHT_RESCALE | 422
DIST-01344 | 1.795 | -0.026 | 1.3293 | ENTROPY_DRIFT_DIVERGENCE_HAZARD | TRIGGER_DYNAMIC_LOSS_WEIGHT_RESCALE | 422
DIST-01345 | 6.150 | 3.649 | 2.1698 | ENTROPY_DRIFT_DIVERGENCE_HAZARD | TRIGGER_DYNAMIC_LOSS_WEIGHT_RESCALE | 422
DIST-01346 | 5.319 | 5.554 | 0.0 | COMPRESSION_STABLE_ALIGNED | COMMIT_STUDENT_WEIGHT_ADJUSTMENT | 200
DIST-01347 | 5.614 | 2.456 | 2.9221 | ENTROPY_DRIFT_DIVERGENCE_HAZARD | TRIGGER_DYNAMIC_LOSS_WEIGHT_RESCALE | 422
DIST-01348 | 8.036 | 5.547 | 1.7088 | ENTROPY_DRIFT_DIVERGENCE_HAZARD | TRIGGER_DYNAMIC_LOSS_WEIGHT_RESCALE | 422
DIST-01349 | 4.943 | 1.710 | 3.0819 | ENTROPY_DRIFT_DIVERGENCE_HAZARD | TRIGGER_DYNAMIC_LOSS_WEIGHT_RESCALE | 422
DIST-01350 | 8.341 | 7.423 | 0.4762 | COMPRESSION_STABLE_ALIGNED | COMMIT_STUDENT_WEIGHT_ADJUSTMENT | 200
DIST-01351 | 5.984 | 3.120 | 2.5552 | ENTROPY_DRIFT_DIVERGENCE_HAZARD | TRIGGER_DYNAMIC_LOSS_WEIGHT_RESCALE | 422
DIST-01352 | 8.157 | 7.869 | 0.1077 | COMPRESSION_STABLE_ALIGNED | COMMIT_STUDENT_WEIGHT_ADJUSTMENT | 200
DIST-01353 | 7.473 | 6.950 | 0.3154 | COMPRESSION_STABLE_ALIGNED | COMMIT_STUDENT_WEIGHT_ADJUSTMENT | 200
DIST-01354 | 8.004 | 5.686 | 1.564 | ENTROPY_DRIFT_DIVERGENCE_HAZARD | TRIGGER_DYNAMIC_LOSS_WEIGHT_RESCALE | 422
DIST-01355 | 7.196 | 4.952 | 1.6681 | ENTROPY_DRIFT_DIVERGENCE_HAZARD | TRIGGER_DYNAMIC_LOSS_WEIGHT_RESCALE | 422
DIST-01356 | 6.482 | 3.490 | 2.5715 | ENTROPY_DRIFT_DIVERGENCE_HAZARD | TRIGGER_DYNAMIC_LOSS_WEIGHT_RESCALE | 422
DIST-01357 | 3.097 | -0.386 | 3.1111 | ENTROPY_DRIFT_DIVERGENCE_HAZARD | TRIGGER_DYNAMIC_LOSS_WEIGHT_RESCALE | 422
DIST-01358 | 4.467 | 4.842 | 0.0 | COMPRESSION_STABLE_ALIGNED | COMMIT_STUDENT_WEIGHT_ADJUSTMENT | 200
DIST-01359 | 7.876 | 7.773 | 0.0235 | COMPRESSION_STABLE_ALIGNED | COMMIT_STUDENT_WEIGHT_ADJUSTMENT | 200
DIST-01360 | 4.317 | 0.965 | 3.2267 | ENTROPY_DRIFT_DIVERGENCE_HAZARD | TRIGGER_DYNAMIC_LOSS_WEIGHT_RESCALE | 422
DIST-01361 | 6.703 | 5.564 | 0.801 | COMPRESSION_STABLE_ALIGNED | COMMIT_STUDENT_WEIGHT_ADJUSTMENT | 200
DIST-01362 | 1.625 | -0.675 | 1.6507 | ENTROPY_DRIFT_DIVERGENCE_HAZARD | TRIGGER_DYNAMIC_LOSS_WEIGHT_RESCALE | 422
DIST-01363 | 7.180 | 6.922 | 0.1551 | COMPRESSION_STABLE_ALIGNED | COMMIT_STUDENT_WEIGHT_ADJUSTMENT | 200
DIST-01364 | 6.302 | 6.492 | 0.0 | COMPRESSION_STABLE_ALIGNED | COMMIT_STUDENT_WEIGHT_ADJUSTMENT | 200
DIST-01365 | 4.006 | 3.860 | 0.1344 | COMPRESSION_STABLE_ALIGNED | COMMIT_STUDENT_WEIGHT_ADJUSTMENT | 200
DIST-01366 | 3.973 | 2.570 | 1.1706 | COMPRESSION_STABLE_ALIGNED | COMMIT_STUDENT_WEIGHT_ADJUSTMENT | 200
DIST-01367 | 2.912 | 1.777 | 0.8856 | COMPRESSION_STABLE_ALIGNED | COMMIT_STUDENT_WEIGHT_ADJUSTMENT | 200
DIST-01368 | 5.844 | 5.013 | 0.601 | COMPRESSION_STABLE_ALIGNED | COMMIT_STUDENT_WEIGHT_ADJUSTMENT | 200
DIST-01369 | 3.355 | 2.441 | 0.7149 | COMPRESSION_STABLE_ALIGNED | COMMIT_STUDENT_WEIGHT_ADJUSTMENT | 200
DIST-01370 | 4.923 | 5.354 | 0.0 | COMPRESSION_STABLE_ALIGNED | COMMIT_STUDENT_WEIGHT_ADJUSTMENT | 200
DIST-01371 | 4.251 | 1.692 | 2.3299 | ENTROPY_DRIFT_DIVERGENCE_HAZARD | TRIGGER_DYNAMIC_LOSS_WEIGHT_RESCALE | 422
DIST-01372 | 7.915 | 6.826 | 0.6661 | COMPRESSION_STABLE_ALIGNED | COMMIT_STUDENT_WEIGHT_ADJUSTMENT | 200
DIST-01373 | 3.824 | 1.893 | 1.6408 | ENTROPY_DRIFT_DIVERGENCE_HAZARD | TRIGGER_DYNAMIC_LOSS_WEIGHT_RESCALE | 422
DIST-01374 | 8.314 | 6.958 | 0.7242 | COMPRESSION_STABLE_ALIGNED | COMMIT_STUDENT_WEIGHT_ADJUSTMENT | 200
DIST-01375 | 1.851 | 0.019 | 1.3537 | ENTROPY_DRIFT_DIVERGENCE_HAZARD | TRIGGER_DYNAMIC_LOSS_WEIGHT_RESCALE | 422
DIST-01376 | 5.147 | 5.390 | 0.0 | COMPRESSION_STABLE_ALIGNED | COMMIT_STUDENT_WEIGHT_ADJUSTMENT | 200
DIST-01377 | 8.457 | 5.864 | 1.6445 | ENTROPY_DRIFT_DIVERGENCE_HAZARD | TRIGGER_DYNAMIC_LOSS_WEIGHT_RESCALE | 422
DIST-01378 | 3.289 | 2.925 | 0.2976 | COMPRESSION_STABLE_ALIGNED | COMMIT_STUDENT_WEIGHT_ADJUSTMENT | 200
DIST-01379 | 4.025 | 1.015 | 2.7924 | ENTROPY_DRIFT_DIVERGENCE_HAZARD | TRIGGER_DYNAMIC_LOSS_WEIGHT_RESCALE | 422
DIST-01380 | 3.438 | 1.668 | 1.523 | ENTROPY_DRIFT_DIVERGENCE_HAZARD | TRIGGER_DYNAMIC_LOSS_WEIGHT_RESCALE | 422
DIST-01381 | 6.428 | 6.580 | 0.0 | COMPRESSION_STABLE_ALIGNED | COMMIT_STUDENT_WEIGHT_ADJUSTMENT | 200
DIST-01382 | 4.335 | 4.051 | 0.2077 | COMPRESSION_STABLE_ALIGNED | COMMIT_STUDENT_WEIGHT_ADJUSTMENT | 200
DIST-01383 | 4.445 | 1.489 | 2.8224 | ENTROPY_DRIFT_DIVERGENCE_HAZARD | TRIGGER_DYNAMIC_LOSS_WEIGHT_RESCALE | 422
DIST-01384 | 3.074 | 0.704 | 1.9971 | ENTROPY_DRIFT_DIVERGENCE_HAZARD | TRIGGER_DYNAMIC_LOSS_WEIGHT_RESCALE | 422
DIST-01385 | 1.518 | -1.280 | 2.0101 | ENTROPY_DRIFT_DIVERGENCE_HAZARD | TRIGGER_DYNAMIC_LOSS_WEIGHT_RESCALE | 422
DIST-01386 | 5.355 | 4.338 | 0.8077 | COMPRESSION_STABLE_ALIGNED | COMMIT_STUDENT_WEIGHT_ADJUSTMENT | 200
DIST-01387 | 6.883 | 3.640 | 2.8323 | ENTROPY_DRIFT_DIVERGENCE_HAZARD | TRIGGER_DYNAMIC_LOSS_WEIGHT_RESCALE | 422
DIST-01388 | 7.324 | 7.711 | 0.0 | COMPRESSION_STABLE_ALIGNED | COMMIT_STUDENT_WEIGHT_ADJUSTMENT | 200
DIST-01389 | 2.853 | 0.818 | 1.6632 | ENTROPY_DRIFT_DIVERGENCE_HAZARD | TRIGGER_DYNAMIC_LOSS_WEIGHT_RESCALE | 422
DIST-01390 | 4.927 | 2.272 | 2.4315 | ENTROPY_DRIFT_DIVERGENCE_HAZARD | TRIGGER_DYNAMIC_LOSS_WEIGHT_RESCALE | 422
DIST-01391 | 6.990 | 4.530 | 1.9454 | ENTROPY_DRIFT_DIVERGENCE_HAZARD | TRIGGER_DYNAMIC_LOSS_WEIGHT_RESCALE | 422
DIST-01392 | 4.631 | 3.079 | 1.303 | ENTROPY_DRIFT_DIVERGENCE_HAZARD | TRIGGER_DYNAMIC_LOSS_WEIGHT_RESCALE | 422
DIST-01393 | 2.350 | 2.833 | 0.0 | COMPRESSION_STABLE_ALIGNED | COMMIT_STUDENT_WEIGHT_ADJUSTMENT | 200
DIST-01394 | 6.101 | 3.481 | 2.2897 | ENTROPY_DRIFT_DIVERGENCE_HAZARD | TRIGGER_DYNAMIC_LOSS_WEIGHT_RESCALE | 422
DIST-01395 | 3.094 | -0.044 | 2.7608 | ENTROPY_DRIFT_DIVERGENCE_HAZARD | TRIGGER_DYNAMIC_LOSS_WEIGHT_RESCALE | 422
DIST-01396 | 6.096 | 2.830 | 3.0297 | ENTROPY_DRIFT_DIVERGENCE_HAZARD | TRIGGER_DYNAMIC_LOSS_WEIGHT_RESCALE | 422
DIST-01397 | 6.010 | 4.596 | 1.0775 | COMPRESSION_STABLE_ALIGNED | COMMIT_STUDENT_WEIGHT_ADJUSTMENT | 200
DIST-01398 | 7.861 | 7.787 | 0.0184 | COMPRESSION_STABLE_ALIGNED | COMMIT_STUDENT_WEIGHT_ADJUSTMENT | 200
DIST-01399 | 2.563 | 2.277 | 0.2305 | COMPRESSION_STABLE_ALIGNED | COMMIT_STUDENT_WEIGHT_ADJUSTMENT | 200
DIST-01400 | 7.792 | 4.749 | 2.2834 | ENTROPY_DRIFT_DIVERGENCE_HAZARD | TRIGGER_DYNAMIC_LOSS_WEIGHT_RESCALE | 422
DIST-01401 | 2.560 | 0.834 | 1.3293 | ENTROPY_DRIFT_DIVERGENCE_HAZARD | TRIGGER_DYNAMIC_LOSS_WEIGHT_RESCALE | 422
DIST-01402 | 5.087 | 3.735 | 1.125 | COMPRESSION_STABLE_ALIGNED | COMMIT_STUDENT_WEIGHT_ADJUSTMENT | 200
DIST-01403 | 4.746 | 3.652 | 0.915 | COMPRESSION_STABLE_ALIGNED | COMMIT_STUDENT_WEIGHT_ADJUSTMENT | 200
DIST-01404 | 2.315 | -1.169 | 2.8722 | ENTROPY_DRIFT_DIVERGENCE_HAZARD | TRIGGER_DYNAMIC_LOSS_WEIGHT_RESCALE | 422
DIST-01405 | 3.378 | 0.904 | 2.1777 | ENTROPY_DRIFT_DIVERGENCE_HAZARD | TRIGGER_DYNAMIC_LOSS_WEIGHT_RESCALE | 422
DIST-01406 | 3.892 | 3.956 | 0.0 | COMPRESSION_STABLE_ALIGNED | COMMIT_STUDENT_WEIGHT_ADJUSTMENT | 200
DIST-01407 | 2.513 | 1.814 | 0.4865 | COMPRESSION_STABLE_ALIGNED | COMMIT_STUDENT_WEIGHT_ADJUSTMENT | 200
DIST-01408 | 3.860 | 4.027 | 0.0 | COMPRESSION_STABLE_ALIGNED | COMMIT_STUDENT_WEIGHT_ADJUSTMENT | 200
DIST-01409 | 4.007 | 4.104 | 0.0 | COMPRESSION_STABLE_ALIGNED | COMMIT_STUDENT_WEIGHT_ADJUSTMENT | 200
DIST-01410 | 2.671 | 0.466 | 1.7806 | ENTROPY_DRIFT_DIVERGENCE_HAZARD | TRIGGER_DYNAMIC_LOSS_WEIGHT_RESCALE | 422
DIST-01411 | 2.219 | -0.707 | 2.348 | ENTROPY_DRIFT_DIVERGENCE_HAZARD | TRIGGER_DYNAMIC_LOSS_WEIGHT_RESCALE | 422
DIST-01412 | 6.862 | 5.252 | 1.1819 | COMPRESSION_STABLE_ALIGNED | COMMIT_STUDENT_WEIGHT_ADJUSTMENT | 200
DIST-01413 | 3.652 | 0.857 | 2.5334 | ENTROPY_DRIFT_DIVERGENCE_HAZARD | TRIGGER_DYNAMIC_LOSS_WEIGHT_RESCALE | 422
DIST-01414 | 2.541 | 1.016 | 1.2219 | COMPRESSION_STABLE_ALIGNED | COMMIT_STUDENT_WEIGHT_ADJUSTMENT | 200
DIST-01415 | 3.615 | 3.375 | 0.1696 | COMPRESSION_STABLE_ALIGNED | COMMIT_STUDENT_WEIGHT_ADJUSTMENT | 200
DIST-01416 | 3.768 | 4.019 | 0.0 | COMPRESSION_STABLE_ALIGNED | COMMIT_STUDENT_WEIGHT_ADJUSTMENT | 200
DIST-01417 | 2.769 | 2.274 | 0.3684 | COMPRESSION_STABLE_ALIGNED | COMMIT_STUDENT_WEIGHT_ADJUSTMENT | 200
DIST-01418 | 3.627 | 0.515 | 2.8619 | ENTROPY_DRIFT_DIVERGENCE_HAZARD | TRIGGER_DYNAMIC_LOSS_WEIGHT_RESCALE | 422
DIST-01419 | 5.248 | 2.170 | 2.9444 | ENTROPY_DRIFT_DIVERGENCE_HAZARD | TRIGGER_DYNAMIC_LOSS_WEIGHT_RESCALE | 422
DIST-01420 | 7.059 | 5.983 | 0.7266 | COMPRESSION_STABLE_ALIGNED | COMMIT_STUDENT_WEIGHT_ADJUSTMENT | 200
DIST-01421 | 4.880 | 3.861 | 0.8328 | COMPRESSION_STABLE_ALIGNED | COMMIT_STUDENT_WEIGHT_ADJUSTMENT | 200
DIST-01422 | 6.510 | 3.184 | 3.0256 | ENTROPY_DRIFT_DIVERGENCE_HAZARD | TRIGGER_DYNAMIC_LOSS_WEIGHT_RESCALE | 422
DIST-01423 | 2.040 | 0.112 | 1.4262 | ENTROPY_DRIFT_DIVERGENCE_HAZARD | TRIGGER_DYNAMIC_LOSS_WEIGHT_RESCALE | 422
DIST-01424 | 3.744 | 0.351 | 3.1675 | ENTROPY_DRIFT_DIVERGENCE_HAZARD | TRIGGER_DYNAMIC_LOSS_WEIGHT_RESCALE | 422
DIST-01425 | 1.879 | -0.465 | 1.7144 | ENTROPY_DRIFT_DIVERGENCE_HAZARD | TRIGGER_DYNAMIC_LOSS_WEIGHT_RESCALE | 422
DIST-01426 | 5.868 | 5.673 | 0.0966 | COMPRESSION_STABLE_ALIGNED | COMMIT_STUDENT_WEIGHT_ADJUSTMENT | 200
DIST-01427 | 6.419 | 6.747 | 0.0 | COMPRESSION_STABLE_ALIGNED | COMMIT_STUDENT_WEIGHT_ADJUSTMENT | 200
DIST-01428 | 4.872 | 2.418 | 2.2062 | ENTROPY_DRIFT_DIVERGENCE_HAZARD | TRIGGER_DYNAMIC_LOSS_WEIGHT_RESCALE | 422
DIST-01429 | 1.768 | -0.725 | 1.8232 | ENTROPY_DRIFT_DIVERGENCE_HAZARD | TRIGGER_DYNAMIC_LOSS_WEIGHT_RESCALE | 422
DIST-01430 | 7.936 | 8.275 | 0.0 | COMPRESSION_STABLE_ALIGNED | COMMIT_STUDENT_WEIGHT_ADJUSTMENT | 200
DIST-01431 | 6.797 | 4.984 | 1.3664 | ENTROPY_DRIFT_DIVERGENCE_HAZARD | TRIGGER_DYNAMIC_LOSS_WEIGHT_RESCALE | 422
DIST-01432 | 3.979 | 4.308 | 0.0 | COMPRESSION_STABLE_ALIGNED | COMMIT_STUDENT_WEIGHT_ADJUSTMENT | 200
DIST-01433 | 4.596 | 2.216 | 2.1702 | ENTROPY_DRIFT_DIVERGENCE_HAZARD | TRIGGER_DYNAMIC_LOSS_WEIGHT_RESCALE | 422
DIST-01434 | 5.677 | 2.860 | 2.5581 | ENTROPY_DRIFT_DIVERGENCE_HAZARD | TRIGGER_DYNAMIC_LOSS_WEIGHT_RESCALE | 422
DIST-01435 | 2.591 | -0.459 | 2.542 | ENTROPY_DRIFT_DIVERGENCE_HAZARD | TRIGGER_DYNAMIC_LOSS_WEIGHT_RESCALE | 422
DIST-01436 | 8.332 | 7.059 | 0.7055 | COMPRESSION_STABLE_ALIGNED | COMMIT_STUDENT_WEIGHT_ADJUSTMENT | 200
DIST-01437 | 6.481 | 4.329 | 1.7297 | ENTROPY_DRIFT_DIVERGENCE_HAZARD | TRIGGER_DYNAMIC_LOSS_WEIGHT_RESCALE | 422
DIST-01438 | 4.366 | 1.770 | 2.4107 | ENTROPY_DRIFT_DIVERGENCE_HAZARD | TRIGGER_DYNAMIC_LOSS_WEIGHT_RESCALE | 422
DIST-01439 | 7.871 | 8.091 | 0.0 | COMPRESSION_STABLE_ALIGNED | COMMIT_STUDENT_WEIGHT_ADJUSTMENT | 200
DIST-01440 | 7.831 | 6.326 | 0.9497 | COMPRESSION_STABLE_ALIGNED | COMMIT_STUDENT_WEIGHT_ADJUSTMENT | 200
DIST-01441 | 4.356 | 3.366 | 0.8175 | COMPRESSION_STABLE_ALIGNED | COMMIT_STUDENT_WEIGHT_ADJUSTMENT | 200
DIST-01442 | 3.808 | 3.793 | 0.0345 | COMPRESSION_STABLE_ALIGNED | COMMIT_STUDENT_WEIGHT_ADJUSTMENT | 200
DIST-01443 | 3.655 | 2.474 | 0.9669 | COMPRESSION_STABLE_ALIGNED | COMMIT_STUDENT_WEIGHT_ADJUSTMENT | 200
DIST-01444 | 7.893 | 6.295 | 0.9681 | COMPRESSION_STABLE_ALIGNED | COMMIT_STUDENT_WEIGHT_ADJUSTMENT | 200
DIST-01445 | 2.079 | 1.744 | 0.239 | COMPRESSION_STABLE_ALIGNED | COMMIT_STUDENT_WEIGHT_ADJUSTMENT | 200
DIST-01446 | 7.835 | 5.167 | 1.8995 | ENTROPY_DRIFT_DIVERGENCE_HAZARD | TRIGGER_DYNAMIC_LOSS_WEIGHT_RESCALE | 422
DIST-01447 | 4.932 | 1.990 | 2.7594 | ENTROPY_DRIFT_DIVERGENCE_HAZARD | TRIGGER_DYNAMIC_LOSS_WEIGHT_RESCALE | 422
DIST-01448 | 5.216 | 1.952 | 3.1477 | ENTROPY_DRIFT_DIVERGENCE_HAZARD | TRIGGER_DYNAMIC_LOSS_WEIGHT_RESCALE | 422
DIST-01449 | 2.660 | 1.808 | 0.666 | COMPRESSION_STABLE_ALIGNED | COMMIT_STUDENT_WEIGHT_ADJUSTMENT | 200
DIST-01450 | 5.144 | 3.709 | 1.1895 | COMPRESSION_STABLE_ALIGNED | COMMIT_STUDENT_WEIGHT_ADJUSTMENT | 200
DIST-01451 | 8.122 | 8.297 | 0.0 | COMPRESSION_STABLE_ALIGNED | COMMIT_STUDENT_WEIGHT_ADJUSTMENT | 200
DIST-01452 | 6.903 | 4.096 | 2.3509 | ENTROPY_DRIFT_DIVERGENCE_HAZARD | TRIGGER_DYNAMIC_LOSS_WEIGHT_RESCALE | 422
DIST-01453 | 2.801 | 1.587 | 0.9492 | COMPRESSION_STABLE_ALIGNED | COMMIT_STUDENT_WEIGHT_ADJUSTMENT | 200
DIST-01454 | 6.222 | 3.490 | 2.4398 | ENTROPY_DRIFT_DIVERGENCE_HAZARD | TRIGGER_DYNAMIC_LOSS_WEIGHT_RESCALE | 422
DIST-01455 | 7.918 | 6.171 | 1.1132 | COMPRESSION_STABLE_ALIGNED | COMMIT_STUDENT_WEIGHT_ADJUSTMENT | 200
DIST-01456 | 2.504 | -0.940 | 2.8535 | ENTROPY_DRIFT_DIVERGENCE_HAZARD | TRIGGER_DYNAMIC_LOSS_WEIGHT_RESCALE | 422
DIST-01457 | 3.279 | 0.223 | 2.7416 | ENTROPY_DRIFT_DIVERGENCE_HAZARD | TRIGGER_DYNAMIC_LOSS_WEIGHT_RESCALE | 422
DIST-01458 | 8.000 | 7.538 | 0.2506 | COMPRESSION_STABLE_ALIGNED | COMMIT_STUDENT_WEIGHT_ADJUSTMENT | 200
DIST-01459 | 8.473 | 7.707 | 0.4086 | COMPRESSION_STABLE_ALIGNED | COMMIT_STUDENT_WEIGHT_ADJUSTMENT | 200
DIST-01460 | 2.252 | -0.692 | 2.3601 | ENTROPY_DRIFT_DIVERGENCE_HAZARD | TRIGGER_DYNAMIC_LOSS_WEIGHT_RESCALE | 422
DIST-01461 | 6.737 | 3.754 | 2.5492 | ENTROPY_DRIFT_DIVERGENCE_HAZARD | TRIGGER_DYNAMIC_LOSS_WEIGHT_RESCALE | 422
DIST-01462 | 7.802 | 6.764 | 0.586 | COMPRESSION_STABLE_ALIGNED | COMMIT_STUDENT_WEIGHT_ADJUSTMENT | 200
DIST-01463 | 4.643 | 4.571 | 0.0499 | COMPRESSION_STABLE_ALIGNED | COMMIT_STUDENT_WEIGHT_ADJUSTMENT | 200
DIST-01464 | 3.165 | 1.892 | 1.0024 | COMPRESSION_STABLE_ALIGNED | COMMIT_STUDENT_WEIGHT_ADJUSTMENT | 200
DIST-01465 | 7.704 | 8.109 | 0.0 | COMPRESSION_STABLE_ALIGNED | COMMIT_STUDENT_WEIGHT_ADJUSTMENT | 200
DIST-01466 | 6.085 | 5.751 | 0.2432 | COMPRESSION_STABLE_ALIGNED | COMMIT_STUDENT_WEIGHT_ADJUSTMENT | 200
DIST-01467 | 4.881 | 2.954 | 1.7122 | ENTROPY_DRIFT_DIVERGENCE_HAZARD | TRIGGER_DYNAMIC_LOSS_WEIGHT_RESCALE | 422
DIST-01468 | 1.679 | -0.778 | 1.7834 | ENTROPY_DRIFT_DIVERGENCE_HAZARD | TRIGGER_DYNAMIC_LOSS_WEIGHT_RESCALE | 422
DIST-01469 | 3.089 | 0.357 | 2.3377 | ENTROPY_DRIFT_DIVERGENCE_HAZARD | TRIGGER_DYNAMIC_LOSS_WEIGHT_RESCALE | 422
DIST-01470 | 2.812 | 2.046 | 0.5894 | COMPRESSION_STABLE_ALIGNED | COMMIT_STUDENT_WEIGHT_ADJUSTMENT | 200
DIST-01471 | 2.969 | 1.794 | 0.9481 | COMPRESSION_STABLE_ALIGNED | COMMIT_STUDENT_WEIGHT_ADJUSTMENT | 200
DIST-01472 | 2.613 | 1.323 | 0.9789 | COMPRESSION_STABLE_ALIGNED | COMMIT_STUDENT_WEIGHT_ADJUSTMENT | 200
DIST-01473 | 3.215 | 3.475 | 0.0 | COMPRESSION_STABLE_ALIGNED | COMMIT_STUDENT_WEIGHT_ADJUSTMENT | 200
DIST-01474 | 1.754 | -0.364 | 1.5282 | ENTROPY_DRIFT_DIVERGENCE_HAZARD | TRIGGER_DYNAMIC_LOSS_WEIGHT_RESCALE | 422
DIST-01475 | 8.213 | 8.079 | 0.0489 | COMPRESSION_STABLE_ALIGNED | COMMIT_STUDENT_WEIGHT_ADJUSTMENT | 200
DIST-01476 | 6.632 | 6.150 | 0.3303 | COMPRESSION_STABLE_ALIGNED | COMMIT_STUDENT_WEIGHT_ADJUSTMENT | 200
DIST-01477 | 7.266 | 3.962 | 2.7531 | ENTROPY_DRIFT_DIVERGENCE_HAZARD | TRIGGER_DYNAMIC_LOSS_WEIGHT_RESCALE | 422
DIST-01478 | 4.163 | 0.816 | 3.2076 | ENTROPY_DRIFT_DIVERGENCE_HAZARD | TRIGGER_DYNAMIC_LOSS_WEIGHT_RESCALE | 422
DIST-01479 | 6.179 | 4.154 | 1.6397 | ENTROPY_DRIFT_DIVERGENCE_HAZARD | TRIGGER_DYNAMIC_LOSS_WEIGHT_RESCALE | 422
DIST-01480 | 4.410 | 3.277 | 0.922 | COMPRESSION_STABLE_ALIGNED | COMMIT_STUDENT_WEIGHT_ADJUSTMENT | 200
DIST-01481 | 5.878 | 5.610 | 0.2029 | COMPRESSION_STABLE_ALIGNED | COMMIT_STUDENT_WEIGHT_ADJUSTMENT | 200
DIST-01482 | 4.184 | 2.060 | 1.8711 | ENTROPY_DRIFT_DIVERGENCE_HAZARD | TRIGGER_DYNAMIC_LOSS_WEIGHT_RESCALE | 422
DIST-01483 | 4.997 | 1.725 | 3.1889 | ENTROPY_DRIFT_DIVERGENCE_HAZARD | TRIGGER_DYNAMIC_LOSS_WEIGHT_RESCALE | 422
DIST-01484 | 3.438 | 2.602 | 0.6528 | COMPRESSION_STABLE_ALIGNED | COMMIT_STUDENT_WEIGHT_ADJUSTMENT | 200
DIST-01485 | 3.897 | 2.730 | 0.9625 | COMPRESSION_STABLE_ALIGNED | COMMIT_STUDENT_WEIGHT_ADJUSTMENT | 200
DIST-01486 | 3.547 | 2.718 | 0.6765 | COMPRESSION_STABLE_ALIGNED | COMMIT_STUDENT_WEIGHT_ADJUSTMENT | 200
DIST-01487 | 7.715 | 4.476 | 2.4997 | ENTROPY_DRIFT_DIVERGENCE_HAZARD | TRIGGER_DYNAMIC_LOSS_WEIGHT_RESCALE | 422
DIST-01488 | 4.193 | 4.516 | 0.0 | COMPRESSION_STABLE_ALIGNED | COMMIT_STUDENT_WEIGHT_ADJUSTMENT | 200
DIST-01489 | 8.200 | 8.557 | 0.0 | COMPRESSION_STABLE_ALIGNED | COMMIT_STUDENT_WEIGHT_ADJUSTMENT | 200
DIST-01490 | 4.561 | 4.813 | 0.0 | COMPRESSION_STABLE_ALIGNED | COMMIT_STUDENT_WEIGHT_ADJUSTMENT | 200
DIST-01491 | 7.888 | 4.736 | 2.3642 | ENTROPY_DRIFT_DIVERGENCE_HAZARD | TRIGGER_DYNAMIC_LOSS_WEIGHT_RESCALE | 422
DIST-01492 | 5.576 | 5.806 | 0.0 | COMPRESSION_STABLE_ALIGNED | COMMIT_STUDENT_WEIGHT_ADJUSTMENT | 200
DIST-01493 | 6.291 | 3.058 | 2.9352 | ENTROPY_DRIFT_DIVERGENCE_HAZARD | TRIGGER_DYNAMIC_LOSS_WEIGHT_RESCALE | 422
DIST-01494 | 4.483 | 1.634 | 2.6649 | ENTROPY_DRIFT_DIVERGENCE_HAZARD | TRIGGER_DYNAMIC_LOSS_WEIGHT_RESCALE | 422
DIST-01495 | 4.672 | 1.624 | 2.922 | ENTROPY_DRIFT_DIVERGENCE_HAZARD | TRIGGER_DYNAMIC_LOSS_WEIGHT_RESCALE | 422
DIST-01496 | 6.435 | 6.497 | 0.001 | COMPRESSION_STABLE_ALIGNED | COMMIT_STUDENT_WEIGHT_ADJUSTMENT | 200
DIST-01497 | 6.883 | 4.250 | 2.1796 | ENTROPY_DRIFT_DIVERGENCE_HAZARD | TRIGGER_DYNAMIC_LOSS_WEIGHT_RESCALE | 422
DIST-01498 | 6.765 | 6.295 | 0.3277 | COMPRESSION_STABLE_ALIGNED | COMMIT_STUDENT_WEIGHT_ADJUSTMENT | 200
DIST-01499 | 5.498 | 2.823 | 2.452 | ENTROPY_DRIFT_DIVERGENCE_HAZARD | TRIGGER_DYNAMIC_LOSS_WEIGHT_RESCALE | 422
DIST-01500 | 4.813 | 4.537 | 0.2203 | COMPRESSION_STABLE_ALIGNED | COMMIT_STUDENT_WEIGHT_ADJUSTMENT | 200
DIST-01501 | 3.011 | -0.095 | 2.7303 | ENTROPY_DRIFT_DIVERGENCE_HAZARD | TRIGGER_DYNAMIC_LOSS_WEIGHT_RESCALE | 422
DIST-01502 | 8.460 | 6.162 | 1.4022 | ENTROPY_DRIFT_DIVERGENCE_HAZARD | TRIGGER_DYNAMIC_LOSS_WEIGHT_RESCALE | 422
DIST-01503 | 3.818 | 0.419 | 3.1885 | ENTROPY_DRIFT_DIVERGENCE_HAZARD | TRIGGER_DYNAMIC_LOSS_WEIGHT_RESCALE | 422
DIST-01504 | 8.337 | 6.600 | 1.0149 | COMPRESSION_STABLE_ALIGNED | COMMIT_STUDENT_WEIGHT_ADJUSTMENT | 200
DIST-01505 | 1.899 | 1.202 | 0.477 | COMPRESSION_STABLE_ALIGNED | COMMIT_STUDENT_WEIGHT_ADJUSTMENT | 200
DIST-01506 | 2.481 | 2.303 | 0.1177 | COMPRESSION_STABLE_ALIGNED | COMMIT_STUDENT_WEIGHT_ADJUSTMENT | 200
DIST-01507 | 7.879 | 5.541 | 1.613 | ENTROPY_DRIFT_DIVERGENCE_HAZARD | TRIGGER_DYNAMIC_LOSS_WEIGHT_RESCALE | 422
DIST-01508 | 6.104 | 3.000 | 2.852 | ENTROPY_DRIFT_DIVERGENCE_HAZARD | TRIGGER_DYNAMIC_LOSS_WEIGHT_RESCALE | 422
DIST-01509 | 7.616 | 6.433 | 0.7329 | COMPRESSION_STABLE_ALIGNED | COMMIT_STUDENT_WEIGHT_ADJUSTMENT | 200
DIST-01510 | 2.037 | -1.187 | 2.5522 | ENTROPY_DRIFT_DIVERGENCE_HAZARD | TRIGGER_DYNAMIC_LOSS_WEIGHT_RESCALE | 422
DIST-01511 | 3.273 | 3.029 | 0.1607 | COMPRESSION_STABLE_ALIGNED | COMMIT_STUDENT_WEIGHT_ADJUSTMENT | 200
DIST-01512 | 6.188 | 4.705 | 1.1435 | COMPRESSION_STABLE_ALIGNED | COMMIT_STUDENT_WEIGHT_ADJUSTMENT | 200
DIST-01513 | 3.867 | 0.875 | 2.7508 | ENTROPY_DRIFT_DIVERGENCE_HAZARD | TRIGGER_DYNAMIC_LOSS_WEIGHT_RESCALE | 422
DIST-01514 | 6.437 | 6.439 | 0.0 | COMPRESSION_STABLE_ALIGNED | COMMIT_STUDENT_WEIGHT_ADJUSTMENT | 200
DIST-01515 | 4.102 | 3.712 | 0.3003 | COMPRESSION_STABLE_ALIGNED | COMMIT_STUDENT_WEIGHT_ADJUSTMENT | 200
DIST-01516 | 3.641 | 2.711 | 0.7427 | COMPRESSION_STABLE_ALIGNED | COMMIT_STUDENT_WEIGHT_ADJUSTMENT | 200
DIST-01517 | 2.457 | 1.180 | 0.9951 | COMPRESSION_STABLE_ALIGNED | COMMIT_STUDENT_WEIGHT_ADJUSTMENT | 200
DIST-01518 | 5.108 | 3.596 | 1.2756 | ENTROPY_DRIFT_DIVERGENCE_HAZARD | TRIGGER_DYNAMIC_LOSS_WEIGHT_RESCALE | 422
DIST-01519 | 5.225 | 2.634 | 2.3421 | ENTROPY_DRIFT_DIVERGENCE_HAZARD | TRIGGER_DYNAMIC_LOSS_WEIGHT_RESCALE | 422
DIST-01520 | 5.870 | 3.860 | 1.7213 | ENTROPY_DRIFT_DIVERGENCE_HAZARD | TRIGGER_DYNAMIC_LOSS_WEIGHT_RESCALE | 422
DIST-01521 | 6.212 | 6.474 | 0.0 | COMPRESSION_STABLE_ALIGNED | COMMIT_STUDENT_WEIGHT_ADJUSTMENT | 200
DIST-01522 | 7.738 | 7.667 | 0.049 | COMPRESSION_STABLE_ALIGNED | COMMIT_STUDENT_WEIGHT_ADJUSTMENT | 200
DIST-01523 | 3.481 | 1.792 | 1.4098 | ENTROPY_DRIFT_DIVERGENCE_HAZARD | TRIGGER_DYNAMIC_LOSS_WEIGHT_RESCALE | 422
DIST-01524 | 4.169 | 4.567 | 0.0 | COMPRESSION_STABLE_ALIGNED | COMMIT_STUDENT_WEIGHT_ADJUSTMENT | 200
DIST-01525 | 7.010 | 6.005 | 0.6605 | COMPRESSION_STABLE_ALIGNED | COMMIT_STUDENT_WEIGHT_ADJUSTMENT | 200
DIST-01526 | 6.567 | 3.130 | 3.145 | ENTROPY_DRIFT_DIVERGENCE_HAZARD | TRIGGER_DYNAMIC_LOSS_WEIGHT_RESCALE | 422
DIST-01527 | 3.300 | 3.186 | 0.1232 | COMPRESSION_STABLE_ALIGNED | COMMIT_STUDENT_WEIGHT_ADJUSTMENT | 200
DIST-01528 | 2.123 | 0.820 | 0.9825 | COMPRESSION_STABLE_ALIGNED | COMMIT_STUDENT_WEIGHT_ADJUSTMENT | 200
DIST-01529 | 3.471 | 0.283 | 2.8964 | ENTROPY_DRIFT_DIVERGENCE_HAZARD | TRIGGER_DYNAMIC_LOSS_WEIGHT_RESCALE | 422
DIST-01530 | 5.958 | 2.620 | 3.1156 | ENTROPY_DRIFT_DIVERGENCE_HAZARD | TRIGGER_DYNAMIC_LOSS_WEIGHT_RESCALE | 422
DIST-01531 | 2.559 | 0.236 | 1.8734 | ENTROPY_DRIFT_DIVERGENCE_HAZARD | TRIGGER_DYNAMIC_LOSS_WEIGHT_RESCALE | 422
DIST-01532 | 8.283 | 5.702 | 1.6644 | ENTROPY_DRIFT_DIVERGENCE_HAZARD | TRIGGER_DYNAMIC_LOSS_WEIGHT_RESCALE | 422
DIST-01533 | 5.443 | 2.730 | 2.485 | ENTROPY_DRIFT_DIVERGENCE_HAZARD | TRIGGER_DYNAMIC_LOSS_WEIGHT_RESCALE | 422
DIST-01534 | 2.883 | 2.454 | 0.3169 | COMPRESSION_STABLE_ALIGNED | COMMIT_STUDENT_WEIGHT_ADJUSTMENT | 200
DIST-01535 | 4.606 | 3.265 | 1.1092 | COMPRESSION_STABLE_ALIGNED | COMMIT_STUDENT_WEIGHT_ADJUSTMENT | 200
DIST-01536 | 4.550 | 1.566 | 2.7835 | ENTROPY_DRIFT_DIVERGENCE_HAZARD | TRIGGER_DYNAMIC_LOSS_WEIGHT_RESCALE | 422
DIST-01537 | 7.161 | 6.765 | 0.2491 | COMPRESSION_STABLE_ALIGNED | COMMIT_STUDENT_WEIGHT_ADJUSTMENT | 200
DIST-01538 | 5.147 | 1.813 | 3.2127 | ENTROPY_DRIFT_DIVERGENCE_HAZARD | TRIGGER_DYNAMIC_LOSS_WEIGHT_RESCALE | 422
DIST-01539 | 1.633 | 0.766 | 0.5595 | COMPRESSION_STABLE_ALIGNED | COMMIT_STUDENT_WEIGHT_ADJUSTMENT | 200
DIST-01540 | 6.758 | 4.653 | 1.5809 | ENTROPY_DRIFT_DIVERGENCE_HAZARD | TRIGGER_DYNAMIC_LOSS_WEIGHT_RESCALE | 422
DIST-01541 | 7.437 | 6.863 | 0.3382 | COMPRESSION_STABLE_ALIGNED | COMMIT_STUDENT_WEIGHT_ADJUSTMENT | 200
DIST-01542 | 3.193 | 3.387 | 0.0 | COMPRESSION_STABLE_ALIGNED | COMMIT_STUDENT_WEIGHT_ADJUSTMENT | 200
DIST-01543 | 5.021 | 2.298 | 2.5531 | ENTROPY_DRIFT_DIVERGENCE_HAZARD | TRIGGER_DYNAMIC_LOSS_WEIGHT_RESCALE | 422
DIST-01544 | 6.716 | 3.390 | 2.9407 | ENTROPY_DRIFT_DIVERGENCE_HAZARD | TRIGGER_DYNAMIC_LOSS_WEIGHT_RESCALE | 422
DIST-01545 | 7.755 | 6.702 | 0.6137 | COMPRESSION_STABLE_ALIGNED | COMMIT_STUDENT_WEIGHT_ADJUSTMENT | 200
DIST-01546 | 8.158 | 6.846 | 0.7591 | COMPRESSION_STABLE_ALIGNED | COMMIT_STUDENT_WEIGHT_ADJUSTMENT | 200
DIST-01547 | 2.262 | 0.051 | 1.6917 | ENTROPY_DRIFT_DIVERGENCE_HAZARD | TRIGGER_DYNAMIC_LOSS_WEIGHT_RESCALE | 422
DIST-01548 | 7.020 | 5.785 | 0.8481 | COMPRESSION_STABLE_ALIGNED | COMMIT_STUDENT_WEIGHT_ADJUSTMENT | 200
DIST-01549 | 4.607 | 5.043 | 0.0 | COMPRESSION_STABLE_ALIGNED | COMMIT_STUDENT_WEIGHT_ADJUSTMENT | 200
DIST-01550 | 4.323 | 1.956 | 2.1581 | ENTROPY_DRIFT_DIVERGENCE_HAZARD | TRIGGER_DYNAMIC_LOSS_WEIGHT_RESCALE | 422
DIST-01551 | 1.760 | 1.567 | 0.1252 | COMPRESSION_STABLE_ALIGNED | COMMIT_STUDENT_WEIGHT_ADJUSTMENT | 200
DIST-01552 | 6.647 | 5.576 | 0.7492 | COMPRESSION_STABLE_ALIGNED | COMMIT_STUDENT_WEIGHT_ADJUSTMENT | 200
DIST-01553 | 2.811 | 1.577 | 0.9439 | COMPRESSION_STABLE_ALIGNED | COMMIT_STUDENT_WEIGHT_ADJUSTMENT | 200
DIST-01554 | 2.728 | 2.728 | 0.0 | COMPRESSION_STABLE_ALIGNED | COMMIT_STUDENT_WEIGHT_ADJUSTMENT | 200
DIST-01555 | 5.961 | 2.477 | 3.3118 | ENTROPY_DRIFT_DIVERGENCE_HAZARD | TRIGGER_DYNAMIC_LOSS_WEIGHT_RESCALE | 422
DIST-01556 | 2.839 | 0.836 | 1.6386 | ENTROPY_DRIFT_DIVERGENCE_HAZARD | TRIGGER_DYNAMIC_LOSS_WEIGHT_RESCALE | 422
DIST-01557 | 5.845 | 2.814 | 2.8106 | ENTROPY_DRIFT_DIVERGENCE_HAZARD | TRIGGER_DYNAMIC_LOSS_WEIGHT_RESCALE | 422
DIST-01558 | 3.970 | 3.037 | 0.737 | COMPRESSION_STABLE_ALIGNED | COMMIT_STUDENT_WEIGHT_ADJUSTMENT | 200
DIST-01559 | 5.069 | 4.287 | 0.6419 | COMPRESSION_STABLE_ALIGNED | COMMIT_STUDENT_WEIGHT_ADJUSTMENT | 200
DIST-01560 | 3.842 | 2.266 | 1.3242 | ENTROPY_DRIFT_DIVERGENCE_HAZARD | TRIGGER_DYNAMIC_LOSS_WEIGHT_RESCALE | 422
DIST-01561 | 7.369 | 4.254 | 2.5135 | ENTROPY_DRIFT_DIVERGENCE_HAZARD | TRIGGER_DYNAMIC_LOSS_WEIGHT_RESCALE | 422
DIST-01562 | 2.589 | 2.002 | 0.4177 | COMPRESSION_STABLE_ALIGNED | COMMIT_STUDENT_WEIGHT_ADJUSTMENT | 200
DIST-01563 | 8.157 | 5.623 | 1.6464 | ENTROPY_DRIFT_DIVERGENCE_HAZARD | TRIGGER_DYNAMIC_LOSS_WEIGHT_RESCALE | 422
DIST-01564 | 4.848 | 3.192 | 1.4294 | ENTROPY_DRIFT_DIVERGENCE_HAZARD | TRIGGER_DYNAMIC_LOSS_WEIGHT_RESCALE | 422
DIST-01565 | 8.094 | 4.674 | 2.5928 | ENTROPY_DRIFT_DIVERGENCE_HAZARD | TRIGGER_DYNAMIC_LOSS_WEIGHT_RESCALE | 422
DIST-01566 | 2.209 | 2.035 | 0.1147 | COMPRESSION_STABLE_ALIGNED | COMMIT_STUDENT_WEIGHT_ADJUSTMENT | 200
DIST-01567 | 3.648 | 4.025 | 0.0 | COMPRESSION_STABLE_ALIGNED | COMMIT_STUDENT_WEIGHT_ADJUSTMENT | 200
DIST-01568 | 6.436 | 4.919 | 1.1585 | COMPRESSION_STABLE_ALIGNED | COMMIT_STUDENT_WEIGHT_ADJUSTMENT | 200
DIST-01569 | 3.054 | 0.864 | 1.8033 | ENTROPY_DRIFT_DIVERGENCE_HAZARD | TRIGGER_DYNAMIC_LOSS_WEIGHT_RESCALE | 422
DIST-01570 | 6.725 | 6.975 | 0.0 | COMPRESSION_STABLE_ALIGNED | COMMIT_STUDENT_WEIGHT_ADJUSTMENT | 200
DIST-01571 | 1.889 | 1.337 | 0.3938 | COMPRESSION_STABLE_ALIGNED | COMMIT_STUDENT_WEIGHT_ADJUSTMENT | 200
DIST-01572 | 4.812 | 3.475 | 1.0853 | COMPRESSION_STABLE_ALIGNED | COMMIT_STUDENT_WEIGHT_ADJUSTMENT | 200
DIST-01573 | 4.927 | 4.044 | 0.7081 | COMPRESSION_STABLE_ALIGNED | COMMIT_STUDENT_WEIGHT_ADJUSTMENT | 200
DIST-01574 | 7.940 | 6.267 | 1.0149 | COMPRESSION_STABLE_ALIGNED | COMMIT_STUDENT_WEIGHT_ADJUSTMENT | 200
DIST-01575 | 8.245 | 5.558 | 1.8149 | ENTROPY_DRIFT_DIVERGENCE_HAZARD | TRIGGER_DYNAMIC_LOSS_WEIGHT_RESCALE | 422
DIST-01576 | 2.281 | 2.683 | 0.0 | COMPRESSION_STABLE_ALIGNED | COMMIT_STUDENT_WEIGHT_ADJUSTMENT | 200
DIST-01577 | 8.387 | 5.127 | 2.2651 | ENTROPY_DRIFT_DIVERGENCE_HAZARD | TRIGGER_DYNAMIC_LOSS_WEIGHT_RESCALE | 422
DIST-01578 | 1.959 | -1.454 | 2.6811 | ENTROPY_DRIFT_DIVERGENCE_HAZARD | TRIGGER_DYNAMIC_LOSS_WEIGHT_RESCALE | 422
DIST-01579 | 7.829 | 4.340 | 2.7436 | ENTROPY_DRIFT_DIVERGENCE_HAZARD | TRIGGER_DYNAMIC_LOSS_WEIGHT_RESCALE | 422
DIST-01580 | 2.124 | -0.001 | 1.5957 | ENTROPY_DRIFT_DIVERGENCE_HAZARD | TRIGGER_DYNAMIC_LOSS_WEIGHT_RESCALE | 422
DIST-01581 | 5.627 | 5.023 | 0.453 | COMPRESSION_STABLE_ALIGNED | COMMIT_STUDENT_WEIGHT_ADJUSTMENT | 200
DIST-01582 | 7.042 | 4.934 | 1.6077 | ENTROPY_DRIFT_DIVERGENCE_HAZARD | TRIGGER_DYNAMIC_LOSS_WEIGHT_RESCALE | 422
DIST-01583 | 6.051 | 3.214 | 2.5163 | ENTROPY_DRIFT_DIVERGENCE_HAZARD | TRIGGER_DYNAMIC_LOSS_WEIGHT_RESCALE | 422
DIST-01584 | 5.802 | 2.931 | 2.6162 | ENTROPY_DRIFT_DIVERGENCE_HAZARD | TRIGGER_DYNAMIC_LOSS_WEIGHT_RESCALE | 422
DIST-01585 | 4.850 | 1.426 | 3.3452 | ENTROPY_DRIFT_DIVERGENCE_HAZARD | TRIGGER_DYNAMIC_LOSS_WEIGHT_RESCALE | 422
DIST-01586 | 6.165 | 4.703 | 1.1449 | COMPRESSION_STABLE_ALIGNED | COMMIT_STUDENT_WEIGHT_ADJUSTMENT | 200
DIST-01587 | 8.346 | 8.780 | 0.0 | COMPRESSION_STABLE_ALIGNED | COMMIT_STUDENT_WEIGHT_ADJUSTMENT | 200
DIST-01588 | 5.911 | 6.365 | 0.0 | COMPRESSION_STABLE_ALIGNED | COMMIT_STUDENT_WEIGHT_ADJUSTMENT | 200
DIST-01589 | 7.882 | 5.549 | 1.578 | ENTROPY_DRIFT_DIVERGENCE_HAZARD | TRIGGER_DYNAMIC_LOSS_WEIGHT_RESCALE | 422
DIST-01590 | 7.325 | 4.203 | 2.5358 | ENTROPY_DRIFT_DIVERGENCE_HAZARD | TRIGGER_DYNAMIC_LOSS_WEIGHT_RESCALE | 422
DIST-01591 | 3.460 | 1.923 | 1.2522 | ENTROPY_DRIFT_DIVERGENCE_HAZARD | TRIGGER_DYNAMIC_LOSS_WEIGHT_RESCALE | 422
DIST-01592 | 6.041 | 4.130 | 1.5061 | ENTROPY_DRIFT_DIVERGENCE_HAZARD | TRIGGER_DYNAMIC_LOSS_WEIGHT_RESCALE | 422
DIST-01593 | 6.623 | 5.930 | 0.4769 | COMPRESSION_STABLE_ALIGNED | COMMIT_STUDENT_WEIGHT_ADJUSTMENT | 200
DIST-01594 | 7.859 | 8.238 | 0.0 | COMPRESSION_STABLE_ALIGNED | COMMIT_STUDENT_WEIGHT_ADJUSTMENT | 200
DIST-01595 | 8.322 | 7.985 | 0.1164 | COMPRESSION_STABLE_ALIGNED | COMMIT_STUDENT_WEIGHT_ADJUSTMENT | 200
DIST-01596 | 8.160 | 5.279 | 1.9921 | ENTROPY_DRIFT_DIVERGENCE_HAZARD | TRIGGER_DYNAMIC_LOSS_WEIGHT_RESCALE | 422
DIST-01597 | 1.829 | 0.932 | 0.6323 | COMPRESSION_STABLE_ALIGNED | COMMIT_STUDENT_WEIGHT_ADJUSTMENT | 200
DIST-01598 | 4.725 | 4.972 | 0.0 | COMPRESSION_STABLE_ALIGNED | COMMIT_STUDENT_WEIGHT_ADJUSTMENT | 200
DIST-01599 | 2.282 | 0.136 | 1.6608 | ENTROPY_DRIFT_DIVERGENCE_HAZARD | TRIGGER_DYNAMIC_LOSS_WEIGHT_RESCALE | 422
DIST-01600 | 7.599 | 6.826 | 0.4408 | COMPRESSION_STABLE_ALIGNED | COMMIT_STUDENT_WEIGHT_ADJUSTMENT | 200
DIST-01601 | 7.113 | 4.074 | 2.506 | ENTROPY_DRIFT_DIVERGENCE_HAZARD | TRIGGER_DYNAMIC_LOSS_WEIGHT_RESCALE | 422
DIST-01602 | 8.172 | 5.701 | 1.6632 | ENTROPY_DRIFT_DIVERGENCE_HAZARD | TRIGGER_DYNAMIC_LOSS_WEIGHT_RESCALE | 422
DIST-01603 | 7.576 | 5.714 | 1.2474 | COMPRESSION_STABLE_ALIGNED | COMMIT_STUDENT_WEIGHT_ADJUSTMENT | 200
DIST-01604 | 4.450 | 4.411 | 0.0132 | COMPRESSION_STABLE_ALIGNED | COMMIT_STUDENT_WEIGHT_ADJUSTMENT | 200
DIST-01605 | 4.360 | 4.204 | 0.1089 | COMPRESSION_STABLE_ALIGNED | COMMIT_STUDENT_WEIGHT_ADJUSTMENT | 200
DIST-01606 | 4.331 | 1.161 | 2.9958 | ENTROPY_DRIFT_DIVERGENCE_HAZARD | TRIGGER_DYNAMIC_LOSS_WEIGHT_RESCALE | 422
DIST-01607 | 4.284 | 3.296 | 0.8058 | COMPRESSION_STABLE_ALIGNED | COMMIT_STUDENT_WEIGHT_ADJUSTMENT | 200
DIST-01608 | 4.553 | 1.770 | 2.6224 | ENTROPY_DRIFT_DIVERGENCE_HAZARD | TRIGGER_DYNAMIC_LOSS_WEIGHT_RESCALE | 422
DIST-01609 | 3.753 | 0.724 | 2.7937 | ENTROPY_DRIFT_DIVERGENCE_HAZARD | TRIGGER_DYNAMIC_LOSS_WEIGHT_RESCALE | 422
DIST-01610 | 3.840 | 1.328 | 2.2482 | ENTROPY_DRIFT_DIVERGENCE_HAZARD | TRIGGER_DYNAMIC_LOSS_WEIGHT_RESCALE | 422
DIST-01611 | 2.347 | 1.905 | 0.3099 | COMPRESSION_STABLE_ALIGNED | COMMIT_STUDENT_WEIGHT_ADJUSTMENT | 200
DIST-01612 | 5.122 | 2.961 | 1.8752 | ENTROPY_DRIFT_DIVERGENCE_HAZARD | TRIGGER_DYNAMIC_LOSS_WEIGHT_RESCALE | 422
DIST-01613 | 7.392 | 6.466 | 0.5927 | COMPRESSION_STABLE_ALIGNED | COMMIT_STUDENT_WEIGHT_ADJUSTMENT | 200
DIST-01614 | 7.231 | 6.306 | 0.5881 | COMPRESSION_STABLE_ALIGNED | COMMIT_STUDENT_WEIGHT_ADJUSTMENT | 200
DIST-01615 | 5.501 | 5.198 | 0.2165 | COMPRESSION_STABLE_ALIGNED | COMMIT_STUDENT_WEIGHT_ADJUSTMENT | 200
DIST-01616 | 1.841 | -1.547 | 2.6531 | ENTROPY_DRIFT_DIVERGENCE_HAZARD | TRIGGER_DYNAMIC_LOSS_WEIGHT_RESCALE | 422
DIST-01617 | 7.164 | 4.883 | 1.7274 | ENTROPY_DRIFT_DIVERGENCE_HAZARD | TRIGGER_DYNAMIC_LOSS_WEIGHT_RESCALE | 422
DIST-01618 | 2.090 | -1.156 | 2.5455 | ENTROPY_DRIFT_DIVERGENCE_HAZARD | TRIGGER_DYNAMIC_LOSS_WEIGHT_RESCALE | 422
DIST-01619 | 3.823 | 3.378 | 0.3375 | COMPRESSION_STABLE_ALIGNED | COMMIT_STUDENT_WEIGHT_ADJUSTMENT | 200
DIST-01620 | 1.664 | -1.298 | 2.1964 | ENTROPY_DRIFT_DIVERGENCE_HAZARD | TRIGGER_DYNAMIC_LOSS_WEIGHT_RESCALE | 422
DIST-01621 | 3.017 | 0.991 | 1.6801 | ENTROPY_DRIFT_DIVERGENCE_HAZARD | TRIGGER_DYNAMIC_LOSS_WEIGHT_RESCALE | 422
DIST-01622 | 7.668 | 4.336 | 2.6178 | ENTROPY_DRIFT_DIVERGENCE_HAZARD | TRIGGER_DYNAMIC_LOSS_WEIGHT_RESCALE | 422
DIST-01623 | 6.353 | 6.017 | 0.2437 | COMPRESSION_STABLE_ALIGNED | COMMIT_STUDENT_WEIGHT_ADJUSTMENT | 200
DIST-01624 | 2.528 | 1.916 | 0.4357 | COMPRESSION_STABLE_ALIGNED | COMMIT_STUDENT_WEIGHT_ADJUSTMENT | 200
DIST-01625 | 4.241 | 4.060 | 0.1752 | COMPRESSION_STABLE_ALIGNED | COMMIT_STUDENT_WEIGHT_ADJUSTMENT | 200
DIST-01626 | 8.244 | 6.232 | 1.2614 | ENTROPY_DRIFT_DIVERGENCE_HAZARD | TRIGGER_DYNAMIC_LOSS_WEIGHT_RESCALE | 422
DIST-01627 | 7.349 | 6.554 | 0.4804 | COMPRESSION_STABLE_ALIGNED | COMMIT_STUDENT_WEIGHT_ADJUSTMENT | 200
DIST-01628 | 4.693 | 3.221 | 1.2653 | ENTROPY_DRIFT_DIVERGENCE_HAZARD | TRIGGER_DYNAMIC_LOSS_WEIGHT_RESCALE | 422
DIST-01629 | 1.532 | -0.335 | 1.2919 | ENTROPY_DRIFT_DIVERGENCE_HAZARD | TRIGGER_DYNAMIC_LOSS_WEIGHT_RESCALE | 422
DIST-01630 | 2.696 | -0.077 | 2.3297 | ENTROPY_DRIFT_DIVERGENCE_HAZARD | TRIGGER_DYNAMIC_LOSS_WEIGHT_RESCALE | 422
DIST-01631 | 6.305 | 4.406 | 1.5266 | ENTROPY_DRIFT_DIVERGENCE_HAZARD | TRIGGER_DYNAMIC_LOSS_WEIGHT_RESCALE | 422
DIST-01632 | 2.141 | 1.165 | 0.6857 | COMPRESSION_STABLE_ALIGNED | COMMIT_STUDENT_WEIGHT_ADJUSTMENT | 200
DIST-01633 | 4.651 | 4.001 | 0.4978 | COMPRESSION_STABLE_ALIGNED | COMMIT_STUDENT_WEIGHT_ADJUSTMENT | 200
DIST-01634 | 6.104 | 6.333 | 0.0 | COMPRESSION_STABLE_ALIGNED | COMMIT_STUDENT_WEIGHT_ADJUSTMENT | 200
DIST-01635 | 7.432 | 6.721 | 0.4211 | COMPRESSION_STABLE_ALIGNED | COMMIT_STUDENT_WEIGHT_ADJUSTMENT | 200
DIST-01636 | 6.039 | 5.838 | 0.1297 | COMPRESSION_STABLE_ALIGNED | COMMIT_STUDENT_WEIGHT_ADJUSTMENT | 200
DIST-01637 | 5.215 | 1.983 | 3.0789 | ENTROPY_DRIFT_DIVERGENCE_HAZARD | TRIGGER_DYNAMIC_LOSS_WEIGHT_RESCALE | 422
DIST-01638 | 6.195 | 6.283 | 0.0 | COMPRESSION_STABLE_ALIGNED | COMMIT_STUDENT_WEIGHT_ADJUSTMENT | 200
DIST-01639 | 7.862 | 7.594 | 0.1827 | COMPRESSION_STABLE_ALIGNED | COMMIT_STUDENT_WEIGHT_ADJUSTMENT | 200
DIST-01640 | 5.245 | 1.922 | 3.183 | ENTROPY_DRIFT_DIVERGENCE_HAZARD | TRIGGER_DYNAMIC_LOSS_WEIGHT_RESCALE | 422
DIST-01641 | 3.419 | 0.967 | 2.1418 | ENTROPY_DRIFT_DIVERGENCE_HAZARD | TRIGGER_DYNAMIC_LOSS_WEIGHT_RESCALE | 422
DIST-01642 | 4.795 | 2.257 | 2.3507 | ENTROPY_DRIFT_DIVERGENCE_HAZARD | TRIGGER_DYNAMIC_LOSS_WEIGHT_RESCALE | 422
DIST-01643 | 2.090 | -1.005 | 2.4261 | ENTROPY_DRIFT_DIVERGENCE_HAZARD | TRIGGER_DYNAMIC_LOSS_WEIGHT_RESCALE | 422
DIST-01644 | 3.221 | 3.507 | 0.0 | COMPRESSION_STABLE_ALIGNED | COMMIT_STUDENT_WEIGHT_ADJUSTMENT | 200
DIST-01645 | 7.934 | 4.729 | 2.3917 | ENTROPY_DRIFT_DIVERGENCE_HAZARD | TRIGGER_DYNAMIC_LOSS_WEIGHT_RESCALE | 422
DIST-01646 | 7.242 | 6.932 | 0.1911 | COMPRESSION_STABLE_ALIGNED | COMMIT_STUDENT_WEIGHT_ADJUSTMENT | 200
DIST-01647 | 3.705 | 1.965 | 1.4741 | ENTROPY_DRIFT_DIVERGENCE_HAZARD | TRIGGER_DYNAMIC_LOSS_WEIGHT_RESCALE | 422
DIST-01648 | 3.009 | 3.114 | 0.0 | COMPRESSION_STABLE_ALIGNED | COMMIT_STUDENT_WEIGHT_ADJUSTMENT | 200
DIST-01649 | 7.460 | 4.578 | 2.2616 | ENTROPY_DRIFT_DIVERGENCE_HAZARD | TRIGGER_DYNAMIC_LOSS_WEIGHT_RESCALE | 422
DIST-01650 | 5.049 | 3.765 | 1.1049 | COMPRESSION_STABLE_ALIGNED | COMMIT_STUDENT_WEIGHT_ADJUSTMENT | 200
DIST-01651 | 5.655 | 2.927 | 2.4836 | ENTROPY_DRIFT_DIVERGENCE_HAZARD | TRIGGER_DYNAMIC_LOSS_WEIGHT_RESCALE | 422
DIST-01652 | 8.261 | 7.526 | 0.3878 | COMPRESSION_STABLE_ALIGNED | COMMIT_STUDENT_WEIGHT_ADJUSTMENT | 200
DIST-01653 | 6.599 | 5.032 | 1.1756 | COMPRESSION_STABLE_ALIGNED | COMMIT_STUDENT_WEIGHT_ADJUSTMENT | 200
DIST-01654 | 7.420 | 3.979 | 2.8511 | ENTROPY_DRIFT_DIVERGENCE_HAZARD | TRIGGER_DYNAMIC_LOSS_WEIGHT_RESCALE | 422
DIST-01655 | 6.614 | 5.048 | 1.1754 | COMPRESSION_STABLE_ALIGNED | COMMIT_STUDENT_WEIGHT_ADJUSTMENT | 200
DIST-01656 | 5.375 | 2.807 | 2.3189 | ENTROPY_DRIFT_DIVERGENCE_HAZARD | TRIGGER_DYNAMIC_LOSS_WEIGHT_RESCALE | 422
DIST-01657 | 8.402 | 5.760 | 1.7203 | ENTROPY_DRIFT_DIVERGENCE_HAZARD | TRIGGER_DYNAMIC_LOSS_WEIGHT_RESCALE | 422
DIST-01658 | 7.200 | 5.064 | 1.6041 | ENTROPY_DRIFT_DIVERGENCE_HAZARD | TRIGGER_DYNAMIC_LOSS_WEIGHT_RESCALE | 422
DIST-01659 | 6.569 | 3.758 | 2.3828 | ENTROPY_DRIFT_DIVERGENCE_HAZARD | TRIGGER_DYNAMIC_LOSS_WEIGHT_RESCALE | 422
DIST-01660 | 2.817 | 3.244 | 0.0 | COMPRESSION_STABLE_ALIGNED | COMMIT_STUDENT_WEIGHT_ADJUSTMENT | 200
DIST-01661 | 2.228 | 1.763 | 0.355 | COMPRESSION_STABLE_ALIGNED | COMMIT_STUDENT_WEIGHT_ADJUSTMENT | 200
DIST-01662 | 3.135 | 1.082 | 1.7163 | ENTROPY_DRIFT_DIVERGENCE_HAZARD | TRIGGER_DYNAMIC_LOSS_WEIGHT_RESCALE | 422
DIST-01663 | 2.973 | 1.465 | 1.1664 | COMPRESSION_STABLE_ALIGNED | COMMIT_STUDENT_WEIGHT_ADJUSTMENT | 200
DIST-01664 | 5.455 | 5.056 | 0.2825 | COMPRESSION_STABLE_ALIGNED | COMMIT_STUDENT_WEIGHT_ADJUSTMENT | 200
DIST-01665 | 3.771 | 2.486 | 1.0857 | COMPRESSION_STABLE_ALIGNED | COMMIT_STUDENT_WEIGHT_ADJUSTMENT | 200
DIST-01666 | 2.378 | -0.943 | 2.7291 | ENTROPY_DRIFT_DIVERGENCE_HAZARD | TRIGGER_DYNAMIC_LOSS_WEIGHT_RESCALE | 422
DIST-01667 | 2.918 | 1.206 | 1.363 | ENTROPY_DRIFT_DIVERGENCE_HAZARD | TRIGGER_DYNAMIC_LOSS_WEIGHT_RESCALE | 422
DIST-01668 | 6.558 | 4.163 | 1.9539 | ENTROPY_DRIFT_DIVERGENCE_HAZARD | TRIGGER_DYNAMIC_LOSS_WEIGHT_RESCALE | 422
DIST-01669 | 2.317 | -0.356 | 2.1416 | ENTROPY_DRIFT_DIVERGENCE_HAZARD | TRIGGER_DYNAMIC_LOSS_WEIGHT_RESCALE | 422
DIST-01670 | 2.883 | 2.649 | 0.1831 | COMPRESSION_STABLE_ALIGNED | COMMIT_STUDENT_WEIGHT_ADJUSTMENT | 200
DIST-01671 | 1.675 | -1.196 | 2.0981 | ENTROPY_DRIFT_DIVERGENCE_HAZARD | TRIGGER_DYNAMIC_LOSS_WEIGHT_RESCALE | 422
DIST-01672 | 4.225 | 1.333 | 2.6858 | ENTROPY_DRIFT_DIVERGENCE_HAZARD | TRIGGER_DYNAMIC_LOSS_WEIGHT_RESCALE | 422
DIST-01673 | 4.238 | 2.341 | 1.6436 | ENTROPY_DRIFT_DIVERGENCE_HAZARD | TRIGGER_DYNAMIC_LOSS_WEIGHT_RESCALE | 422
DIST-01674 | 7.969 | 6.238 | 1.0614 | COMPRESSION_STABLE_ALIGNED | COMMIT_STUDENT_WEIGHT_ADJUSTMENT | 200
DIST-01675 | 3.728 | 2.757 | 0.8144 | COMPRESSION_STABLE_ALIGNED | COMMIT_STUDENT_WEIGHT_ADJUSTMENT | 200
DIST-01676 | 6.641 | 4.050 | 2.1439 | ENTROPY_DRIFT_DIVERGENCE_HAZARD | TRIGGER_DYNAMIC_LOSS_WEIGHT_RESCALE | 422
DIST-01677 | 8.438 | 6.215 | 1.3831 | ENTROPY_DRIFT_DIVERGENCE_HAZARD | TRIGGER_DYNAMIC_LOSS_WEIGHT_RESCALE | 422
DIST-01678 | 3.945 | 2.337 | 1.3948 | ENTROPY_DRIFT_DIVERGENCE_HAZARD | TRIGGER_DYNAMIC_LOSS_WEIGHT_RESCALE | 422
DIST-01679 | 3.939 | 3.729 | 0.1801 | COMPRESSION_STABLE_ALIGNED | COMMIT_STUDENT_WEIGHT_ADJUSTMENT | 200
DIST-01680 | 5.982 | 3.677 | 1.962 | ENTROPY_DRIFT_DIVERGENCE_HAZARD | TRIGGER_DYNAMIC_LOSS_WEIGHT_RESCALE | 422
DIST-01681 | 2.286 | -1.109 | 2.7734 | ENTROPY_DRIFT_DIVERGENCE_HAZARD | TRIGGER_DYNAMIC_LOSS_WEIGHT_RESCALE | 422
DIST-01682 | 7.906 | 7.468 | 0.2332 | COMPRESSION_STABLE_ALIGNED | COMMIT_STUDENT_WEIGHT_ADJUSTMENT | 200
DIST-01683 | 7.549 | 4.493 | 2.3734 | ENTROPY_DRIFT_DIVERGENCE_HAZARD | TRIGGER_DYNAMIC_LOSS_WEIGHT_RESCALE | 422
DIST-01684 | 3.135 | 3.016 | 0.0948 | COMPRESSION_STABLE_ALIGNED | COMMIT_STUDENT_WEIGHT_ADJUSTMENT | 200
DIST-01685 | 5.577 | 5.161 | 0.2807 | COMPRESSION_STABLE_ALIGNED | COMMIT_STUDENT_WEIGHT_ADJUSTMENT | 200
DIST-01686 | 8.102 | 7.778 | 0.1881 | COMPRESSION_STABLE_ALIGNED | COMMIT_STUDENT_WEIGHT_ADJUSTMENT | 200
DIST-01687 | 7.682 | 7.240 | 0.2368 | COMPRESSION_STABLE_ALIGNED | COMMIT_STUDENT_WEIGHT_ADJUSTMENT | 200
DIST-01688 | 3.883 | 2.056 | 1.5746 | ENTROPY_DRIFT_DIVERGENCE_HAZARD | TRIGGER_DYNAMIC_LOSS_WEIGHT_RESCALE | 422
DIST-01689 | 3.494 | 3.588 | 0.0 | COMPRESSION_STABLE_ALIGNED | COMMIT_STUDENT_WEIGHT_ADJUSTMENT | 200
DIST-01690 | 3.756 | 2.931 | 0.6527 | COMPRESSION_STABLE_ALIGNED | COMMIT_STUDENT_WEIGHT_ADJUSTMENT | 200
DIST-01691 | 3.482 | 3.922 | 0.0 | COMPRESSION_STABLE_ALIGNED | COMMIT_STUDENT_WEIGHT_ADJUSTMENT | 200
DIST-01692 | 3.463 | 0.412 | 2.7511 | ENTROPY_DRIFT_DIVERGENCE_HAZARD | TRIGGER_DYNAMIC_LOSS_WEIGHT_RESCALE | 422
DIST-01693 | 5.072 | 4.952 | 0.1056 | COMPRESSION_STABLE_ALIGNED | COMMIT_STUDENT_WEIGHT_ADJUSTMENT | 200
DIST-01694 | 1.553 | -0.316 | 1.2689 | ENTROPY_DRIFT_DIVERGENCE_HAZARD | TRIGGER_DYNAMIC_LOSS_WEIGHT_RESCALE | 422
DIST-01695 | 4.997 | 3.025 | 1.7222 | ENTROPY_DRIFT_DIVERGENCE_HAZARD | TRIGGER_DYNAMIC_LOSS_WEIGHT_RESCALE | 422
DIST-01696 | 7.749 | 4.262 | 2.826 | ENTROPY_DRIFT_DIVERGENCE_HAZARD | TRIGGER_DYNAMIC_LOSS_WEIGHT_RESCALE | 422
DIST-01697 | 5.132 | 3.148 | 1.7044 | ENTROPY_DRIFT_DIVERGENCE_HAZARD | TRIGGER_DYNAMIC_LOSS_WEIGHT_RESCALE | 422
DIST-01698 | 6.086 | 5.675 | 0.2728 | COMPRESSION_STABLE_ALIGNED | COMMIT_STUDENT_WEIGHT_ADJUSTMENT | 200
DIST-01699 | 7.817 | 5.106 | 1.9695 | ENTROPY_DRIFT_DIVERGENCE_HAZARD | TRIGGER_DYNAMIC_LOSS_WEIGHT_RESCALE | 422
DIST-01700 | 6.275 | 2.828 | 3.2108 | ENTROPY_DRIFT_DIVERGENCE_HAZARD | TRIGGER_DYNAMIC_LOSS_WEIGHT_RESCALE | 422
DIST-01701 | 5.941 | 3.424 | 2.2077 | ENTROPY_DRIFT_DIVERGENCE_HAZARD | TRIGGER_DYNAMIC_LOSS_WEIGHT_RESCALE | 422
DIST-01702 | 3.304 | 2.027 | 1.0419 | COMPRESSION_STABLE_ALIGNED | COMMIT_STUDENT_WEIGHT_ADJUSTMENT | 200
DIST-01703 | 3.903 | 3.857 | 0.0478 | COMPRESSION_STABLE_ALIGNED | COMMIT_STUDENT_WEIGHT_ADJUSTMENT | 200
DIST-01704 | 3.733 | 2.652 | 0.8999 | COMPRESSION_STABLE_ALIGNED | COMMIT_STUDENT_WEIGHT_ADJUSTMENT | 200
DIST-01705 | 3.770 | 2.240 | 1.292 | ENTROPY_DRIFT_DIVERGENCE_HAZARD | TRIGGER_DYNAMIC_LOSS_WEIGHT_RESCALE | 422
DIST-01706 | 3.294 | 1.761 | 1.2533 | ENTROPY_DRIFT_DIVERGENCE_HAZARD | TRIGGER_DYNAMIC_LOSS_WEIGHT_RESCALE | 422
DIST-01707 | 6.638 | 7.030 | 0.0 | COMPRESSION_STABLE_ALIGNED | COMMIT_STUDENT_WEIGHT_ADJUSTMENT | 200
DIST-01708 | 7.010 | 5.202 | 1.3576 | ENTROPY_DRIFT_DIVERGENCE_HAZARD | TRIGGER_DYNAMIC_LOSS_WEIGHT_RESCALE | 422
DIST-01709 | 6.591 | 5.427 | 0.8302 | COMPRESSION_STABLE_ALIGNED | COMMIT_STUDENT_WEIGHT_ADJUSTMENT | 200
DIST-01710 | 4.117 | 4.219 | 0.0 | COMPRESSION_STABLE_ALIGNED | COMMIT_STUDENT_WEIGHT_ADJUSTMENT | 200
DIST-01711 | 5.355 | 5.746 | 0.0 | COMPRESSION_STABLE_ALIGNED | COMMIT_STUDENT_WEIGHT_ADJUSTMENT | 200
DIST-01712 | 3.121 | 2.155 | 0.7544 | COMPRESSION_STABLE_ALIGNED | COMMIT_STUDENT_WEIGHT_ADJUSTMENT | 200
DIST-01713 | 2.220 | 0.152 | 1.5393 | ENTROPY_DRIFT_DIVERGENCE_HAZARD | TRIGGER_DYNAMIC_LOSS_WEIGHT_RESCALE | 422
DIST-01714 | 3.629 | 3.388 | 0.2006 | COMPRESSION_STABLE_ALIGNED | COMMIT_STUDENT_WEIGHT_ADJUSTMENT | 200
DIST-01715 | 7.000 | 7.169 | 0.0 | COMPRESSION_STABLE_ALIGNED | COMMIT_STUDENT_WEIGHT_ADJUSTMENT | 200
DIST-01716 | 7.801 | 4.959 | 2.0897 | ENTROPY_DRIFT_DIVERGENCE_HAZARD | TRIGGER_DYNAMIC_LOSS_WEIGHT_RESCALE | 422
DIST-01717 | 6.862 | 5.307 | 1.1306 | COMPRESSION_STABLE_ALIGNED | COMMIT_STUDENT_WEIGHT_ADJUSTMENT | 200
DIST-01718 | 2.717 | 2.798 | 0.0 | COMPRESSION_STABLE_ALIGNED | COMMIT_STUDENT_WEIGHT_ADJUSTMENT | 200
DIST-01719 | 3.613 | 1.742 | 1.61 | ENTROPY_DRIFT_DIVERGENCE_HAZARD | TRIGGER_DYNAMIC_LOSS_WEIGHT_RESCALE | 422
DIST-01720 | 1.795 | -1.467 | 2.4583 | ENTROPY_DRIFT_DIVERGENCE_HAZARD | TRIGGER_DYNAMIC_LOSS_WEIGHT_RESCALE | 422
DIST-01721 | 5.697 | 3.486 | 1.9197 | ENTROPY_DRIFT_DIVERGENCE_HAZARD | TRIGGER_DYNAMIC_LOSS_WEIGHT_RESCALE | 422
DIST-01722 | 8.265 | 5.576 | 1.796 | ENTROPY_DRIFT_DIVERGENCE_HAZARD | TRIGGER_DYNAMIC_LOSS_WEIGHT_RESCALE | 422
DIST-01723 | 2.882 | 2.453 | 0.3338 | COMPRESSION_STABLE_ALIGNED | COMMIT_STUDENT_WEIGHT_ADJUSTMENT | 200
DIST-01724 | 3.791 | 2.305 | 1.2566 | ENTROPY_DRIFT_DIVERGENCE_HAZARD | TRIGGER_DYNAMIC_LOSS_WEIGHT_RESCALE | 422
DIST-01725 | 6.386 | 6.699 | 0.0 | COMPRESSION_STABLE_ALIGNED | COMMIT_STUDENT_WEIGHT_ADJUSTMENT | 200
DIST-01726 | 6.730 | 4.091 | 2.2028 | ENTROPY_DRIFT_DIVERGENCE_HAZARD | TRIGGER_DYNAMIC_LOSS_WEIGHT_RESCALE | 422
DIST-01727 | 7.734 | 5.125 | 1.8757 | ENTROPY_DRIFT_DIVERGENCE_HAZARD | TRIGGER_DYNAMIC_LOSS_WEIGHT_RESCALE | 422
DIST-01728 | 4.422 | 4.409 | 0.0259 | COMPRESSION_STABLE_ALIGNED | COMMIT_STUDENT_WEIGHT_ADJUSTMENT | 200
DIST-01729 | 1.804 | -0.714 | 1.8646 | ENTROPY_DRIFT_DIVERGENCE_HAZARD | TRIGGER_DYNAMIC_LOSS_WEIGHT_RESCALE | 422
DIST-01730 | 5.172 | 4.952 | 0.1985 | COMPRESSION_STABLE_ALIGNED | COMMIT_STUDENT_WEIGHT_ADJUSTMENT | 200
DIST-01731 | 4.016 | 0.975 | 2.8324 | ENTROPY_DRIFT_DIVERGENCE_HAZARD | TRIGGER_DYNAMIC_LOSS_WEIGHT_RESCALE | 422
DIST-01732 | 6.510 | 4.484 | 1.5999 | ENTROPY_DRIFT_DIVERGENCE_HAZARD | TRIGGER_DYNAMIC_LOSS_WEIGHT_RESCALE | 422
DIST-01733 | 6.251 | 3.965 | 1.9087 | ENTROPY_DRIFT_DIVERGENCE_HAZARD | TRIGGER_DYNAMIC_LOSS_WEIGHT_RESCALE | 422
DIST-01734 | 3.551 | 1.771 | 1.4989 | ENTROPY_DRIFT_DIVERGENCE_HAZARD | TRIGGER_DYNAMIC_LOSS_WEIGHT_RESCALE | 422
DIST-01735 | 7.454 | 6.613 | 0.5278 | COMPRESSION_STABLE_ALIGNED | COMMIT_STUDENT_WEIGHT_ADJUSTMENT | 200
DIST-01736 | 2.395 | -0.428 | 2.2479 | ENTROPY_DRIFT_DIVERGENCE_HAZARD | TRIGGER_DYNAMIC_LOSS_WEIGHT_RESCALE | 422
DIST-01737 | 3.365 | 1.259 | 1.7761 | ENTROPY_DRIFT_DIVERGENCE_HAZARD | TRIGGER_DYNAMIC_LOSS_WEIGHT_RESCALE | 422
DIST-01738 | 6.384 | 3.412 | 2.6023 | ENTROPY_DRIFT_DIVERGENCE_HAZARD | TRIGGER_DYNAMIC_LOSS_WEIGHT_RESCALE | 422
DIST-01739 | 3.398 | 3.451 | 0.0 | COMPRESSION_STABLE_ALIGNED | COMMIT_STUDENT_WEIGHT_ADJUSTMENT | 200
DIST-01740 | 6.237 | 6.541 | 0.0 | COMPRESSION_STABLE_ALIGNED | COMMIT_STUDENT_WEIGHT_ADJUSTMENT | 200
DIST-01741 | 5.436 | 2.204 | 3.0797 | ENTROPY_DRIFT_DIVERGENCE_HAZARD | TRIGGER_DYNAMIC_LOSS_WEIGHT_RESCALE | 422
DIST-01742 | 7.965 | 7.141 | 0.4547 | COMPRESSION_STABLE_ALIGNED | COMMIT_STUDENT_WEIGHT_ADJUSTMENT | 200
DIST-01743 | 3.937 | 3.509 | 0.3337 | COMPRESSION_STABLE_ALIGNED | COMMIT_STUDENT_WEIGHT_ADJUSTMENT | 200
DIST-01744 | 8.202 | 6.897 | 0.7618 | COMPRESSION_STABLE_ALIGNED | COMMIT_STUDENT_WEIGHT_ADJUSTMENT | 200
DIST-01745 | 8.218 | 5.666 | 1.6748 | ENTROPY_DRIFT_DIVERGENCE_HAZARD | TRIGGER_DYNAMIC_LOSS_WEIGHT_RESCALE | 422
DIST-01746 | 5.449 | 2.374 | 2.8985 | ENTROPY_DRIFT_DIVERGENCE_HAZARD | TRIGGER_DYNAMIC_LOSS_WEIGHT_RESCALE | 422
DIST-01747 | 6.593 | 6.313 | 0.2006 | COMPRESSION_STABLE_ALIGNED | COMMIT_STUDENT_WEIGHT_ADJUSTMENT | 200
DIST-01748 | 5.063 | 2.768 | 2.0611 | ENTROPY_DRIFT_DIVERGENCE_HAZARD | TRIGGER_DYNAMIC_LOSS_WEIGHT_RESCALE | 422
DIST-01749 | 6.257 | 6.755 | 0.0 | COMPRESSION_STABLE_ALIGNED | COMMIT_STUDENT_WEIGHT_ADJUSTMENT | 200
DIST-01750 | 2.903 | 3.042 | 0.0 | COMPRESSION_STABLE_ALIGNED | COMMIT_STUDENT_WEIGHT_ADJUSTMENT | 200
DIST-01751 | 6.321 | 3.115 | 2.8538 | ENTROPY_DRIFT_DIVERGENCE_HAZARD | TRIGGER_DYNAMIC_LOSS_WEIGHT_RESCALE | 422
DIST-01752 | 7.923 | 6.017 | 1.2399 | COMPRESSION_STABLE_ALIGNED | COMMIT_STUDENT_WEIGHT_ADJUSTMENT | 200
DIST-01753 | 4.413 | 1.609 | 2.596 | ENTROPY_DRIFT_DIVERGENCE_HAZARD | TRIGGER_DYNAMIC_LOSS_WEIGHT_RESCALE | 422
DIST-01754 | 7.761 | 7.137 | 0.3138 | COMPRESSION_STABLE_ALIGNED | COMMIT_STUDENT_WEIGHT_ADJUSTMENT | 200
DIST-01755 | 2.926 | 0.958 | 1.6228 | ENTROPY_DRIFT_DIVERGENCE_HAZARD | TRIGGER_DYNAMIC_LOSS_WEIGHT_RESCALE | 422
DIST-01756 | 5.990 | 4.536 | 1.1695 | COMPRESSION_STABLE_ALIGNED | COMMIT_STUDENT_WEIGHT_ADJUSTMENT | 200
DIST-01757 | 6.132 | 4.785 | 1.0303 | COMPRESSION_STABLE_ALIGNED | COMMIT_STUDENT_WEIGHT_ADJUSTMENT | 200
DIST-01758 | 3.750 | 4.187 | 0.0 | COMPRESSION_STABLE_ALIGNED | COMMIT_STUDENT_WEIGHT_ADJUSTMENT | 200
DIST-01759 | 4.470 | 4.439 | 0.0549 | COMPRESSION_STABLE_ALIGNED | COMMIT_STUDENT_WEIGHT_ADJUSTMENT | 200
DIST-01760 | 4.151 | 2.675 | 1.2718 | ENTROPY_DRIFT_DIVERGENCE_HAZARD | TRIGGER_DYNAMIC_LOSS_WEIGHT_RESCALE | 422
DIST-01761 | 4.777 | 2.817 | 1.7478 | ENTROPY_DRIFT_DIVERGENCE_HAZARD | TRIGGER_DYNAMIC_LOSS_WEIGHT_RESCALE | 422
DIST-01762 | 7.085 | 7.300 | 0.0 | COMPRESSION_STABLE_ALIGNED | COMMIT_STUDENT_WEIGHT_ADJUSTMENT | 200
DIST-01763 | 7.024 | 6.005 | 0.679 | COMPRESSION_STABLE_ALIGNED | COMMIT_STUDENT_WEIGHT_ADJUSTMENT | 200
DIST-01764 | 1.841 | -1.212 | 2.276 | ENTROPY_DRIFT_DIVERGENCE_HAZARD | TRIGGER_DYNAMIC_LOSS_WEIGHT_RESCALE | 422
DIST-01765 | 6.661 | 6.398 | 0.1632 | COMPRESSION_STABLE_ALIGNED | COMMIT_STUDENT_WEIGHT_ADJUSTMENT | 200
DIST-01766 | 5.198 | 5.066 | 0.0793 | COMPRESSION_STABLE_ALIGNED | COMMIT_STUDENT_WEIGHT_ADJUSTMENT | 200
DIST-01767 | 4.406 | 2.712 | 1.4985 | ENTROPY_DRIFT_DIVERGENCE_HAZARD | TRIGGER_DYNAMIC_LOSS_WEIGHT_RESCALE | 422
DIST-01768 | 6.431 | 5.141 | 0.9502 | COMPRESSION_STABLE_ALIGNED | COMMIT_STUDENT_WEIGHT_ADJUSTMENT | 200
DIST-01769 | 4.894 | 3.552 | 1.1145 | COMPRESSION_STABLE_ALIGNED | COMMIT_STUDENT_WEIGHT_ADJUSTMENT | 200
DIST-01770 | 6.512 | 5.366 | 0.837 | COMPRESSION_STABLE_ALIGNED | COMMIT_STUDENT_WEIGHT_ADJUSTMENT | 200
DIST-01771 | 3.821 | 2.308 | 1.2715 | ENTROPY_DRIFT_DIVERGENCE_HAZARD | TRIGGER_DYNAMIC_LOSS_WEIGHT_RESCALE | 422
DIST-01772 | 6.822 | 7.080 | 0.0 | COMPRESSION_STABLE_ALIGNED | COMMIT_STUDENT_WEIGHT_ADJUSTMENT | 200
DIST-01773 | 5.179 | 2.198 | 2.7932 | ENTROPY_DRIFT_DIVERGENCE_HAZARD | TRIGGER_DYNAMIC_LOSS_WEIGHT_RESCALE | 422
DIST-01774 | 3.469 | 1.788 | 1.4101 | ENTROPY_DRIFT_DIVERGENCE_HAZARD | TRIGGER_DYNAMIC_LOSS_WEIGHT_RESCALE | 422
DIST-01775 | 5.193 | 1.791 | 3.2879 | ENTROPY_DRIFT_DIVERGENCE_HAZARD | TRIGGER_DYNAMIC_LOSS_WEIGHT_RESCALE | 422
DIST-01776 | 3.020 | 2.479 | 0.384 | COMPRESSION_STABLE_ALIGNED | COMMIT_STUDENT_WEIGHT_ADJUSTMENT | 200
DIST-01777 | 2.516 | -0.826 | 2.7838 | ENTROPY_DRIFT_DIVERGENCE_HAZARD | TRIGGER_DYNAMIC_LOSS_WEIGHT_RESCALE | 422
DIST-01778 | 4.844 | 1.534 | 3.1998 | ENTROPY_DRIFT_DIVERGENCE_HAZARD | TRIGGER_DYNAMIC_LOSS_WEIGHT_RESCALE | 422
DIST-01779 | 6.397 | 6.811 | 0.0 | COMPRESSION_STABLE_ALIGNED | COMMIT_STUDENT_WEIGHT_ADJUSTMENT | 200
DIST-01780 | 5.891 | 4.172 | 1.3849 | ENTROPY_DRIFT_DIVERGENCE_HAZARD | TRIGGER_DYNAMIC_LOSS_WEIGHT_RESCALE | 422
DIST-01781 | 4.524 | 4.170 | 0.2442 | COMPRESSION_STABLE_ALIGNED | COMMIT_STUDENT_WEIGHT_ADJUSTMENT | 200
DIST-01782 | 3.710 | 3.357 | 0.2698 | COMPRESSION_STABLE_ALIGNED | COMMIT_STUDENT_WEIGHT_ADJUSTMENT | 200
DIST-01783 | 3.579 | 1.348 | 1.9119 | ENTROPY_DRIFT_DIVERGENCE_HAZARD | TRIGGER_DYNAMIC_LOSS_WEIGHT_RESCALE | 422
DIST-01784 | 3.734 | 1.709 | 1.7689 | ENTROPY_DRIFT_DIVERGENCE_HAZARD | TRIGGER_DYNAMIC_LOSS_WEIGHT_RESCALE | 422
DIST-01785 | 8.033 | 5.815 | 1.4586 | ENTROPY_DRIFT_DIVERGENCE_HAZARD | TRIGGER_DYNAMIC_LOSS_WEIGHT_RESCALE | 422
DIST-01786 | 1.514 | 0.325 | 0.7684 | COMPRESSION_STABLE_ALIGNED | COMMIT_STUDENT_WEIGHT_ADJUSTMENT | 200
DIST-01787 | 2.862 | 2.526 | 0.2423 | COMPRESSION_STABLE_ALIGNED | COMMIT_STUDENT_WEIGHT_ADJUSTMENT | 200
DIST-01788 | 5.777 | 3.196 | 2.2797 | ENTROPY_DRIFT_DIVERGENCE_HAZARD | TRIGGER_DYNAMIC_LOSS_WEIGHT_RESCALE | 422
DIST-01789 | 8.006 | 7.681 | 0.1741 | COMPRESSION_STABLE_ALIGNED | COMMIT_STUDENT_WEIGHT_ADJUSTMENT | 200
DIST-01790 | 4.046 | 0.734 | 3.1706 | ENTROPY_DRIFT_DIVERGENCE_HAZARD | TRIGGER_DYNAMIC_LOSS_WEIGHT_RESCALE | 422
DIST-01791 | 1.789 | 0.474 | 0.8837 | COMPRESSION_STABLE_ALIGNED | COMMIT_STUDENT_WEIGHT_ADJUSTMENT | 200
DIST-01792 | 2.485 | -0.734 | 2.6733 | ENTROPY_DRIFT_DIVERGENCE_HAZARD | TRIGGER_DYNAMIC_LOSS_WEIGHT_RESCALE | 422
DIST-01793 | 3.757 | 3.260 | 0.3835 | COMPRESSION_STABLE_ALIGNED | COMMIT_STUDENT_WEIGHT_ADJUSTMENT | 200
DIST-01794 | 2.881 | 0.958 | 1.5786 | ENTROPY_DRIFT_DIVERGENCE_HAZARD | TRIGGER_DYNAMIC_LOSS_WEIGHT_RESCALE | 422
DIST-01795 | 4.800 | 3.938 | 0.6919 | COMPRESSION_STABLE_ALIGNED | COMMIT_STUDENT_WEIGHT_ADJUSTMENT | 200
DIST-01796 | 8.046 | 6.501 | 0.914 | COMPRESSION_STABLE_ALIGNED | COMMIT_STUDENT_WEIGHT_ADJUSTMENT | 200
DIST-01797 | 6.461 | 6.263 | 0.1225 | COMPRESSION_STABLE_ALIGNED | COMMIT_STUDENT_WEIGHT_ADJUSTMENT | 200
DIST-01798 | 8.345 | 8.278 | 0.0154 | COMPRESSION_STABLE_ALIGNED | COMMIT_STUDENT_WEIGHT_ADJUSTMENT | 200
DIST-01799 | 5.138 | 5.478 | 0.0 | COMPRESSION_STABLE_ALIGNED | COMMIT_STUDENT_WEIGHT_ADJUSTMENT | 200
DIST-01800 | 1.952 | 1.708 | 0.1656 | COMPRESSION_STABLE_ALIGNED | COMMIT_STUDENT_WEIGHT_ADJUSTMENT | 200
DIST-01801 | 6.299 | 6.266 | 0.0593 | COMPRESSION_STABLE_ALIGNED | COMMIT_STUDENT_WEIGHT_ADJUSTMENT | 200
DIST-01802 | 5.184 | 4.197 | 0.7822 | COMPRESSION_STABLE_ALIGNED | COMMIT_STUDENT_WEIGHT_ADJUSTMENT | 200
DIST-01803 | 7.311 | 6.223 | 0.6841 | COMPRESSION_STABLE_ALIGNED | COMMIT_STUDENT_WEIGHT_ADJUSTMENT | 200
DIST-01804 | 3.660 | 1.850 | 1.5106 | ENTROPY_DRIFT_DIVERGENCE_HAZARD | TRIGGER_DYNAMIC_LOSS_WEIGHT_RESCALE | 422
DIST-01805 | 7.764 | 6.401 | 0.8051 | COMPRESSION_STABLE_ALIGNED | COMMIT_STUDENT_WEIGHT_ADJUSTMENT | 200
DIST-01806 | 1.945 | -0.619 | 1.9013 | ENTROPY_DRIFT_DIVERGENCE_HAZARD | TRIGGER_DYNAMIC_LOSS_WEIGHT_RESCALE | 422
DIST-01807 | 6.973 | 6.442 | 0.3404 | COMPRESSION_STABLE_ALIGNED | COMMIT_STUDENT_WEIGHT_ADJUSTMENT | 200
DIST-01808 | 5.872 | 5.843 | 0.0299 | COMPRESSION_STABLE_ALIGNED | COMMIT_STUDENT_WEIGHT_ADJUSTMENT | 200
DIST-01809 | 1.766 | 1.476 | 0.161 | COMPRESSION_STABLE_ALIGNED | COMMIT_STUDENT_WEIGHT_ADJUSTMENT | 200
DIST-01810 | 4.705 | 1.869 | 2.6695 | ENTROPY_DRIFT_DIVERGENCE_HAZARD | TRIGGER_DYNAMIC_LOSS_WEIGHT_RESCALE | 422
DIST-01811 | 4.338 | 3.403 | 0.7474 | COMPRESSION_STABLE_ALIGNED | COMMIT_STUDENT_WEIGHT_ADJUSTMENT | 200
DIST-01812 | 6.562 | 5.510 | 0.7486 | COMPRESSION_STABLE_ALIGNED | COMMIT_STUDENT_WEIGHT_ADJUSTMENT | 200
DIST-01813 | 2.378 | 0.888 | 1.1621 | COMPRESSION_STABLE_ALIGNED | COMMIT_STUDENT_WEIGHT_ADJUSTMENT | 200
DIST-01814 | 2.109 | -0.661 | 2.1702 | ENTROPY_DRIFT_DIVERGENCE_HAZARD | TRIGGER_DYNAMIC_LOSS_WEIGHT_RESCALE | 422
DIST-01815 | 6.671 | 4.357 | 1.8551 | ENTROPY_DRIFT_DIVERGENCE_HAZARD | TRIGGER_DYNAMIC_LOSS_WEIGHT_RESCALE | 422
DIST-01816 | 4.077 | 3.137 | 0.7433 | COMPRESSION_STABLE_ALIGNED | COMMIT_STUDENT_WEIGHT_ADJUSTMENT | 200
DIST-01817 | 2.064 | -1.320 | 2.6291 | ENTROPY_DRIFT_DIVERGENCE_HAZARD | TRIGGER_DYNAMIC_LOSS_WEIGHT_RESCALE | 422
DIST-01818 | 7.082 | 5.162 | 1.3916 | ENTROPY_DRIFT_DIVERGENCE_HAZARD | TRIGGER_DYNAMIC_LOSS_WEIGHT_RESCALE | 422
DIST-01819 | 8.367 | 7.306 | 0.5592 | COMPRESSION_STABLE_ALIGNED | COMMIT_STUDENT_WEIGHT_ADJUSTMENT | 200
DIST-01820 | 3.723 | 2.347 | 1.1207 | COMPRESSION_STABLE_ALIGNED | COMMIT_STUDENT_WEIGHT_ADJUSTMENT | 200
DIST-01821 | 4.400 | 1.158 | 3.0991 | ENTROPY_DRIFT_DIVERGENCE_HAZARD | TRIGGER_DYNAMIC_LOSS_WEIGHT_RESCALE | 422
DIST-01822 | 2.031 | -0.818 | 2.1983 | ENTROPY_DRIFT_DIVERGENCE_HAZARD | TRIGGER_DYNAMIC_LOSS_WEIGHT_RESCALE | 422
DIST-01823 | 5.030 | 4.470 | 0.426 | COMPRESSION_STABLE_ALIGNED | COMMIT_STUDENT_WEIGHT_ADJUSTMENT | 200
DIST-01824 | 6.970 | 4.782 | 1.6618 | ENTROPY_DRIFT_DIVERGENCE_HAZARD | TRIGGER_DYNAMIC_LOSS_WEIGHT_RESCALE | 422
DIST-01825 | 5.574 | 5.368 | 0.1509 | COMPRESSION_STABLE_ALIGNED | COMMIT_STUDENT_WEIGHT_ADJUSTMENT | 200
DIST-01826 | 2.243 | 0.050 | 1.7009 | ENTROPY_DRIFT_DIVERGENCE_HAZARD | TRIGGER_DYNAMIC_LOSS_WEIGHT_RESCALE | 422
DIST-01827 | 5.365 | 2.918 | 2.1717 | ENTROPY_DRIFT_DIVERGENCE_HAZARD | TRIGGER_DYNAMIC_LOSS_WEIGHT_RESCALE | 422
DIST-01828 | 3.192 | 2.168 | 0.837 | COMPRESSION_STABLE_ALIGNED | COMMIT_STUDENT_WEIGHT_ADJUSTMENT | 200
DIST-01829 | 2.662 | 0.891 | 1.4005 | ENTROPY_DRIFT_DIVERGENCE_HAZARD | TRIGGER_DYNAMIC_LOSS_WEIGHT_RESCALE | 422
DIST-01830 | 6.088 | 2.938 | 2.8897 | ENTROPY_DRIFT_DIVERGENCE_HAZARD | TRIGGER_DYNAMIC_LOSS_WEIGHT_RESCALE | 422
DIST-01831 | 2.784 | 2.840 | 0.0 | COMPRESSION_STABLE_ALIGNED | COMMIT_STUDENT_WEIGHT_ADJUSTMENT | 200
DIST-01832 | 1.702 | -0.822 | 1.8392 | ENTROPY_DRIFT_DIVERGENCE_HAZARD | TRIGGER_DYNAMIC_LOSS_WEIGHT_RESCALE | 422
DIST-01833 | 4.083 | 0.787 | 3.1497 | ENTROPY_DRIFT_DIVERGENCE_HAZARD | TRIGGER_DYNAMIC_LOSS_WEIGHT_RESCALE | 422
DIST-01834 | 5.114 | 2.731 | 2.1476 | ENTROPY_DRIFT_DIVERGENCE_HAZARD | TRIGGER_DYNAMIC_LOSS_WEIGHT_RESCALE | 422
DIST-01835 | 7.863 | 7.924 | 0.0 | COMPRESSION_STABLE_ALIGNED | COMMIT_STUDENT_WEIGHT_ADJUSTMENT | 200
DIST-01836 | 6.206 | 4.863 | 1.0292 | COMPRESSION_STABLE_ALIGNED | COMMIT_STUDENT_WEIGHT_ADJUSTMENT | 200
DIST-01837 | 7.731 | 6.444 | 0.7681 | COMPRESSION_STABLE_ALIGNED | COMMIT_STUDENT_WEIGHT_ADJUSTMENT | 200
DIST-01838 | 6.184 | 5.468 | 0.5126 | COMPRESSION_STABLE_ALIGNED | COMMIT_STUDENT_WEIGHT_ADJUSTMENT | 200
DIST-01839 | 2.098 | 1.512 | 0.4101 | COMPRESSION_STABLE_ALIGNED | COMMIT_STUDENT_WEIGHT_ADJUSTMENT | 200
DIST-01840 | 3.659 | 0.288 | 3.1382 | ENTROPY_DRIFT_DIVERGENCE_HAZARD | TRIGGER_DYNAMIC_LOSS_WEIGHT_RESCALE | 422
DIST-01841 | 6.209 | 5.048 | 0.8636 | COMPRESSION_STABLE_ALIGNED | COMMIT_STUDENT_WEIGHT_ADJUSTMENT | 200
DIST-01842 | 1.676 | -1.461 | 2.2812 | ENTROPY_DRIFT_DIVERGENCE_HAZARD | TRIGGER_DYNAMIC_LOSS_WEIGHT_RESCALE | 422
DIST-01843 | 2.164 | -0.598 | 2.1497 | ENTROPY_DRIFT_DIVERGENCE_HAZARD | TRIGGER_DYNAMIC_LOSS_WEIGHT_RESCALE | 422
DIST-01844 | 5.323 | 2.199 | 2.9637 | ENTROPY_DRIFT_DIVERGENCE_HAZARD | TRIGGER_DYNAMIC_LOSS_WEIGHT_RESCALE | 422
DIST-01845 | 6.079 | 4.971 | 0.836 | COMPRESSION_STABLE_ALIGNED | COMMIT_STUDENT_WEIGHT_ADJUSTMENT | 200
DIST-01846 | 5.335 | 2.799 | 2.2728 | ENTROPY_DRIFT_DIVERGENCE_HAZARD | TRIGGER_DYNAMIC_LOSS_WEIGHT_RESCALE | 422
DIST-01847 | 6.809 | 3.642 | 2.7657 | ENTROPY_DRIFT_DIVERGENCE_HAZARD | TRIGGER_DYNAMIC_LOSS_WEIGHT_RESCALE | 422
DIST-01848 | 6.654 | 4.097 | 2.0942 | ENTROPY_DRIFT_DIVERGENCE_HAZARD | TRIGGER_DYNAMIC_LOSS_WEIGHT_RESCALE | 422
DIST-01849 | 4.778 | 1.710 | 2.9362 | ENTROPY_DRIFT_DIVERGENCE_HAZARD | TRIGGER_DYNAMIC_LOSS_WEIGHT_RESCALE | 422
DIST-01850 | 5.805 | 2.670 | 2.9296 | ENTROPY_DRIFT_DIVERGENCE_HAZARD | TRIGGER_DYNAMIC_LOSS_WEIGHT_RESCALE | 422
DIST-01851 | 3.464 | 3.061 | 0.2961 | COMPRESSION_STABLE_ALIGNED | COMMIT_STUDENT_WEIGHT_ADJUSTMENT | 200
DIST-01852 | 4.278 | 3.986 | 0.2592 | COMPRESSION_STABLE_ALIGNED | COMMIT_STUDENT_WEIGHT_ADJUSTMENT | 200
DIST-01853 | 3.941 | 3.650 | 0.1994 | COMPRESSION_STABLE_ALIGNED | COMMIT_STUDENT_WEIGHT_ADJUSTMENT | 200
DIST-01854 | 1.746 | -0.855 | 1.926 | ENTROPY_DRIFT_DIVERGENCE_HAZARD | TRIGGER_DYNAMIC_LOSS_WEIGHT_RESCALE | 422
DIST-01855 | 4.909 | 1.761 | 3.0299 | ENTROPY_DRIFT_DIVERGENCE_HAZARD | TRIGGER_DYNAMIC_LOSS_WEIGHT_RESCALE | 422
DIST-01856 | 6.177 | 3.787 | 2.0152 | ENTROPY_DRIFT_DIVERGENCE_HAZARD | TRIGGER_DYNAMIC_LOSS_WEIGHT_RESCALE | 422
DIST-01857 | 5.216 | 2.580 | 2.4397 | ENTROPY_DRIFT_DIVERGENCE_HAZARD | TRIGGER_DYNAMIC_LOSS_WEIGHT_RESCALE | 422
DIST-01858 | 2.675 | 2.636 | 0.0232 | COMPRESSION_STABLE_ALIGNED | COMMIT_STUDENT_WEIGHT_ADJUSTMENT | 200
DIST-01859 | 8.222 | 7.206 | 0.5572 | COMPRESSION_STABLE_ALIGNED | COMMIT_STUDENT_WEIGHT_ADJUSTMENT | 200
DIST-01860 | 3.918 | 4.398 | 0.0 | COMPRESSION_STABLE_ALIGNED | COMMIT_STUDENT_WEIGHT_ADJUSTMENT | 200
DIST-01861 | 6.834 | 4.242 | 2.1039 | ENTROPY_DRIFT_DIVERGENCE_HAZARD | TRIGGER_DYNAMIC_LOSS_WEIGHT_RESCALE | 422
DIST-01862 | 1.899 | 1.715 | 0.1403 | COMPRESSION_STABLE_ALIGNED | COMMIT_STUDENT_WEIGHT_ADJUSTMENT | 200
DIST-01863 | 7.382 | 4.579 | 2.1963 | ENTROPY_DRIFT_DIVERGENCE_HAZARD | TRIGGER_DYNAMIC_LOSS_WEIGHT_RESCALE | 422
DIST-01864 | 6.224 | 4.513 | 1.3163 | ENTROPY_DRIFT_DIVERGENCE_HAZARD | TRIGGER_DYNAMIC_LOSS_WEIGHT_RESCALE | 422
DIST-01865 | 5.444 | 3.232 | 1.9633 | ENTROPY_DRIFT_DIVERGENCE_HAZARD | TRIGGER_DYNAMIC_LOSS_WEIGHT_RESCALE | 422
DIST-01866 | 7.699 | 7.396 | 0.1321 | COMPRESSION_STABLE_ALIGNED | COMMIT_STUDENT_WEIGHT_ADJUSTMENT | 200
DIST-01867 | 5.481 | 5.445 | 0.0459 | COMPRESSION_STABLE_ALIGNED | COMMIT_STUDENT_WEIGHT_ADJUSTMENT | 200
DIST-01868 | 2.414 | 2.501 | 0.0 | COMPRESSION_STABLE_ALIGNED | COMMIT_STUDENT_WEIGHT_ADJUSTMENT | 200
DIST-01869 | 4.347 | 2.233 | 1.8514 | ENTROPY_DRIFT_DIVERGENCE_HAZARD | TRIGGER_DYNAMIC_LOSS_WEIGHT_RESCALE | 422
DIST-01870 | 6.783 | 4.701 | 1.6032 | ENTROPY_DRIFT_DIVERGENCE_HAZARD | TRIGGER_DYNAMIC_LOSS_WEIGHT_RESCALE | 422
DIST-01871 | 6.242 | 5.795 | 0.2854 | COMPRESSION_STABLE_ALIGNED | COMMIT_STUDENT_WEIGHT_ADJUSTMENT | 200
DIST-01872 | 4.742 | 2.911 | 1.5822 | ENTROPY_DRIFT_DIVERGENCE_HAZARD | TRIGGER_DYNAMIC_LOSS_WEIGHT_RESCALE | 422
DIST-01873 | 3.040 | -0.246 | 2.8972 | ENTROPY_DRIFT_DIVERGENCE_HAZARD | TRIGGER_DYNAMIC_LOSS_WEIGHT_RESCALE | 422
DIST-01874 | 2.004 | 0.976 | 0.746 | COMPRESSION_STABLE_ALIGNED | COMMIT_STUDENT_WEIGHT_ADJUSTMENT | 200
DIST-01875 | 7.694 | 6.865 | 0.5098 | COMPRESSION_STABLE_ALIGNED | COMMIT_STUDENT_WEIGHT_ADJUSTMENT | 200
DIST-01876 | 6.828 | 5.201 | 1.2187 | COMPRESSION_STABLE_ALIGNED | COMMIT_STUDENT_WEIGHT_ADJUSTMENT | 200
DIST-01877 | 2.358 | -0.612 | 2.391 | ENTROPY_DRIFT_DIVERGENCE_HAZARD | TRIGGER_DYNAMIC_LOSS_WEIGHT_RESCALE | 422
DIST-01878 | 7.361 | 5.537 | 1.266 | ENTROPY_DRIFT_DIVERGENCE_HAZARD | TRIGGER_DYNAMIC_LOSS_WEIGHT_RESCALE | 422
DIST-01879 | 4.960 | 3.629 | 1.0663 | COMPRESSION_STABLE_ALIGNED | COMMIT_STUDENT_WEIGHT_ADJUSTMENT | 200
DIST-01880 | 4.326 | 3.413 | 0.7218 | COMPRESSION_STABLE_ALIGNED | COMMIT_STUDENT_WEIGHT_ADJUSTMENT | 200
DIST-01881 | 3.419 | 3.084 | 0.2742 | COMPRESSION_STABLE_ALIGNED | COMMIT_STUDENT_WEIGHT_ADJUSTMENT | 200
DIST-01882 | 8.175 | 6.614 | 0.9512 | COMPRESSION_STABLE_ALIGNED | COMMIT_STUDENT_WEIGHT_ADJUSTMENT | 200
DIST-01883 | 3.647 | 3.166 | 0.3482 | COMPRESSION_STABLE_ALIGNED | COMMIT_STUDENT_WEIGHT_ADJUSTMENT | 200
DIST-01884 | 2.989 | 1.393 | 1.2764 | ENTROPY_DRIFT_DIVERGENCE_HAZARD | TRIGGER_DYNAMIC_LOSS_WEIGHT_RESCALE | 422
DIST-01885 | 5.454 | 4.050 | 1.141 | COMPRESSION_STABLE_ALIGNED | COMMIT_STUDENT_WEIGHT_ADJUSTMENT | 200
DIST-01886 | 6.932 | 7.031 | 0.0 | COMPRESSION_STABLE_ALIGNED | COMMIT_STUDENT_WEIGHT_ADJUSTMENT | 200
DIST-01887 | 5.646 | 2.817 | 2.572 | ENTROPY_DRIFT_DIVERGENCE_HAZARD | TRIGGER_DYNAMIC_LOSS_WEIGHT_RESCALE | 422
DIST-01888 | 1.896 | -1.511 | 2.6365 | ENTROPY_DRIFT_DIVERGENCE_HAZARD | TRIGGER_DYNAMIC_LOSS_WEIGHT_RESCALE | 422
DIST-01889 | 2.717 | -0.469 | 2.7022 | ENTROPY_DRIFT_DIVERGENCE_HAZARD | TRIGGER_DYNAMIC_LOSS_WEIGHT_RESCALE | 422
DIST-01890 | 5.635 | 5.540 | 0.0667 | COMPRESSION_STABLE_ALIGNED | COMMIT_STUDENT_WEIGHT_ADJUSTMENT | 200
DIST-01891 | 7.847 | 6.996 | 0.4956 | COMPRESSION_STABLE_ALIGNED | COMMIT_STUDENT_WEIGHT_ADJUSTMENT | 200
DIST-01892 | 3.381 | 0.320 | 2.7539 | ENTROPY_DRIFT_DIVERGENCE_HAZARD | TRIGGER_DYNAMIC_LOSS_WEIGHT_RESCALE | 422
DIST-01893 | 6.587 | 3.149 | 3.1096 | ENTROPY_DRIFT_DIVERGENCE_HAZARD | TRIGGER_DYNAMIC_LOSS_WEIGHT_RESCALE | 422
DIST-01894 | 1.524 | 0.062 | 0.9909 | COMPRESSION_STABLE_ALIGNED | COMMIT_STUDENT_WEIGHT_ADJUSTMENT | 200
DIST-01895 | 3.421 | 1.197 | 1.9149 | ENTROPY_DRIFT_DIVERGENCE_HAZARD | TRIGGER_DYNAMIC_LOSS_WEIGHT_RESCALE | 422
DIST-01896 | 4.585 | 1.223 | 3.2467 | ENTROPY_DRIFT_DIVERGENCE_HAZARD | TRIGGER_DYNAMIC_LOSS_WEIGHT_RESCALE | 422
DIST-01897 | 1.786 | 1.722 | 0.0365 | COMPRESSION_STABLE_ALIGNED | COMMIT_STUDENT_WEIGHT_ADJUSTMENT | 200
DIST-01898 | 2.133 | -0.961 | 2.4738 | ENTROPY_DRIFT_DIVERGENCE_HAZARD | TRIGGER_DYNAMIC_LOSS_WEIGHT_RESCALE | 422
DIST-01899 | 5.537 | 2.185 | 3.2275 | ENTROPY_DRIFT_DIVERGENCE_HAZARD | TRIGGER_DYNAMIC_LOSS_WEIGHT_RESCALE | 422
DIST-01900 | 4.516 | 4.275 | 0.1777 | COMPRESSION_STABLE_ALIGNED | COMMIT_STUDENT_WEIGHT_ADJUSTMENT | 200
DIST-01901 | 2.316 | 0.696 | 1.2422 | COMPRESSION_STABLE_ALIGNED | COMMIT_STUDENT_WEIGHT_ADJUSTMENT | 200
DIST-01902 | 6.698 | 4.279 | 1.953 | ENTROPY_DRIFT_DIVERGENCE_HAZARD | TRIGGER_DYNAMIC_LOSS_WEIGHT_RESCALE | 422
DIST-01903 | 6.226 | 6.063 | 0.1323 | COMPRESSION_STABLE_ALIGNED | COMMIT_STUDENT_WEIGHT_ADJUSTMENT | 200
DIST-01904 | 3.210 | 0.936 | 1.9454 | ENTROPY_DRIFT_DIVERGENCE_HAZARD | TRIGGER_DYNAMIC_LOSS_WEIGHT_RESCALE | 422
DIST-01905 | 3.563 | 0.114 | 3.2063 | ENTROPY_DRIFT_DIVERGENCE_HAZARD | TRIGGER_DYNAMIC_LOSS_WEIGHT_RESCALE | 422
DIST-01906 | 4.793 | 4.636 | 0.126 | COMPRESSION_STABLE_ALIGNED | COMMIT_STUDENT_WEIGHT_ADJUSTMENT | 200
DIST-01907 | 6.577 | 6.150 | 0.2501 | COMPRESSION_STABLE_ALIGNED | COMMIT_STUDENT_WEIGHT_ADJUSTMENT | 200
DIST-01908 | 7.645 | 7.560 | 0.0227 | COMPRESSION_STABLE_ALIGNED | COMMIT_STUDENT_WEIGHT_ADJUSTMENT | 200
DIST-01909 | 6.962 | 6.454 | 0.2965 | COMPRESSION_STABLE_ALIGNED | COMMIT_STUDENT_WEIGHT_ADJUSTMENT | 200
DIST-01910 | 5.164 | 2.814 | 2.1068 | ENTROPY_DRIFT_DIVERGENCE_HAZARD | TRIGGER_DYNAMIC_LOSS_WEIGHT_RESCALE | 422
DIST-01911 | 2.368 | 2.598 | 0.0 | COMPRESSION_STABLE_ALIGNED | COMMIT_STUDENT_WEIGHT_ADJUSTMENT | 200
DIST-01912 | 2.927 | 2.008 | 0.7537 | COMPRESSION_STABLE_ALIGNED | COMMIT_STUDENT_WEIGHT_ADJUSTMENT | 200
DIST-01913 | 2.222 | 2.039 | 0.1395 | COMPRESSION_STABLE_ALIGNED | COMMIT_STUDENT_WEIGHT_ADJUSTMENT | 200
DIST-01914 | 6.528 | 6.852 | 0.0 | COMPRESSION_STABLE_ALIGNED | COMMIT_STUDENT_WEIGHT_ADJUSTMENT | 200
DIST-01915 | 5.318 | 2.238 | 2.8752 | ENTROPY_DRIFT_DIVERGENCE_HAZARD | TRIGGER_DYNAMIC_LOSS_WEIGHT_RESCALE | 422
DIST-01916 | 4.615 | 2.610 | 1.7525 | ENTROPY_DRIFT_DIVERGENCE_HAZARD | TRIGGER_DYNAMIC_LOSS_WEIGHT_RESCALE | 422
DIST-01917 | 5.046 | 5.268 | 0.0 | COMPRESSION_STABLE_ALIGNED | COMMIT_STUDENT_WEIGHT_ADJUSTMENT | 200
DIST-01918 | 2.382 | 0.541 | 1.4092 | ENTROPY_DRIFT_DIVERGENCE_HAZARD | TRIGGER_DYNAMIC_LOSS_WEIGHT_RESCALE | 422
DIST-01919 | 8.113 | 8.407 | 0.0 | COMPRESSION_STABLE_ALIGNED | COMMIT_STUDENT_WEIGHT_ADJUSTMENT | 200
DIST-01920 | 4.691 | 2.604 | 1.837 | ENTROPY_DRIFT_DIVERGENCE_HAZARD | TRIGGER_DYNAMIC_LOSS_WEIGHT_RESCALE | 422
DIST-01921 | 2.898 | 2.679 | 0.122 | COMPRESSION_STABLE_ALIGNED | COMMIT_STUDENT_WEIGHT_ADJUSTMENT | 200
DIST-01922 | 7.623 | 5.391 | 1.5838 | ENTROPY_DRIFT_DIVERGENCE_HAZARD | TRIGGER_DYNAMIC_LOSS_WEIGHT_RESCALE | 422
DIST-01923 | 4.613 | 3.890 | 0.5514 | COMPRESSION_STABLE_ALIGNED | COMMIT_STUDENT_WEIGHT_ADJUSTMENT | 200
DIST-01924 | 2.896 | 2.178 | 0.5509 | COMPRESSION_STABLE_ALIGNED | COMMIT_STUDENT_WEIGHT_ADJUSTMENT | 200
DIST-01925 | 6.945 | 4.051 | 2.4402 | ENTROPY_DRIFT_DIVERGENCE_HAZARD | TRIGGER_DYNAMIC_LOSS_WEIGHT_RESCALE | 422
DIST-01926 | 1.632 | 1.064 | 0.3582 | COMPRESSION_STABLE_ALIGNED | COMMIT_STUDENT_WEIGHT_ADJUSTMENT | 200
DIST-01927 | 3.871 | 2.473 | 1.1154 | COMPRESSION_STABLE_ALIGNED | COMMIT_STUDENT_WEIGHT_ADJUSTMENT | 200
DIST-01928 | 1.605 | -0.455 | 1.4449 | ENTROPY_DRIFT_DIVERGENCE_HAZARD | TRIGGER_DYNAMIC_LOSS_WEIGHT_RESCALE | 422
DIST-01929 | 8.469 | 6.427 | 1.2338 | COMPRESSION_STABLE_ALIGNED | COMMIT_STUDENT_WEIGHT_ADJUSTMENT | 200
DIST-01930 | 4.685 | 3.411 | 1.0954 | COMPRESSION_STABLE_ALIGNED | COMMIT_STUDENT_WEIGHT_ADJUSTMENT | 200
DIST-01931 | 1.797 | 0.026 | 1.2423 | COMPRESSION_STABLE_ALIGNED | COMMIT_STUDENT_WEIGHT_ADJUSTMENT | 200
DIST-01932 | 3.006 | 3.044 | 0.0 | COMPRESSION_STABLE_ALIGNED | COMMIT_STUDENT_WEIGHT_ADJUSTMENT | 200
DIST-01933 | 7.747 | 4.690 | 2.3164 | ENTROPY_DRIFT_DIVERGENCE_HAZARD | TRIGGER_DYNAMIC_LOSS_WEIGHT_RESCALE | 422
DIST-01934 | 6.474 | 3.496 | 2.608 | ENTROPY_DRIFT_DIVERGENCE_HAZARD | TRIGGER_DYNAMIC_LOSS_WEIGHT_RESCALE | 422
DIST-01935 | 7.353 | 6.138 | 0.8404 | COMPRESSION_STABLE_ALIGNED | COMMIT_STUDENT_WEIGHT_ADJUSTMENT | 200
DIST-01936 | 7.028 | 5.531 | 1.0218 | COMPRESSION_STABLE_ALIGNED | COMMIT_STUDENT_WEIGHT_ADJUSTMENT | 200
DIST-01937 | 6.433 | 4.831 | 1.2291 | COMPRESSION_STABLE_ALIGNED | COMMIT_STUDENT_WEIGHT_ADJUSTMENT | 200
DIST-01938 | 3.042 | 3.171 | 0.0 | COMPRESSION_STABLE_ALIGNED | COMMIT_STUDENT_WEIGHT_ADJUSTMENT | 200
DIST-01939 | 6.320 | 3.991 | 1.9622 | ENTROPY_DRIFT_DIVERGENCE_HAZARD | TRIGGER_DYNAMIC_LOSS_WEIGHT_RESCALE | 422
DIST-01940 | 7.452 | 4.848 | 1.9629 | ENTROPY_DRIFT_DIVERGENCE_HAZARD | TRIGGER_DYNAMIC_LOSS_WEIGHT_RESCALE | 422
DIST-01941 | 4.324 | 3.723 | 0.4794 | COMPRESSION_STABLE_ALIGNED | COMMIT_STUDENT_WEIGHT_ADJUSTMENT | 200
DIST-01942 | 2.088 | -0.396 | 1.8953 | ENTROPY_DRIFT_DIVERGENCE_HAZARD | TRIGGER_DYNAMIC_LOSS_WEIGHT_RESCALE | 422
DIST-01943 | 3.723 | 0.607 | 2.8827 | ENTROPY_DRIFT_DIVERGENCE_HAZARD | TRIGGER_DYNAMIC_LOSS_WEIGHT_RESCALE | 422
DIST-01944 | 7.599 | 7.118 | 0.2659 | COMPRESSION_STABLE_ALIGNED | COMMIT_STUDENT_WEIGHT_ADJUSTMENT | 200
DIST-01945 | 7.405 | 6.908 | 0.3041 | COMPRESSION_STABLE_ALIGNED | COMMIT_STUDENT_WEIGHT_ADJUSTMENT | 200
DIST-01946 | 4.978 | 2.929 | 1.7916 | ENTROPY_DRIFT_DIVERGENCE_HAZARD | TRIGGER_DYNAMIC_LOSS_WEIGHT_RESCALE | 422
DIST-01947 | 1.838 | -0.735 | 1.9189 | ENTROPY_DRIFT_DIVERGENCE_HAZARD | TRIGGER_DYNAMIC_LOSS_WEIGHT_RESCALE | 422
DIST-01948 | 5.187 | 3.636 | 1.2951 | ENTROPY_DRIFT_DIVERGENCE_HAZARD | TRIGGER_DYNAMIC_LOSS_WEIGHT_RESCALE | 422
DIST-01949 | 5.879 | 2.634 | 3.0617 | ENTROPY_DRIFT_DIVERGENCE_HAZARD | TRIGGER_DYNAMIC_LOSS_WEIGHT_RESCALE | 422
DIST-01950 | 1.668 | 1.851 | 0.0 | COMPRESSION_STABLE_ALIGNED | COMMIT_STUDENT_WEIGHT_ADJUSTMENT | 200
DIST-01951 | 4.262 | 3.558 | 0.5238 | COMPRESSION_STABLE_ALIGNED | COMMIT_STUDENT_WEIGHT_ADJUSTMENT | 200
DIST-01952 | 3.095 | 2.963 | 0.1224 | COMPRESSION_STABLE_ALIGNED | COMMIT_STUDENT_WEIGHT_ADJUSTMENT | 200
DIST-01953 | 5.630 | 2.173 | 3.3148 | ENTROPY_DRIFT_DIVERGENCE_HAZARD | TRIGGER_DYNAMIC_LOSS_WEIGHT_RESCALE | 422
DIST-01954 | 3.124 | 0.323 | 2.4239 | ENTROPY_DRIFT_DIVERGENCE_HAZARD | TRIGGER_DYNAMIC_LOSS_WEIGHT_RESCALE | 422
DIST-01955 | 4.257 | 4.497 | 0.0 | COMPRESSION_STABLE_ALIGNED | COMMIT_STUDENT_WEIGHT_ADJUSTMENT | 200
DIST-01956 | 1.639 | -0.754 | 1.7416 | ENTROPY_DRIFT_DIVERGENCE_HAZARD | TRIGGER_DYNAMIC_LOSS_WEIGHT_RESCALE | 422
DIST-01957 | 5.138 | 2.252 | 2.6564 | ENTROPY_DRIFT_DIVERGENCE_HAZARD | TRIGGER_DYNAMIC_LOSS_WEIGHT_RESCALE | 422
DIST-01958 | 6.231 | 3.797 | 2.1282 | ENTROPY_DRIFT_DIVERGENCE_HAZARD | TRIGGER_DYNAMIC_LOSS_WEIGHT_RESCALE | 422
DIST-01959 | 6.761 | 4.973 | 1.3643 | ENTROPY_DRIFT_DIVERGENCE_HAZARD | TRIGGER_DYNAMIC_LOSS_WEIGHT_RESCALE | 422
DIST-01960 | 6.128 | 5.270 | 0.6293 | COMPRESSION_STABLE_ALIGNED | COMMIT_STUDENT_WEIGHT_ADJUSTMENT | 200
DIST-01961 | 3.232 | 2.148 | 0.8604 | COMPRESSION_STABLE_ALIGNED | COMMIT_STUDENT_WEIGHT_ADJUSTMENT | 200
DIST-01962 | 5.435 | 5.455 | 0.0 | COMPRESSION_STABLE_ALIGNED | COMMIT_STUDENT_WEIGHT_ADJUSTMENT | 200
DIST-01963 | 7.741 | 6.842 | 0.5355 | COMPRESSION_STABLE_ALIGNED | COMMIT_STUDENT_WEIGHT_ADJUSTMENT | 200
DIST-01964 | 6.200 | 6.230 | 0.0 | COMPRESSION_STABLE_ALIGNED | COMMIT_STUDENT_WEIGHT_ADJUSTMENT | 200
DIST-01965 | 7.096 | 6.756 | 0.2168 | COMPRESSION_STABLE_ALIGNED | COMMIT_STUDENT_WEIGHT_ADJUSTMENT | 200
DIST-01966 | 5.928 | 3.483 | 2.1278 | ENTROPY_DRIFT_DIVERGENCE_HAZARD | TRIGGER_DYNAMIC_LOSS_WEIGHT_RESCALE | 422
DIST-01967 | 1.764 | 1.817 | 0.0 | COMPRESSION_STABLE_ALIGNED | COMMIT_STUDENT_WEIGHT_ADJUSTMENT | 200
DIST-01968 | 8.410 | 6.706 | 0.9749 | COMPRESSION_STABLE_ALIGNED | COMMIT_STUDENT_WEIGHT_ADJUSTMENT | 200
DIST-01969 | 8.460 | 8.910 | 0.0 | COMPRESSION_STABLE_ALIGNED | COMMIT_STUDENT_WEIGHT_ADJUSTMENT | 200
DIST-01970 | 8.464 | 5.789 | 1.749 | ENTROPY_DRIFT_DIVERGENCE_HAZARD | TRIGGER_DYNAMIC_LOSS_WEIGHT_RESCALE | 422
DIST-01971 | 3.127 | 1.913 | 0.9784 | COMPRESSION_STABLE_ALIGNED | COMMIT_STUDENT_WEIGHT_ADJUSTMENT | 200
DIST-01972 | 6.877 | 6.703 | 0.0484 | COMPRESSION_STABLE_ALIGNED | COMMIT_STUDENT_WEIGHT_ADJUSTMENT | 200
DIST-01973 | 4.991 | 2.577 | 2.1947 | ENTROPY_DRIFT_DIVERGENCE_HAZARD | TRIGGER_DYNAMIC_LOSS_WEIGHT_RESCALE | 422
DIST-01974 | 7.977 | 5.196 | 1.9808 | ENTROPY_DRIFT_DIVERGENCE_HAZARD | TRIGGER_DYNAMIC_LOSS_WEIGHT_RESCALE | 422
DIST-01975 | 4.565 | 4.031 | 0.416 | COMPRESSION_STABLE_ALIGNED | COMMIT_STUDENT_WEIGHT_ADJUSTMENT | 200
DIST-01976 | 5.756 | 4.204 | 1.2468 | COMPRESSION_STABLE_ALIGNED | COMMIT_STUDENT_WEIGHT_ADJUSTMENT | 200
DIST-01977 | 6.628 | 5.861 | 0.5444 | COMPRESSION_STABLE_ALIGNED | COMMIT_STUDENT_WEIGHT_ADJUSTMENT | 200
DIST-01978 | 4.667 | 4.967 | 0.0 | COMPRESSION_STABLE_ALIGNED | COMMIT_STUDENT_WEIGHT_ADJUSTMENT | 200
DIST-01979 | 5.399 | 2.308 | 2.9016 | ENTROPY_DRIFT_DIVERGENCE_HAZARD | TRIGGER_DYNAMIC_LOSS_WEIGHT_RESCALE | 422
DIST-01980 | 8.426 | 5.352 | 2.1103 | ENTROPY_DRIFT_DIVERGENCE_HAZARD | TRIGGER_DYNAMIC_LOSS_WEIGHT_RESCALE | 422
DIST-01981 | 7.022 | 4.455 | 2.0171 | ENTROPY_DRIFT_DIVERGENCE_HAZARD | TRIGGER_DYNAMIC_LOSS_WEIGHT_RESCALE | 422
DIST-01982 | 6.600 | 4.020 | 2.1199 | ENTROPY_DRIFT_DIVERGENCE_HAZARD | TRIGGER_DYNAMIC_LOSS_WEIGHT_RESCALE | 422
DIST-01983 | 6.283 | 3.112 | 2.8626 | ENTROPY_DRIFT_DIVERGENCE_HAZARD | TRIGGER_DYNAMIC_LOSS_WEIGHT_RESCALE | 422
DIST-01984 | 1.512 | 0.833 | 0.4625 | COMPRESSION_STABLE_ALIGNED | COMMIT_STUDENT_WEIGHT_ADJUSTMENT | 200
DIST-01985 | 2.306 | 0.831 | 1.128 | COMPRESSION_STABLE_ALIGNED | COMMIT_STUDENT_WEIGHT_ADJUSTMENT | 200
DIST-01986 | 6.107 | 4.215 | 1.548 | ENTROPY_DRIFT_DIVERGENCE_HAZARD | TRIGGER_DYNAMIC_LOSS_WEIGHT_RESCALE | 422
DIST-01987 | 3.550 | 0.312 | 2.9909 | ENTROPY_DRIFT_DIVERGENCE_HAZARD | TRIGGER_DYNAMIC_LOSS_WEIGHT_RESCALE | 422
DIST-01988 | 5.314 | 3.413 | 1.6393 | ENTROPY_DRIFT_DIVERGENCE_HAZARD | TRIGGER_DYNAMIC_LOSS_WEIGHT_RESCALE | 422
DIST-01989 | 7.675 | 5.362 | 1.6155 | ENTROPY_DRIFT_DIVERGENCE_HAZARD | TRIGGER_DYNAMIC_LOSS_WEIGHT_RESCALE | 422
DIST-01990 | 3.299 | 3.178 | 0.0988 | COMPRESSION_STABLE_ALIGNED | COMMIT_STUDENT_WEIGHT_ADJUSTMENT | 200
DIST-01991 | 3.630 | 2.194 | 1.2064 | COMPRESSION_STABLE_ALIGNED | COMMIT_STUDENT_WEIGHT_ADJUSTMENT | 200
DIST-01992 | 6.542 | 5.579 | 0.6932 | COMPRESSION_STABLE_ALIGNED | COMMIT_STUDENT_WEIGHT_ADJUSTMENT | 200
DIST-01993 | 3.024 | 1.093 | 1.6154 | ENTROPY_DRIFT_DIVERGENCE_HAZARD | TRIGGER_DYNAMIC_LOSS_WEIGHT_RESCALE | 422
DIST-01994 | 3.403 | 3.541 | 0.0 | COMPRESSION_STABLE_ALIGNED | COMMIT_STUDENT_WEIGHT_ADJUSTMENT | 200
DIST-01995 | 4.579 | 2.737 | 1.6073 | ENTROPY_DRIFT_DIVERGENCE_HAZARD | TRIGGER_DYNAMIC_LOSS_WEIGHT_RESCALE | 422
DIST-01996 | 3.617 | 0.297 | 3.0999 | ENTROPY_DRIFT_DIVERGENCE_HAZARD | TRIGGER_DYNAMIC_LOSS_WEIGHT_RESCALE | 422
DIST-01997 | 8.070 | 8.396 | 0.0 | COMPRESSION_STABLE_ALIGNED | COMMIT_STUDENT_WEIGHT_ADJUSTMENT | 200
DIST-01998 | 3.249 | 3.165 | 0.0454 | COMPRESSION_STABLE_ALIGNED | COMMIT_STUDENT_WEIGHT_ADJUSTMENT | 200
DIST-01999 | 7.486 | 6.104 | 0.8918 | COMPRESSION_STABLE_ALIGNED | COMMIT_STUDENT_WEIGHT_ADJUSTMENT | 200
DIST-02000 | 2.593 | 2.556 | 0.0114 | COMPRESSION_STABLE_ALIGNED | COMMIT_STUDENT_WEIGHT_ADJUSTMENT | 200
DIST-02001 | 1.789 | 0.929 | 0.5765 | COMPRESSION_STABLE_ALIGNED | COMMIT_STUDENT_WEIGHT_ADJUSTMENT | 200
DIST-02002 | 6.514 | 3.739 | 2.3721 | ENTROPY_DRIFT_DIVERGENCE_HAZARD | TRIGGER_DYNAMIC_LOSS_WEIGHT_RESCALE | 422
DIST-02003 | 5.750 | 4.747 | 0.7523 | COMPRESSION_STABLE_ALIGNED | COMMIT_STUDENT_WEIGHT_ADJUSTMENT | 200
DIST-02004 | 5.427 | 5.748 | 0.0 | COMPRESSION_STABLE_ALIGNED | COMMIT_STUDENT_WEIGHT_ADJUSTMENT | 200
DIST-02005 | 3.957 | 2.293 | 1.3794 | ENTROPY_DRIFT_DIVERGENCE_HAZARD | TRIGGER_DYNAMIC_LOSS_WEIGHT_RESCALE | 422
DIST-02006 | 3.399 | 0.021 | 3.0973 | ENTROPY_DRIFT_DIVERGENCE_HAZARD | TRIGGER_DYNAMIC_LOSS_WEIGHT_RESCALE | 422
DIST-02007 | 5.839 | 4.443 | 1.1039 | COMPRESSION_STABLE_ALIGNED | COMMIT_STUDENT_WEIGHT_ADJUSTMENT | 200
DIST-02008 | 8.091 | 5.742 | 1.5364 | ENTROPY_DRIFT_DIVERGENCE_HAZARD | TRIGGER_DYNAMIC_LOSS_WEIGHT_RESCALE | 422
DIST-02009 | 8.286 | 7.689 | 0.3156 | COMPRESSION_STABLE_ALIGNED | COMMIT_STUDENT_WEIGHT_ADJUSTMENT | 200
DIST-02010 | 8.422 | 7.510 | 0.4883 | COMPRESSION_STABLE_ALIGNED | COMMIT_STUDENT_WEIGHT_ADJUSTMENT | 200
DIST-02011 | 7.474 | 4.583 | 2.2111 | ENTROPY_DRIFT_DIVERGENCE_HAZARD | TRIGGER_DYNAMIC_LOSS_WEIGHT_RESCALE | 422
DIST-02012 | 4.231 | 1.772 | 2.2116 | ENTROPY_DRIFT_DIVERGENCE_HAZARD | TRIGGER_DYNAMIC_LOSS_WEIGHT_RESCALE | 422
DIST-02013 | 4.523 | 1.883 | 2.4167 | ENTROPY_DRIFT_DIVERGENCE_HAZARD | TRIGGER_DYNAMIC_LOSS_WEIGHT_RESCALE | 422
DIST-02014 | 2.772 | -0.706 | 2.9957 | ENTROPY_DRIFT_DIVERGENCE_HAZARD | TRIGGER_DYNAMIC_LOSS_WEIGHT_RESCALE | 422
DIST-02015 | 5.104 | 5.208 | 0.0 | COMPRESSION_STABLE_ALIGNED | COMMIT_STUDENT_WEIGHT_ADJUSTMENT | 200
DIST-02016 | 3.873 | 0.887 | 2.7546 | ENTROPY_DRIFT_DIVERGENCE_HAZARD | TRIGGER_DYNAMIC_LOSS_WEIGHT_RESCALE | 422
DIST-02017 | 3.542 | 0.153 | 3.1321 | ENTROPY_DRIFT_DIVERGENCE_HAZARD | TRIGGER_DYNAMIC_LOSS_WEIGHT_RESCALE | 422
DIST-02018 | 6.405 | 6.196 | 0.0976 | COMPRESSION_STABLE_ALIGNED | COMMIT_STUDENT_WEIGHT_ADJUSTMENT | 200
DIST-02019 | 3.921 | 3.989 | 0.0 | COMPRESSION_STABLE_ALIGNED | COMMIT_STUDENT_WEIGHT_ADJUSTMENT | 200
DIST-02020 | 5.284 | 2.805 | 2.2102 | ENTROPY_DRIFT_DIVERGENCE_HAZARD | TRIGGER_DYNAMIC_LOSS_WEIGHT_RESCALE | 422
DIST-02021 | 5.542 | 4.753 | 0.602 | COMPRESSION_STABLE_ALIGNED | COMMIT_STUDENT_WEIGHT_ADJUSTMENT | 200
DIST-02022 | 2.865 | 2.138 | 0.5572 | COMPRESSION_STABLE_ALIGNED | COMMIT_STUDENT_WEIGHT_ADJUSTMENT | 200
DIST-02023 | 4.976 | 3.807 | 0.9787 | COMPRESSION_STABLE_ALIGNED | COMMIT_STUDENT_WEIGHT_ADJUSTMENT | 200
DIST-02024 | 1.500 | 0.093 | 0.9247 | COMPRESSION_STABLE_ALIGNED | COMMIT_STUDENT_WEIGHT_ADJUSTMENT | 200
DIST-02025 | 2.893 | 0.188 | 2.2333 | ENTROPY_DRIFT_DIVERGENCE_HAZARD | TRIGGER_DYNAMIC_LOSS_WEIGHT_RESCALE | 422
DIST-02026 | 7.499 | 7.181 | 0.1834 | COMPRESSION_STABLE_ALIGNED | COMMIT_STUDENT_WEIGHT_ADJUSTMENT | 200
DIST-02027 | 8.267 | 7.268 | 0.5725 | COMPRESSION_STABLE_ALIGNED | COMMIT_STUDENT_WEIGHT_ADJUSTMENT | 200
DIST-02028 | 2.790 | 2.712 | 0.0813 | COMPRESSION_STABLE_ALIGNED | COMMIT_STUDENT_WEIGHT_ADJUSTMENT | 200
DIST-02029 | 6.953 | 4.589 | 1.8541 | ENTROPY_DRIFT_DIVERGENCE_HAZARD | TRIGGER_DYNAMIC_LOSS_WEIGHT_RESCALE | 422
DIST-02030 | 5.171 | 1.913 | 3.1215 | ENTROPY_DRIFT_DIVERGENCE_HAZARD | TRIGGER_DYNAMIC_LOSS_WEIGHT_RESCALE | 422
DIST-02031 | 5.312 | 4.969 | 0.2697 | COMPRESSION_STABLE_ALIGNED | COMMIT_STUDENT_WEIGHT_ADJUSTMENT | 200
DIST-02032 | 5.740 | 5.986 | 0.0 | COMPRESSION_STABLE_ALIGNED | COMMIT_STUDENT_WEIGHT_ADJUSTMENT | 200
DIST-02033 | 3.740 | 1.382 | 2.0949 | ENTROPY_DRIFT_DIVERGENCE_HAZARD | TRIGGER_DYNAMIC_LOSS_WEIGHT_RESCALE | 422
DIST-02034 | 8.281 | 7.747 | 0.2783 | COMPRESSION_STABLE_ALIGNED | COMMIT_STUDENT_WEIGHT_ADJUSTMENT | 200
DIST-02035 | 4.703 | 4.058 | 0.5273 | COMPRESSION_STABLE_ALIGNED | COMMIT_STUDENT_WEIGHT_ADJUSTMENT | 200
DIST-02036 | 6.249 | 4.527 | 1.4133 | ENTROPY_DRIFT_DIVERGENCE_HAZARD | TRIGGER_DYNAMIC_LOSS_WEIGHT_RESCALE | 422
DIST-02037 | 3.865 | 3.284 | 0.4632 | COMPRESSION_STABLE_ALIGNED | COMMIT_STUDENT_WEIGHT_ADJUSTMENT | 200
DIST-02038 | 5.995 | 5.301 | 0.4933 | COMPRESSION_STABLE_ALIGNED | COMMIT_STUDENT_WEIGHT_ADJUSTMENT | 200
DIST-02039 | 5.938 | 2.850 | 2.8439 | ENTROPY_DRIFT_DIVERGENCE_HAZARD | TRIGGER_DYNAMIC_LOSS_WEIGHT_RESCALE | 422
DIST-02040 | 4.143 | 0.900 | 3.0428 | ENTROPY_DRIFT_DIVERGENCE_HAZARD | TRIGGER_DYNAMIC_LOSS_WEIGHT_RESCALE | 422
DIST-02041 | 6.975 | 6.293 | 0.4248 | COMPRESSION_STABLE_ALIGNED | COMMIT_STUDENT_WEIGHT_ADJUSTMENT | 200
DIST-02042 | 7.877 | 7.456 | 0.2173 | COMPRESSION_STABLE_ALIGNED | COMMIT_STUDENT_WEIGHT_ADJUSTMENT | 200
DIST-02043 | 2.506 | 1.117 | 1.0518 | COMPRESSION_STABLE_ALIGNED | COMMIT_STUDENT_WEIGHT_ADJUSTMENT | 200
DIST-02044 | 8.004 | 6.064 | 1.2394 | COMPRESSION_STABLE_ALIGNED | COMMIT_STUDENT_WEIGHT_ADJUSTMENT | 200
DIST-02045 | 7.801 | 4.556 | 2.4877 | ENTROPY_DRIFT_DIVERGENCE_HAZARD | TRIGGER_DYNAMIC_LOSS_WEIGHT_RESCALE | 422
DIST-02046 | 4.094 | 4.479 | 0.0 | COMPRESSION_STABLE_ALIGNED | COMMIT_STUDENT_WEIGHT_ADJUSTMENT | 200
DIST-02047 | 4.003 | 2.571 | 1.2013 | COMPRESSION_STABLE_ALIGNED | COMMIT_STUDENT_WEIGHT_ADJUSTMENT | 200
DIST-02048 | 6.768 | 7.066 | 0.0 | COMPRESSION_STABLE_ALIGNED | COMMIT_STUDENT_WEIGHT_ADJUSTMENT | 200
DIST-02049 | 5.018 | 2.496 | 2.2907 | ENTROPY_DRIFT_DIVERGENCE_HAZARD | TRIGGER_DYNAMIC_LOSS_WEIGHT_RESCALE | 422
DIST-02050 | 8.006 | 8.304 | 0.0 | COMPRESSION_STABLE_ALIGNED | COMMIT_STUDENT_WEIGHT_ADJUSTMENT | 200
DIST-02051 | 7.601 | 4.155 | 2.8133 | ENTROPY_DRIFT_DIVERGENCE_HAZARD | TRIGGER_DYNAMIC_LOSS_WEIGHT_RESCALE | 422
DIST-02052 | 7.567 | 4.820 | 2.0525 | ENTROPY_DRIFT_DIVERGENCE_HAZARD | TRIGGER_DYNAMIC_LOSS_WEIGHT_RESCALE | 422
DIST-02053 | 5.839 | 4.496 | 1.0431 | COMPRESSION_STABLE_ALIGNED | COMMIT_STUDENT_WEIGHT_ADJUSTMENT | 200
DIST-02054 | 4.838 | 5.080 | 0.0 | COMPRESSION_STABLE_ALIGNED | COMMIT_STUDENT_WEIGHT_ADJUSTMENT | 200
DIST-02055 | 3.347 | 2.173 | 0.9176 | COMPRESSION_STABLE_ALIGNED | COMMIT_STUDENT_WEIGHT_ADJUSTMENT | 200
DIST-02056 | 3.537 | 2.610 | 0.724 | COMPRESSION_STABLE_ALIGNED | COMMIT_STUDENT_WEIGHT_ADJUSTMENT | 200
DIST-02057 | 7.261 | 5.522 | 1.2065 | COMPRESSION_STABLE_ALIGNED | COMMIT_STUDENT_WEIGHT_ADJUSTMENT | 200
DIST-02058 | 2.661 | 2.611 | 0.053 | COMPRESSION_STABLE_ALIGNED | COMMIT_STUDENT_WEIGHT_ADJUSTMENT | 200
DIST-02059 | 4.693 | 4.552 | 0.1105 | COMPRESSION_STABLE_ALIGNED | COMMIT_STUDENT_WEIGHT_ADJUSTMENT | 200
DIST-02060 | 3.532 | 3.518 | 0.0141 | COMPRESSION_STABLE_ALIGNED | COMMIT_STUDENT_WEIGHT_ADJUSTMENT | 200
DIST-02061 | 4.547 | 4.330 | 0.1813 | COMPRESSION_STABLE_ALIGNED | COMMIT_STUDENT_WEIGHT_ADJUSTMENT | 200
DIST-02062 | 2.727 | 0.336 | 1.9622 | ENTROPY_DRIFT_DIVERGENCE_HAZARD | TRIGGER_DYNAMIC_LOSS_WEIGHT_RESCALE | 422
DIST-02063 | 5.038 | 3.922 | 0.9105 | COMPRESSION_STABLE_ALIGNED | COMMIT_STUDENT_WEIGHT_ADJUSTMENT | 200
DIST-02064 | 3.888 | 1.907 | 1.7182 | ENTROPY_DRIFT_DIVERGENCE_HAZARD | TRIGGER_DYNAMIC_LOSS_WEIGHT_RESCALE | 422
DIST-02065 | 6.532 | 3.760 | 2.374 | ENTROPY_DRIFT_DIVERGENCE_HAZARD | TRIGGER_DYNAMIC_LOSS_WEIGHT_RESCALE | 422
DIST-02066 | 4.069 | 0.678 | 3.225 | ENTROPY_DRIFT_DIVERGENCE_HAZARD | TRIGGER_DYNAMIC_LOSS_WEIGHT_RESCALE | 422
DIST-02067 | 7.968 | 7.899 | 0.0 | COMPRESSION_STABLE_ALIGNED | COMMIT_STUDENT_WEIGHT_ADJUSTMENT | 200
DIST-02068 | 1.608 | 1.079 | 0.346 | COMPRESSION_STABLE_ALIGNED | COMMIT_STUDENT_WEIGHT_ADJUSTMENT | 200
DIST-02069 | 8.055 | 5.709 | 1.5878 | ENTROPY_DRIFT_DIVERGENCE_HAZARD | TRIGGER_DYNAMIC_LOSS_WEIGHT_RESCALE | 422
DIST-02070 | 6.490 | 4.091 | 2.0002 | ENTROPY_DRIFT_DIVERGENCE_HAZARD | TRIGGER_DYNAMIC_LOSS_WEIGHT_RESCALE | 422
DIST-02071 | 8.479 | 7.744 | 0.3847 | COMPRESSION_STABLE_ALIGNED | COMMIT_STUDENT_WEIGHT_ADJUSTMENT | 200
DIST-02072 | 3.177 | 1.873 | 1.0725 | COMPRESSION_STABLE_ALIGNED | COMMIT_STUDENT_WEIGHT_ADJUSTMENT | 200
DIST-02073 | 5.834 | 3.490 | 2.0334 | ENTROPY_DRIFT_DIVERGENCE_HAZARD | TRIGGER_DYNAMIC_LOSS_WEIGHT_RESCALE | 422
DIST-02074 | 3.580 | 2.005 | 1.3192 | ENTROPY_DRIFT_DIVERGENCE_HAZARD | TRIGGER_DYNAMIC_LOSS_WEIGHT_RESCALE | 422
DIST-02075 | 4.132 | 1.525 | 2.3656 | ENTROPY_DRIFT_DIVERGENCE_HAZARD | TRIGGER_DYNAMIC_LOSS_WEIGHT_RESCALE | 422
DIST-02076 | 5.849 | 3.561 | 1.9646 | ENTROPY_DRIFT_DIVERGENCE_HAZARD | TRIGGER_DYNAMIC_LOSS_WEIGHT_RESCALE | 422
DIST-02077 | 5.802 | 5.676 | 0.0999 | COMPRESSION_STABLE_ALIGNED | COMMIT_STUDENT_WEIGHT_ADJUSTMENT | 200
DIST-02078 | 2.759 | 0.785 | 1.6179 | ENTROPY_DRIFT_DIVERGENCE_HAZARD | TRIGGER_DYNAMIC_LOSS_WEIGHT_RESCALE | 422
DIST-02079 | 4.423 | 4.399 | 0.015 | COMPRESSION_STABLE_ALIGNED | COMMIT_STUDENT_WEIGHT_ADJUSTMENT | 200
DIST-02080 | 7.082 | 6.224 | 0.5457 | COMPRESSION_STABLE_ALIGNED | COMMIT_STUDENT_WEIGHT_ADJUSTMENT | 200
DIST-02081 | 1.746 | -0.942 | 1.9783 | ENTROPY_DRIFT_DIVERGENCE_HAZARD | TRIGGER_DYNAMIC_LOSS_WEIGHT_RESCALE | 422
DIST-02082 | 6.180 | 5.809 | 0.2664 | COMPRESSION_STABLE_ALIGNED | COMMIT_STUDENT_WEIGHT_ADJUSTMENT | 200
DIST-02083 | 6.359 | 4.644 | 1.3083 | ENTROPY_DRIFT_DIVERGENCE_HAZARD | TRIGGER_DYNAMIC_LOSS_WEIGHT_RESCALE | 422
DIST-02084 | 5.685 | 3.257 | 2.0939 | ENTROPY_DRIFT_DIVERGENCE_HAZARD | TRIGGER_DYNAMIC_LOSS_WEIGHT_RESCALE | 422
DIST-02085 | 5.522 | 4.071 | 1.169 | COMPRESSION_STABLE_ALIGNED | COMMIT_STUDENT_WEIGHT_ADJUSTMENT | 200
DIST-02086 | 2.626 | 1.288 | 1.0071 | COMPRESSION_STABLE_ALIGNED | COMMIT_STUDENT_WEIGHT_ADJUSTMENT | 200
DIST-02087 | 3.907 | 0.906 | 2.7697 | ENTROPY_DRIFT_DIVERGENCE_HAZARD | TRIGGER_DYNAMIC_LOSS_WEIGHT_RESCALE | 422
DIST-02088 | 5.862 | 6.181 | 0.0 | COMPRESSION_STABLE_ALIGNED | COMMIT_STUDENT_WEIGHT_ADJUSTMENT | 200
DIST-02089 | 4.264 | 2.118 | 1.8944 | ENTROPY_DRIFT_DIVERGENCE_HAZARD | TRIGGER_DYNAMIC_LOSS_WEIGHT_RESCALE | 422
DIST-02090 | 7.939 | 7.039 | 0.5362 | COMPRESSION_STABLE_ALIGNED | COMMIT_STUDENT_WEIGHT_ADJUSTMENT | 200
DIST-02091 | 2.505 | 2.622 | 0.0 | COMPRESSION_STABLE_ALIGNED | COMMIT_STUDENT_WEIGHT_ADJUSTMENT | 200
DIST-02092 | 6.232 | 5.167 | 0.7904 | COMPRESSION_STABLE_ALIGNED | COMMIT_STUDENT_WEIGHT_ADJUSTMENT | 200
DIST-02093 | 6.563 | 5.975 | 0.4077 | COMPRESSION_STABLE_ALIGNED | COMMIT_STUDENT_WEIGHT_ADJUSTMENT | 200
DIST-02094 | 6.844 | 4.285 | 2.0479 | ENTROPY_DRIFT_DIVERGENCE_HAZARD | TRIGGER_DYNAMIC_LOSS_WEIGHT_RESCALE | 422
DIST-02095 | 3.476 | 3.857 | 0.0 | COMPRESSION_STABLE_ALIGNED | COMMIT_STUDENT_WEIGHT_ADJUSTMENT | 200
DIST-02096 | 3.170 | 3.349 | 0.0 | COMPRESSION_STABLE_ALIGNED | COMMIT_STUDENT_WEIGHT_ADJUSTMENT | 200
DIST-02097 | 4.069 | 1.196 | 2.6719 | ENTROPY_DRIFT_DIVERGENCE_HAZARD | TRIGGER_DYNAMIC_LOSS_WEIGHT_RESCALE | 422
DIST-02098 | 7.509 | 4.641 | 2.1876 | ENTROPY_DRIFT_DIVERGENCE_HAZARD | TRIGGER_DYNAMIC_LOSS_WEIGHT_RESCALE | 422
DIST-02099 | 6.023 | 5.838 | 0.0954 | COMPRESSION_STABLE_ALIGNED | COMMIT_STUDENT_WEIGHT_ADJUSTMENT | 200
DIST-02100 | 7.980 | 5.366 | 1.8363 | ENTROPY_DRIFT_DIVERGENCE_HAZARD | TRIGGER_DYNAMIC_LOSS_WEIGHT_RESCALE | 422
DIST-02101 | 6.642 | 3.522 | 2.7379 | ENTROPY_DRIFT_DIVERGENCE_HAZARD | TRIGGER_DYNAMIC_LOSS_WEIGHT_RESCALE | 422
DIST-02102 | 8.496 | 8.431 | 0.0109 | COMPRESSION_STABLE_ALIGNED | COMMIT_STUDENT_WEIGHT_ADJUSTMENT | 200
DIST-02103 | 6.280 | 6.523 | 0.0 | COMPRESSION_STABLE_ALIGNED | COMMIT_STUDENT_WEIGHT_ADJUSTMENT | 200
DIST-02104 | 3.824 | 4.142 | 0.0 | COMPRESSION_STABLE_ALIGNED | COMMIT_STUDENT_WEIGHT_ADJUSTMENT | 200
DIST-02105 | 7.402 | 6.861 | 0.2963 | COMPRESSION_STABLE_ALIGNED | COMMIT_STUDENT_WEIGHT_ADJUSTMENT | 200
DIST-02106 | 4.552 | 1.689 | 2.7127 | ENTROPY_DRIFT_DIVERGENCE_HAZARD | TRIGGER_DYNAMIC_LOSS_WEIGHT_RESCALE | 422
DIST-02107 | 8.307 | 8.171 | 0.0467 | COMPRESSION_STABLE_ALIGNED | COMMIT_STUDENT_WEIGHT_ADJUSTMENT | 200
DIST-02108 | 3.561 | 2.515 | 0.8548 | COMPRESSION_STABLE_ALIGNED | COMMIT_STUDENT_WEIGHT_ADJUSTMENT | 200
DIST-02109 | 4.373 | 3.174 | 0.9841 | COMPRESSION_STABLE_ALIGNED | COMMIT_STUDENT_WEIGHT_ADJUSTMENT | 200
DIST-02110 | 3.183 | 2.237 | 0.7557 | COMPRESSION_STABLE_ALIGNED | COMMIT_STUDENT_WEIGHT_ADJUSTMENT | 200
DIST-02111 | 5.276 | 3.451 | 1.5449 | ENTROPY_DRIFT_DIVERGENCE_HAZARD | TRIGGER_DYNAMIC_LOSS_WEIGHT_RESCALE | 422
DIST-02112 | 4.470 | 0.993 | 3.3798 | ENTROPY_DRIFT_DIVERGENCE_HAZARD | TRIGGER_DYNAMIC_LOSS_WEIGHT_RESCALE | 422
DIST-02113 | 2.857 | 0.041 | 2.3926 | ENTROPY_DRIFT_DIVERGENCE_HAZARD | TRIGGER_DYNAMIC_LOSS_WEIGHT_RESCALE | 422
DIST-02114 | 6.601 | 5.908 | 0.4499 | COMPRESSION_STABLE_ALIGNED | COMMIT_STUDENT_WEIGHT_ADJUSTMENT | 200
DIST-02115 | 5.333 | 5.042 | 0.2286 | COMPRESSION_STABLE_ALIGNED | COMMIT_STUDENT_WEIGHT_ADJUSTMENT | 200
DIST-02116 | 3.004 | 2.561 | 0.3227 | COMPRESSION_STABLE_ALIGNED | COMMIT_STUDENT_WEIGHT_ADJUSTMENT | 200
DIST-02117 | 1.833 | -1.551 | 2.5793 | ENTROPY_DRIFT_DIVERGENCE_HAZARD | TRIGGER_DYNAMIC_LOSS_WEIGHT_RESCALE | 422
DIST-02118 | 1.514 | 1.519 | 0.0 | COMPRESSION_STABLE_ALIGNED | COMMIT_STUDENT_WEIGHT_ADJUSTMENT | 200
DIST-02119 | 4.978 | 5.203 | 0.0 | COMPRESSION_STABLE_ALIGNED | COMMIT_STUDENT_WEIGHT_ADJUSTMENT | 200
DIST-02120 | 7.574 | 4.914 | 1.9784 | ENTROPY_DRIFT_DIVERGENCE_HAZARD | TRIGGER_DYNAMIC_LOSS_WEIGHT_RESCALE | 422
DIST-02121 | 6.916 | 4.145 | 2.3234 | ENTROPY_DRIFT_DIVERGENCE_HAZARD | TRIGGER_DYNAMIC_LOSS_WEIGHT_RESCALE | 422
DIST-02122 | 3.497 | 0.116 | 3.1339 | ENTROPY_DRIFT_DIVERGENCE_HAZARD | TRIGGER_DYNAMIC_LOSS_WEIGHT_RESCALE | 422
DIST-02123 | 2.930 | 0.375 | 2.1585 | ENTROPY_DRIFT_DIVERGENCE_HAZARD | TRIGGER_DYNAMIC_LOSS_WEIGHT_RESCALE | 422
DIST-02124 | 2.465 | 0.884 | 1.2106 | COMPRESSION_STABLE_ALIGNED | COMMIT_STUDENT_WEIGHT_ADJUSTMENT | 200
DIST-02125 | 6.216 | 4.032 | 1.8111 | ENTROPY_DRIFT_DIVERGENCE_HAZARD | TRIGGER_DYNAMIC_LOSS_WEIGHT_RESCALE | 422
DIST-02126 | 4.647 | 2.584 | 1.8329 | ENTROPY_DRIFT_DIVERGENCE_HAZARD | TRIGGER_DYNAMIC_LOSS_WEIGHT_RESCALE | 422
DIST-02127 | 3.086 | 0.445 | 2.2487 | ENTROPY_DRIFT_DIVERGENCE_HAZARD | TRIGGER_DYNAMIC_LOSS_WEIGHT_RESCALE | 422
DIST-02128 | 4.937 | 1.959 | 2.8337 | ENTROPY_DRIFT_DIVERGENCE_HAZARD | TRIGGER_DYNAMIC_LOSS_WEIGHT_RESCALE | 422
DIST-02129 | 1.964 | -0.743 | 2.0708 | ENTROPY_DRIFT_DIVERGENCE_HAZARD | TRIGGER_DYNAMIC_LOSS_WEIGHT_RESCALE | 422
DIST-02130 | 7.511 | 4.411 | 2.4649 | ENTROPY_DRIFT_DIVERGENCE_HAZARD | TRIGGER_DYNAMIC_LOSS_WEIGHT_RESCALE | 422
DIST-02131 | 7.219 | 7.243 | 0.0 | COMPRESSION_STABLE_ALIGNED | COMMIT_STUDENT_WEIGHT_ADJUSTMENT | 200
DIST-02132 | 3.961 | 1.508 | 2.2029 | ENTROPY_DRIFT_DIVERGENCE_HAZARD | TRIGGER_DYNAMIC_LOSS_WEIGHT_RESCALE | 422
DIST-02133 | 2.782 | 3.272 | 0.0 | COMPRESSION_STABLE_ALIGNED | COMMIT_STUDENT_WEIGHT_ADJUSTMENT | 200
DIST-02134 | 7.245 | 4.731 | 1.94 | ENTROPY_DRIFT_DIVERGENCE_HAZARD | TRIGGER_DYNAMIC_LOSS_WEIGHT_RESCALE | 422
DIST-02135 | 7.438 | 5.617 | 1.2459 | COMPRESSION_STABLE_ALIGNED | COMMIT_STUDENT_WEIGHT_ADJUSTMENT | 200
DIST-02136 | 7.773 | 8.053 | 0.0 | COMPRESSION_STABLE_ALIGNED | COMMIT_STUDENT_WEIGHT_ADJUSTMENT | 200
DIST-02137 | 8.119 | 5.146 | 2.116 | ENTROPY_DRIFT_DIVERGENCE_HAZARD | TRIGGER_DYNAMIC_LOSS_WEIGHT_RESCALE | 422
DIST-02138 | 7.534 | 6.480 | 0.6811 | COMPRESSION_STABLE_ALIGNED | COMMIT_STUDENT_WEIGHT_ADJUSTMENT | 200
DIST-02139 | 4.128 | 2.517 | 1.3465 | ENTROPY_DRIFT_DIVERGENCE_HAZARD | TRIGGER_DYNAMIC_LOSS_WEIGHT_RESCALE | 422
DIST-02140 | 7.187 | 3.725 | 2.9347 | ENTROPY_DRIFT_DIVERGENCE_HAZARD | TRIGGER_DYNAMIC_LOSS_WEIGHT_RESCALE | 422
DIST-02141 | 5.358 | 3.110 | 1.9849 | ENTROPY_DRIFT_DIVERGENCE_HAZARD | TRIGGER_DYNAMIC_LOSS_WEIGHT_RESCALE | 422
DIST-02142 | 4.555 | 3.810 | 0.5926 | COMPRESSION_STABLE_ALIGNED | COMMIT_STUDENT_WEIGHT_ADJUSTMENT | 200
DIST-02143 | 6.279 | 3.807 | 2.1004 | ENTROPY_DRIFT_DIVERGENCE_HAZARD | TRIGGER_DYNAMIC_LOSS_WEIGHT_RESCALE | 422
DIST-02144 | 3.742 | 0.511 | 3.0104 | ENTROPY_DRIFT_DIVERGENCE_HAZARD | TRIGGER_DYNAMIC_LOSS_WEIGHT_RESCALE | 422
DIST-02145 | 1.601 | 1.008 | 0.3878 | COMPRESSION_STABLE_ALIGNED | COMMIT_STUDENT_WEIGHT_ADJUSTMENT | 200
DIST-02146 | 7.095 | 7.258 | 0.0 | COMPRESSION_STABLE_ALIGNED | COMMIT_STUDENT_WEIGHT_ADJUSTMENT | 200
DIST-02147 | 3.673 | 2.179 | 1.2137 | COMPRESSION_STABLE_ALIGNED | COMMIT_STUDENT_WEIGHT_ADJUSTMENT | 200
DIST-02148 | 2.578 | 0.419 | 1.7109 | ENTROPY_DRIFT_DIVERGENCE_HAZARD | TRIGGER_DYNAMIC_LOSS_WEIGHT_RESCALE | 422
DIST-02149 | 8.206 | 8.438 | 0.0 | COMPRESSION_STABLE_ALIGNED | COMMIT_STUDENT_WEIGHT_ADJUSTMENT | 200
DIST-02150 | 3.150 | 3.407 | 0.0 | COMPRESSION_STABLE_ALIGNED | COMMIT_STUDENT_WEIGHT_ADJUSTMENT | 200
DIST-02151 | 1.582 | 1.118 | 0.3005 | COMPRESSION_STABLE_ALIGNED | COMMIT_STUDENT_WEIGHT_ADJUSTMENT | 200
DIST-02152 | 8.268 | 7.393 | 0.4952 | COMPRESSION_STABLE_ALIGNED | COMMIT_STUDENT_WEIGHT_ADJUSTMENT | 200
DIST-02153 | 2.867 | 1.426 | 1.141 | COMPRESSION_STABLE_ALIGNED | COMMIT_STUDENT_WEIGHT_ADJUSTMENT | 200
DIST-02154 | 3.942 | 3.288 | 0.5215 | COMPRESSION_STABLE_ALIGNED | COMMIT_STUDENT_WEIGHT_ADJUSTMENT | 200
DIST-02155 | 2.223 | -0.807 | 2.3885 | ENTROPY_DRIFT_DIVERGENCE_HAZARD | TRIGGER_DYNAMIC_LOSS_WEIGHT_RESCALE | 422
DIST-02156 | 5.662 | 6.088 | 0.0 | COMPRESSION_STABLE_ALIGNED | COMMIT_STUDENT_WEIGHT_ADJUSTMENT | 200
DIST-02157 | 4.024 | 1.674 | 2.093 | ENTROPY_DRIFT_DIVERGENCE_HAZARD | TRIGGER_DYNAMIC_LOSS_WEIGHT_RESCALE | 422
DIST-02158 | 6.083 | 3.026 | 2.7764 | ENTROPY_DRIFT_DIVERGENCE_HAZARD | TRIGGER_DYNAMIC_LOSS_WEIGHT_RESCALE | 422
DIST-02159 | 1.545 | 1.780 | 0.0 | COMPRESSION_STABLE_ALIGNED | COMMIT_STUDENT_WEIGHT_ADJUSTMENT | 200
DIST-02160 | 5.641 | 3.019 | 2.3672 | ENTROPY_DRIFT_DIVERGENCE_HAZARD | TRIGGER_DYNAMIC_LOSS_WEIGHT_RESCALE | 422
DIST-02161 | 3.564 | 2.684 | 0.6786 | COMPRESSION_STABLE_ALIGNED | COMMIT_STUDENT_WEIGHT_ADJUSTMENT | 200
DIST-02162 | 3.529 | 3.691 | 0.0 | COMPRESSION_STABLE_ALIGNED | COMMIT_STUDENT_WEIGHT_ADJUSTMENT | 200
DIST-02163 | 2.063 | -0.902 | 2.3164 | ENTROPY_DRIFT_DIVERGENCE_HAZARD | TRIGGER_DYNAMIC_LOSS_WEIGHT_RESCALE | 422
DIST-02164 | 7.001 | 6.757 | 0.1706 | COMPRESSION_STABLE_ALIGNED | COMMIT_STUDENT_WEIGHT_ADJUSTMENT | 200
DIST-02165 | 4.536 | 2.321 | 2.0108 | ENTROPY_DRIFT_DIVERGENCE_HAZARD | TRIGGER_DYNAMIC_LOSS_WEIGHT_RESCALE | 422
DIST-02166 | 4.303 | 2.742 | 1.3065 | ENTROPY_DRIFT_DIVERGENCE_HAZARD | TRIGGER_DYNAMIC_LOSS_WEIGHT_RESCALE | 422
DIST-02167 | 5.106 | 2.225 | 2.6779 | ENTROPY_DRIFT_DIVERGENCE_HAZARD | TRIGGER_DYNAMIC_LOSS_WEIGHT_RESCALE | 422
DIST-02168 | 5.222 | 5.041 | 0.1074 | COMPRESSION_STABLE_ALIGNED | COMMIT_STUDENT_WEIGHT_ADJUSTMENT | 200
DIST-02169 | 7.415 | 4.023 | 2.7995 | ENTROPY_DRIFT_DIVERGENCE_HAZARD | TRIGGER_DYNAMIC_LOSS_WEIGHT_RESCALE | 422
DIST-02170 | 4.092 | 1.245 | 2.6427 | ENTROPY_DRIFT_DIVERGENCE_HAZARD | TRIGGER_DYNAMIC_LOSS_WEIGHT_RESCALE | 422
DIST-02171 | 2.584 | -0.585 | 2.6752 | ENTROPY_DRIFT_DIVERGENCE_HAZARD | TRIGGER_DYNAMIC_LOSS_WEIGHT_RESCALE | 422
DIST-02172 | 1.685 | -0.023 | 1.1987 | COMPRESSION_STABLE_ALIGNED | COMMIT_STUDENT_WEIGHT_ADJUSTMENT | 200
DIST-02173 | 3.639 | 0.885 | 2.473 | ENTROPY_DRIFT_DIVERGENCE_HAZARD | TRIGGER_DYNAMIC_LOSS_WEIGHT_RESCALE | 422
DIST-02174 | 8.247 | 5.780 | 1.6149 | ENTROPY_DRIFT_DIVERGENCE_HAZARD | TRIGGER_DYNAMIC_LOSS_WEIGHT_RESCALE | 422
DIST-02175 | 7.095 | 7.005 | 0.0358 | COMPRESSION_STABLE_ALIGNED | COMMIT_STUDENT_WEIGHT_ADJUSTMENT | 200
DIST-02176 | 8.093 | 5.021 | 2.263 | ENTROPY_DRIFT_DIVERGENCE_HAZARD | TRIGGER_DYNAMIC_LOSS_WEIGHT_RESCALE | 422
DIST-02177 | 2.374 | -0.046 | 1.8838 | ENTROPY_DRIFT_DIVERGENCE_HAZARD | TRIGGER_DYNAMIC_LOSS_WEIGHT_RESCALE | 422
DIST-02178 | 5.352 | 2.308 | 2.8699 | ENTROPY_DRIFT_DIVERGENCE_HAZARD | TRIGGER_DYNAMIC_LOSS_WEIGHT_RESCALE | 422
DIST-02179 | 2.998 | 1.342 | 1.382 | ENTROPY_DRIFT_DIVERGENCE_HAZARD | TRIGGER_DYNAMIC_LOSS_WEIGHT_RESCALE | 422
DIST-02180 | 7.843 | 6.261 | 0.9909 | COMPRESSION_STABLE_ALIGNED | COMMIT_STUDENT_WEIGHT_ADJUSTMENT | 200
DIST-02181 | 4.732 | 1.868 | 2.6802 | ENTROPY_DRIFT_DIVERGENCE_HAZARD | TRIGGER_DYNAMIC_LOSS_WEIGHT_RESCALE | 422
DIST-02182 | 7.124 | 6.513 | 0.3739 | COMPRESSION_STABLE_ALIGNED | COMMIT_STUDENT_WEIGHT_ADJUSTMENT | 200
DIST-02183 | 6.911 | 6.084 | 0.5427 | COMPRESSION_STABLE_ALIGNED | COMMIT_STUDENT_WEIGHT_ADJUSTMENT | 200
DIST-02184 | 4.581 | 1.492 | 2.964 | ENTROPY_DRIFT_DIVERGENCE_HAZARD | TRIGGER_DYNAMIC_LOSS_WEIGHT_RESCALE | 422
DIST-02185 | 5.652 | 2.395 | 3.0422 | ENTROPY_DRIFT_DIVERGENCE_HAZARD | TRIGGER_DYNAMIC_LOSS_WEIGHT_RESCALE | 422
DIST-02186 | 3.950 | 3.281 | 0.5593 | COMPRESSION_STABLE_ALIGNED | COMMIT_STUDENT_WEIGHT_ADJUSTMENT | 200
DIST-02187 | 2.006 | -1.453 | 2.6868 | ENTROPY_DRIFT_DIVERGENCE_HAZARD | TRIGGER_DYNAMIC_LOSS_WEIGHT_RESCALE | 422
DIST-02188 | 5.938 | 3.943 | 1.6557 | ENTROPY_DRIFT_DIVERGENCE_HAZARD | TRIGGER_DYNAMIC_LOSS_WEIGHT_RESCALE | 422
DIST-02189 | 2.494 | 2.519 | 0.0 | COMPRESSION_STABLE_ALIGNED | COMMIT_STUDENT_WEIGHT_ADJUSTMENT | 200
DIST-02190 | 3.460 | 3.398 | 0.0581 | COMPRESSION_STABLE_ALIGNED | COMMIT_STUDENT_WEIGHT_ADJUSTMENT | 200
DIST-02191 | 6.277 | 3.470 | 2.4284 | ENTROPY_DRIFT_DIVERGENCE_HAZARD | TRIGGER_DYNAMIC_LOSS_WEIGHT_RESCALE | 422
DIST-02192 | 6.680 | 6.857 | 0.0 | COMPRESSION_STABLE_ALIGNED | COMMIT_STUDENT_WEIGHT_ADJUSTMENT | 200
DIST-02193 | 1.925 | -1.283 | 2.5091 | ENTROPY_DRIFT_DIVERGENCE_HAZARD | TRIGGER_DYNAMIC_LOSS_WEIGHT_RESCALE | 422
DIST-02194 | 7.184 | 3.744 | 2.9121 | ENTROPY_DRIFT_DIVERGENCE_HAZARD | TRIGGER_DYNAMIC_LOSS_WEIGHT_RESCALE | 422
DIST-02195 | 5.686 | 3.273 | 2.1284 | ENTROPY_DRIFT_DIVERGENCE_HAZARD | TRIGGER_DYNAMIC_LOSS_WEIGHT_RESCALE | 422
DIST-02196 | 7.572 | 7.936 | 0.0 | COMPRESSION_STABLE_ALIGNED | COMMIT_STUDENT_WEIGHT_ADJUSTMENT | 200
DIST-02197 | 3.686 | 0.595 | 2.8527 | ENTROPY_DRIFT_DIVERGENCE_HAZARD | TRIGGER_DYNAMIC_LOSS_WEIGHT_RESCALE | 422
DIST-02198 | 2.233 | 2.376 | 0.0 | COMPRESSION_STABLE_ALIGNED | COMMIT_STUDENT_WEIGHT_ADJUSTMENT | 200
DIST-02199 | 6.412 | 6.548 | 0.0 | COMPRESSION_STABLE_ALIGNED | COMMIT_STUDENT_WEIGHT_ADJUSTMENT | 200
DIST-02200 | 2.113 | -0.785 | 2.2737 | ENTROPY_DRIFT_DIVERGENCE_HAZARD | TRIGGER_DYNAMIC_LOSS_WEIGHT_RESCALE | 422
DIST-02201 | 7.506 | 4.945 | 1.9414 | ENTROPY_DRIFT_DIVERGENCE_HAZARD | TRIGGER_DYNAMIC_LOSS_WEIGHT_RESCALE | 422
DIST-02202 | 5.516 | 5.055 | 0.3358 | COMPRESSION_STABLE_ALIGNED | COMMIT_STUDENT_WEIGHT_ADJUSTMENT | 200
DIST-02203 | 5.699 | 2.615 | 2.89 | ENTROPY_DRIFT_DIVERGENCE_HAZARD | TRIGGER_DYNAMIC_LOSS_WEIGHT_RESCALE | 422
DIST-02204 | 7.224 | 5.350 | 1.3131 | ENTROPY_DRIFT_DIVERGENCE_HAZARD | TRIGGER_DYNAMIC_LOSS_WEIGHT_RESCALE | 422
DIST-02205 | 4.418 | 1.830 | 2.3527 | ENTROPY_DRIFT_DIVERGENCE_HAZARD | TRIGGER_DYNAMIC_LOSS_WEIGHT_RESCALE | 422
DIST-02206 | 5.262 | 3.239 | 1.7652 | ENTROPY_DRIFT_DIVERGENCE_HAZARD | TRIGGER_DYNAMIC_LOSS_WEIGHT_RESCALE | 422
DIST-02207 | 2.620 | -0.631 | 2.7741 | ENTROPY_DRIFT_DIVERGENCE_HAZARD | TRIGGER_DYNAMIC_LOSS_WEIGHT_RESCALE | 422
DIST-02208 | 4.664 | 2.571 | 1.8599 | ENTROPY_DRIFT_DIVERGENCE_HAZARD | TRIGGER_DYNAMIC_LOSS_WEIGHT_RESCALE | 422
DIST-02209 | 1.760 | 1.877 | 0.0 | COMPRESSION_STABLE_ALIGNED | COMMIT_STUDENT_WEIGHT_ADJUSTMENT | 200
DIST-02210 | 2.395 | 1.461 | 0.6891 | COMPRESSION_STABLE_ALIGNED | COMMIT_STUDENT_WEIGHT_ADJUSTMENT | 200
DIST-02211 | 3.882 | 0.719 | 2.9293 | ENTROPY_DRIFT_DIVERGENCE_HAZARD | TRIGGER_DYNAMIC_LOSS_WEIGHT_RESCALE | 422
DIST-02212 | 8.276 | 7.698 | 0.3051 | COMPRESSION_STABLE_ALIGNED | COMMIT_STUDENT_WEIGHT_ADJUSTMENT | 200
DIST-02213 | 6.036 | 4.805 | 0.9587 | COMPRESSION_STABLE_ALIGNED | COMMIT_STUDENT_WEIGHT_ADJUSTMENT | 200
DIST-02214 | 3.702 | 1.252 | 2.1662 | ENTROPY_DRIFT_DIVERGENCE_HAZARD | TRIGGER_DYNAMIC_LOSS_WEIGHT_RESCALE | 422
DIST-02215 | 1.502 | 0.715 | 0.5083 | COMPRESSION_STABLE_ALIGNED | COMMIT_STUDENT_WEIGHT_ADJUSTMENT | 200
DIST-02216 | 4.645 | 3.375 | 1.0578 | COMPRESSION_STABLE_ALIGNED | COMMIT_STUDENT_WEIGHT_ADJUSTMENT | 200
DIST-02217 | 3.522 | 2.060 | 1.1997 | COMPRESSION_STABLE_ALIGNED | COMMIT_STUDENT_WEIGHT_ADJUSTMENT | 200
DIST-02218 | 2.339 | 0.724 | 1.2263 | COMPRESSION_STABLE_ALIGNED | COMMIT_STUDENT_WEIGHT_ADJUSTMENT | 200
DIST-02219 | 5.671 | 5.873 | 0.0 | COMPRESSION_STABLE_ALIGNED | COMMIT_STUDENT_WEIGHT_ADJUSTMENT | 200
DIST-02220 | 4.385 | 3.308 | 0.8762 | COMPRESSION_STABLE_ALIGNED | COMMIT_STUDENT_WEIGHT_ADJUSTMENT | 200
DIST-02221 | 3.484 | 3.297 | 0.1338 | COMPRESSION_STABLE_ALIGNED | COMMIT_STUDENT_WEIGHT_ADJUSTMENT | 200
DIST-02222 | 8.209 | 5.551 | 1.7778 | ENTROPY_DRIFT_DIVERGENCE_HAZARD | TRIGGER_DYNAMIC_LOSS_WEIGHT_RESCALE | 422
DIST-02223 | 3.405 | 0.367 | 2.7507 | ENTROPY_DRIFT_DIVERGENCE_HAZARD | TRIGGER_DYNAMIC_LOSS_WEIGHT_RESCALE | 422
DIST-02224 | 2.799 | 1.485 | 1.0231 | COMPRESSION_STABLE_ALIGNED | COMMIT_STUDENT_WEIGHT_ADJUSTMENT | 200
DIST-02225 | 3.527 | 1.466 | 1.7577 | ENTROPY_DRIFT_DIVERGENCE_HAZARD | TRIGGER_DYNAMIC_LOSS_WEIGHT_RESCALE | 422
DIST-02226 | 1.635 | 1.368 | 0.2007 | COMPRESSION_STABLE_ALIGNED | COMMIT_STUDENT_WEIGHT_ADJUSTMENT | 200
DIST-02227 | 5.378 | 3.286 | 1.8466 | ENTROPY_DRIFT_DIVERGENCE_HAZARD | TRIGGER_DYNAMIC_LOSS_WEIGHT_RESCALE | 422
DIST-02228 | 2.974 | 0.819 | 1.7782 | ENTROPY_DRIFT_DIVERGENCE_HAZARD | TRIGGER_DYNAMIC_LOSS_WEIGHT_RESCALE | 422
DIST-02229 | 6.217 | 3.168 | 2.7101 | ENTROPY_DRIFT_DIVERGENCE_HAZARD | TRIGGER_DYNAMIC_LOSS_WEIGHT_RESCALE | 422
DIST-02230 | 4.856 | 1.627 | 3.1243 | ENTROPY_DRIFT_DIVERGENCE_HAZARD | TRIGGER_DYNAMIC_LOSS_WEIGHT_RESCALE | 422
DIST-02231 | 7.332 | 4.671 | 2.0369 | ENTROPY_DRIFT_DIVERGENCE_HAZARD | TRIGGER_DYNAMIC_LOSS_WEIGHT_RESCALE | 422
DIST-02232 | 2.361 | 1.348 | 0.7638 | COMPRESSION_STABLE_ALIGNED | COMMIT_STUDENT_WEIGHT_ADJUSTMENT | 200
DIST-02233 | 2.393 | -0.561 | 2.3578 | ENTROPY_DRIFT_DIVERGENCE_HAZARD | TRIGGER_DYNAMIC_LOSS_WEIGHT_RESCALE | 422
DIST-02234 | 4.531 | 1.305 | 3.1102 | ENTROPY_DRIFT_DIVERGENCE_HAZARD | TRIGGER_DYNAMIC_LOSS_WEIGHT_RESCALE | 422
DIST-02235 | 3.441 | 0.927 | 2.1819 | ENTROPY_DRIFT_DIVERGENCE_HAZARD | TRIGGER_DYNAMIC_LOSS_WEIGHT_RESCALE | 422
DIST-02236 | 5.923 | 3.029 | 2.6372 | ENTROPY_DRIFT_DIVERGENCE_HAZARD | TRIGGER_DYNAMIC_LOSS_WEIGHT_RESCALE | 422
DIST-02237 | 3.191 | 2.109 | 0.8583 | COMPRESSION_STABLE_ALIGNED | COMMIT_STUDENT_WEIGHT_ADJUSTMENT | 200
DIST-02238 | 4.206 | 2.137 | 1.804 | ENTROPY_DRIFT_DIVERGENCE_HAZARD | TRIGGER_DYNAMIC_LOSS_WEIGHT_RESCALE | 422
DIST-02239 | 5.352 | 5.331 | 0.0069 | COMPRESSION_STABLE_ALIGNED | COMMIT_STUDENT_WEIGHT_ADJUSTMENT | 200
DIST-02240 | 7.902 | 4.961 | 2.1702 | ENTROPY_DRIFT_DIVERGENCE_HAZARD | TRIGGER_DYNAMIC_LOSS_WEIGHT_RESCALE | 422
DIST-02241 | 6.749 | 3.931 | 2.3698 | ENTROPY_DRIFT_DIVERGENCE_HAZARD | TRIGGER_DYNAMIC_LOSS_WEIGHT_RESCALE | 422
DIST-02242 | 7.536 | 6.155 | 0.8989 | COMPRESSION_STABLE_ALIGNED | COMMIT_STUDENT_WEIGHT_ADJUSTMENT | 200
DIST-02243 | 3.054 | -0.039 | 2.7518 | ENTROPY_DRIFT_DIVERGENCE_HAZARD | TRIGGER_DYNAMIC_LOSS_WEIGHT_RESCALE | 422
DIST-02244 | 2.200 | 0.433 | 1.2997 | ENTROPY_DRIFT_DIVERGENCE_HAZARD | TRIGGER_DYNAMIC_LOSS_WEIGHT_RESCALE | 422
DIST-02245 | 4.576 | 4.209 | 0.314 | COMPRESSION_STABLE_ALIGNED | COMMIT_STUDENT_WEIGHT_ADJUSTMENT | 200
DIST-02246 | 3.698 | 2.191 | 1.2612 | ENTROPY_DRIFT_DIVERGENCE_HAZARD | TRIGGER_DYNAMIC_LOSS_WEIGHT_RESCALE | 422
DIST-02247 | 2.981 | 1.822 | 0.8927 | COMPRESSION_STABLE_ALIGNED | COMMIT_STUDENT_WEIGHT_ADJUSTMENT | 200
DIST-02248 | 4.398 | 1.724 | 2.438 | ENTROPY_DRIFT_DIVERGENCE_HAZARD | TRIGGER_DYNAMIC_LOSS_WEIGHT_RESCALE | 422
DIST-02249 | 7.142 | 6.533 | 0.3748 | COMPRESSION_STABLE_ALIGNED | COMMIT_STUDENT_WEIGHT_ADJUSTMENT | 200
DIST-02250 | 5.897 | 5.182 | 0.5436 | COMPRESSION_STABLE_ALIGNED | COMMIT_STUDENT_WEIGHT_ADJUSTMENT | 200
DIST-02251 | 3.470 | 0.209 | 2.9813 | ENTROPY_DRIFT_DIVERGENCE_HAZARD | TRIGGER_DYNAMIC_LOSS_WEIGHT_RESCALE | 422
DIST-02252 | 1.740 | -1.280 | 2.2764 | ENTROPY_DRIFT_DIVERGENCE_HAZARD | TRIGGER_DYNAMIC_LOSS_WEIGHT_RESCALE | 422
DIST-02253 | 1.526 | -1.968 | 2.5198 | ENTROPY_DRIFT_DIVERGENCE_HAZARD | TRIGGER_DYNAMIC_LOSS_WEIGHT_RESCALE | 422
DIST-02254 | 5.492 | 5.210 | 0.2043 | COMPRESSION_STABLE_ALIGNED | COMMIT_STUDENT_WEIGHT_ADJUSTMENT | 200
DIST-02255 | 3.500 | 2.168 | 1.0662 | COMPRESSION_STABLE_ALIGNED | COMMIT_STUDENT_WEIGHT_ADJUSTMENT | 200
DIST-02256 | 6.330 | 5.839 | 0.3431 | COMPRESSION_STABLE_ALIGNED | COMMIT_STUDENT_WEIGHT_ADJUSTMENT | 200
DIST-02257 | 5.441 | 2.915 | 2.2912 | ENTROPY_DRIFT_DIVERGENCE_HAZARD | TRIGGER_DYNAMIC_LOSS_WEIGHT_RESCALE | 422
DIST-02258 | 3.530 | 0.875 | 2.3533 | ENTROPY_DRIFT_DIVERGENCE_HAZARD | TRIGGER_DYNAMIC_LOSS_WEIGHT_RESCALE | 422
DIST-02259 | 4.037 | 4.191 | 0.0 | COMPRESSION_STABLE_ALIGNED | COMMIT_STUDENT_WEIGHT_ADJUSTMENT | 200
DIST-02260 | 3.707 | 3.323 | 0.2993 | COMPRESSION_STABLE_ALIGNED | COMMIT_STUDENT_WEIGHT_ADJUSTMENT | 200
DIST-02261 | 4.127 | 1.716 | 2.1798 | ENTROPY_DRIFT_DIVERGENCE_HAZARD | TRIGGER_DYNAMIC_LOSS_WEIGHT_RESCALE | 422
DIST-02262 | 2.908 | -0.330 | 2.8253 | ENTROPY_DRIFT_DIVERGENCE_HAZARD | TRIGGER_DYNAMIC_LOSS_WEIGHT_RESCALE | 422
DIST-02263 | 4.029 | 1.359 | 2.4616 | ENTROPY_DRIFT_DIVERGENCE_HAZARD | TRIGGER_DYNAMIC_LOSS_WEIGHT_RESCALE | 422
DIST-02264 | 2.451 | 0.168 | 1.7914 | ENTROPY_DRIFT_DIVERGENCE_HAZARD | TRIGGER_DYNAMIC_LOSS_WEIGHT_RESCALE | 422
DIST-02265 | 6.527 | 3.670 | 2.476 | ENTROPY_DRIFT_DIVERGENCE_HAZARD | TRIGGER_DYNAMIC_LOSS_WEIGHT_RESCALE | 422
DIST-02266 | 3.403 | 0.725 | 2.3888 | ENTROPY_DRIFT_DIVERGENCE_HAZARD | TRIGGER_DYNAMIC_LOSS_WEIGHT_RESCALE | 422
DIST-02267 | 5.574 | 4.458 | 0.8403 | COMPRESSION_STABLE_ALIGNED | COMMIT_STUDENT_WEIGHT_ADJUSTMENT | 200
DIST-02268 | 4.519 | 2.501 | 1.7838 | ENTROPY_DRIFT_DIVERGENCE_HAZARD | TRIGGER_DYNAMIC_LOSS_WEIGHT_RESCALE | 422
DIST-02269 | 3.115 | 0.777 | 1.9742 | ENTROPY_DRIFT_DIVERGENCE_HAZARD | TRIGGER_DYNAMIC_LOSS_WEIGHT_RESCALE | 422
DIST-02270 | 1.722 | 1.935 | 0.0 | COMPRESSION_STABLE_ALIGNED | COMMIT_STUDENT_WEIGHT_ADJUSTMENT | 200
DIST-02271 | 1.603 | 1.072 | 0.3575 | COMPRESSION_STABLE_ALIGNED | COMMIT_STUDENT_WEIGHT_ADJUSTMENT | 200
DIST-02272 | 3.425 | 0.623 | 2.4857 | ENTROPY_DRIFT_DIVERGENCE_HAZARD | TRIGGER_DYNAMIC_LOSS_WEIGHT_RESCALE | 422
DIST-02273 | 4.751 | 1.811 | 2.7559 | ENTROPY_DRIFT_DIVERGENCE_HAZARD | TRIGGER_DYNAMIC_LOSS_WEIGHT_RESCALE | 422
DIST-02274 | 5.008 | 5.458 | 0.0 | COMPRESSION_STABLE_ALIGNED | COMMIT_STUDENT_WEIGHT_ADJUSTMENT | 200
DIST-02275 | 3.503 | 0.228 | 2.984 | ENTROPY_DRIFT_DIVERGENCE_HAZARD | TRIGGER_DYNAMIC_LOSS_WEIGHT_RESCALE | 422
DIST-02276 | 3.261 | 2.057 | 0.9443 | COMPRESSION_STABLE_ALIGNED | COMMIT_STUDENT_WEIGHT_ADJUSTMENT | 200
DIST-02277 | 2.871 | 0.418 | 2.0635 | ENTROPY_DRIFT_DIVERGENCE_HAZARD | TRIGGER_DYNAMIC_LOSS_WEIGHT_RESCALE | 422
DIST-02278 | 7.985 | 8.341 | 0.0 | COMPRESSION_STABLE_ALIGNED | COMMIT_STUDENT_WEIGHT_ADJUSTMENT | 200
DIST-02279 | 6.552 | 4.510 | 1.6285 | ENTROPY_DRIFT_DIVERGENCE_HAZARD | TRIGGER_DYNAMIC_LOSS_WEIGHT_RESCALE | 422
DIST-02280 | 1.620 | 0.748 | 0.5946 | COMPRESSION_STABLE_ALIGNED | COMMIT_STUDENT_WEIGHT_ADJUSTMENT | 200
DIST-02281 | 1.753 | 1.091 | 0.4133 | COMPRESSION_STABLE_ALIGNED | COMMIT_STUDENT_WEIGHT_ADJUSTMENT | 200
DIST-02282 | 3.974 | 3.283 | 0.5342 | COMPRESSION_STABLE_ALIGNED | COMMIT_STUDENT_WEIGHT_ADJUSTMENT | 200
DIST-02283 | 6.353 | 3.998 | 1.9856 | ENTROPY_DRIFT_DIVERGENCE_HAZARD | TRIGGER_DYNAMIC_LOSS_WEIGHT_RESCALE | 422
DIST-02284 | 7.033 | 4.960 | 1.5354 | ENTROPY_DRIFT_DIVERGENCE_HAZARD | TRIGGER_DYNAMIC_LOSS_WEIGHT_RESCALE | 422
DIST-02285 | 3.361 | 0.258 | 2.785 | ENTROPY_DRIFT_DIVERGENCE_HAZARD | TRIGGER_DYNAMIC_LOSS_WEIGHT_RESCALE | 422
DIST-02286 | 2.665 | 0.603 | 1.667 | ENTROPY_DRIFT_DIVERGENCE_HAZARD | TRIGGER_DYNAMIC_LOSS_WEIGHT_RESCALE | 422
DIST-02287 | 7.109 | 4.027 | 2.5737 | ENTROPY_DRIFT_DIVERGENCE_HAZARD | TRIGGER_DYNAMIC_LOSS_WEIGHT_RESCALE | 422
DIST-02288 | 7.523 | 5.308 | 1.5727 | ENTROPY_DRIFT_DIVERGENCE_HAZARD | TRIGGER_DYNAMIC_LOSS_WEIGHT_RESCALE | 422
DIST-02289 | 2.093 | 1.391 | 0.4841 | COMPRESSION_STABLE_ALIGNED | COMMIT_STUDENT_WEIGHT_ADJUSTMENT | 200
DIST-02290 | 6.284 | 6.471 | 0.0 | COMPRESSION_STABLE_ALIGNED | COMMIT_STUDENT_WEIGHT_ADJUSTMENT | 200
DIST-02291 | 5.614 | 5.418 | 0.1741 | COMPRESSION_STABLE_ALIGNED | COMMIT_STUDENT_WEIGHT_ADJUSTMENT | 200
DIST-02292 | 5.983 | 3.115 | 2.602 | ENTROPY_DRIFT_DIVERGENCE_HAZARD | TRIGGER_DYNAMIC_LOSS_WEIGHT_RESCALE | 422
DIST-02293 | 5.564 | 3.885 | 1.3938 | ENTROPY_DRIFT_DIVERGENCE_HAZARD | TRIGGER_DYNAMIC_LOSS_WEIGHT_RESCALE | 422
DIST-02294 | 6.213 | 6.650 | 0.0 | COMPRESSION_STABLE_ALIGNED | COMMIT_STUDENT_WEIGHT_ADJUSTMENT | 200
DIST-02295 | 4.930 | 4.889 | 0.0136 | COMPRESSION_STABLE_ALIGNED | COMMIT_STUDENT_WEIGHT_ADJUSTMENT | 200
DIST-02296 | 3.651 | 1.627 | 1.7559 | ENTROPY_DRIFT_DIVERGENCE_HAZARD | TRIGGER_DYNAMIC_LOSS_WEIGHT_RESCALE | 422
DIST-02297 | 2.695 | 1.055 | 1.3022 | ENTROPY_DRIFT_DIVERGENCE_HAZARD | TRIGGER_DYNAMIC_LOSS_WEIGHT_RESCALE | 422
DIST-02298 | 1.806 | -0.179 | 1.4623 | ENTROPY_DRIFT_DIVERGENCE_HAZARD | TRIGGER_DYNAMIC_LOSS_WEIGHT_RESCALE | 422
DIST-02299 | 8.137 | 6.343 | 1.1087 | COMPRESSION_STABLE_ALIGNED | COMMIT_STUDENT_WEIGHT_ADJUSTMENT | 200
DIST-02300 | 3.266 | 1.190 | 1.7269 | ENTROPY_DRIFT_DIVERGENCE_HAZARD | TRIGGER_DYNAMIC_LOSS_WEIGHT_RESCALE | 422
DIST-02301 | 2.300 | 0.139 | 1.6985 | ENTROPY_DRIFT_DIVERGENCE_HAZARD | TRIGGER_DYNAMIC_LOSS_WEIGHT_RESCALE | 422
DIST-02302 | 7.130 | 6.190 | 0.5891 | COMPRESSION_STABLE_ALIGNED | COMMIT_STUDENT_WEIGHT_ADJUSTMENT | 200
DIST-02303 | 6.054 | 5.925 | 0.0798 | COMPRESSION_STABLE_ALIGNED | COMMIT_STUDENT_WEIGHT_ADJUSTMENT | 200
DIST-02304 | 7.869 | 5.295 | 1.8202 | ENTROPY_DRIFT_DIVERGENCE_HAZARD | TRIGGER_DYNAMIC_LOSS_WEIGHT_RESCALE | 422
DIST-02305 | 7.919 | 8.413 | 0.0 | COMPRESSION_STABLE_ALIGNED | COMMIT_STUDENT_WEIGHT_ADJUSTMENT | 200
DIST-02306 | 6.191 | 6.077 | 0.1383 | COMPRESSION_STABLE_ALIGNED | COMMIT_STUDENT_WEIGHT_ADJUSTMENT | 200
DIST-02307 | 2.761 | 1.977 | 0.6045 | COMPRESSION_STABLE_ALIGNED | COMMIT_STUDENT_WEIGHT_ADJUSTMENT | 200
DIST-02308 | 6.974 | 6.153 | 0.5335 | COMPRESSION_STABLE_ALIGNED | COMMIT_STUDENT_WEIGHT_ADJUSTMENT | 200
DIST-02309 | 7.423 | 5.308 | 1.5219 | ENTROPY_DRIFT_DIVERGENCE_HAZARD | TRIGGER_DYNAMIC_LOSS_WEIGHT_RESCALE | 422
DIST-02310 | 8.237 | 5.383 | 1.9791 | ENTROPY_DRIFT_DIVERGENCE_HAZARD | TRIGGER_DYNAMIC_LOSS_WEIGHT_RESCALE | 422
DIST-02311 | 7.779 | 6.297 | 0.9201 | COMPRESSION_STABLE_ALIGNED | COMMIT_STUDENT_WEIGHT_ADJUSTMENT | 200
DIST-02312 | 1.927 | -0.047 | 1.4855 | ENTROPY_DRIFT_DIVERGENCE_HAZARD | TRIGGER_DYNAMIC_LOSS_WEIGHT_RESCALE | 422
DIST-02313 | 8.470 | 6.753 | 0.9803 | COMPRESSION_STABLE_ALIGNED | COMMIT_STUDENT_WEIGHT_ADJUSTMENT | 200
DIST-02314 | 5.630 | 3.971 | 1.3765 | ENTROPY_DRIFT_DIVERGENCE_HAZARD | TRIGGER_DYNAMIC_LOSS_WEIGHT_RESCALE | 422
DIST-02315 | 3.894 | 1.659 | 1.9876 | ENTROPY_DRIFT_DIVERGENCE_HAZARD | TRIGGER_DYNAMIC_LOSS_WEIGHT_RESCALE | 422
DIST-02316 | 3.233 | 1.243 | 1.6798 | ENTROPY_DRIFT_DIVERGENCE_HAZARD | TRIGGER_DYNAMIC_LOSS_WEIGHT_RESCALE | 422
DIST-02317 | 6.003 | 5.801 | 0.1556 | COMPRESSION_STABLE_ALIGNED | COMMIT_STUDENT_WEIGHT_ADJUSTMENT | 200
DIST-02318 | 2.712 | -0.593 | 2.8126 | ENTROPY_DRIFT_DIVERGENCE_HAZARD | TRIGGER_DYNAMIC_LOSS_WEIGHT_RESCALE | 422
DIST-02319 | 2.089 | 1.938 | 0.0922 | COMPRESSION_STABLE_ALIGNED | COMMIT_STUDENT_WEIGHT_ADJUSTMENT | 200
DIST-02320 | 2.354 | 0.910 | 1.0677 | COMPRESSION_STABLE_ALIGNED | COMMIT_STUDENT_WEIGHT_ADJUSTMENT | 200
DIST-02321 | 3.865 | 3.182 | 0.5489 | COMPRESSION_STABLE_ALIGNED | COMMIT_STUDENT_WEIGHT_ADJUSTMENT | 200
DIST-02322 | 4.991 | 4.667 | 0.2598 | COMPRESSION_STABLE_ALIGNED | COMMIT_STUDENT_WEIGHT_ADJUSTMENT | 200
DIST-02323 | 4.927 | 5.301 | 0.0 | COMPRESSION_STABLE_ALIGNED | COMMIT_STUDENT_WEIGHT_ADJUSTMENT | 200
DIST-02324 | 4.776 | 4.131 | 0.5385 | COMPRESSION_STABLE_ALIGNED | COMMIT_STUDENT_WEIGHT_ADJUSTMENT | 200
DIST-02325 | 2.761 | 1.077 | 1.3394 | ENTROPY_DRIFT_DIVERGENCE_HAZARD | TRIGGER_DYNAMIC_LOSS_WEIGHT_RESCALE | 422
DIST-02326 | 2.684 | 0.419 | 1.8548 | ENTROPY_DRIFT_DIVERGENCE_HAZARD | TRIGGER_DYNAMIC_LOSS_WEIGHT_RESCALE | 422
DIST-02327 | 5.688 | 3.582 | 1.7801 | ENTROPY_DRIFT_DIVERGENCE_HAZARD | TRIGGER_DYNAMIC_LOSS_WEIGHT_RESCALE | 422
DIST-02328 | 6.846 | 3.715 | 2.681 | ENTROPY_DRIFT_DIVERGENCE_HAZARD | TRIGGER_DYNAMIC_LOSS_WEIGHT_RESCALE | 422
DIST-02329 | 7.538 | 7.805 | 0.0 | COMPRESSION_STABLE_ALIGNED | COMMIT_STUDENT_WEIGHT_ADJUSTMENT | 200
DIST-02330 | 7.468 | 6.057 | 0.9367 | COMPRESSION_STABLE_ALIGNED | COMMIT_STUDENT_WEIGHT_ADJUSTMENT | 200
DIST-02331 | 3.376 | 3.585 | 0.0 | COMPRESSION_STABLE_ALIGNED | COMMIT_STUDENT_WEIGHT_ADJUSTMENT | 200
DIST-02332 | 4.268 | 1.928 | 2.1016 | ENTROPY_DRIFT_DIVERGENCE_HAZARD | TRIGGER_DYNAMIC_LOSS_WEIGHT_RESCALE | 422
DIST-02333 | 3.551 | 0.092 | 3.1854 | ENTROPY_DRIFT_DIVERGENCE_HAZARD | TRIGGER_DYNAMIC_LOSS_WEIGHT_RESCALE | 422
DIST-02334 | 8.258 | 7.530 | 0.3708 | COMPRESSION_STABLE_ALIGNED | COMMIT_STUDENT_WEIGHT_ADJUSTMENT | 200
DIST-02335 | 6.123 | 3.055 | 2.8054 | ENTROPY_DRIFT_DIVERGENCE_HAZARD | TRIGGER_DYNAMIC_LOSS_WEIGHT_RESCALE | 422
DIST-02336 | 3.566 | 3.061 | 0.4029 | COMPRESSION_STABLE_ALIGNED | COMMIT_STUDENT_WEIGHT_ADJUSTMENT | 200
DIST-02337 | 6.965 | 5.095 | 1.3924 | ENTROPY_DRIFT_DIVERGENCE_HAZARD | TRIGGER_DYNAMIC_LOSS_WEIGHT_RESCALE | 422
DIST-02338 | 7.781 | 4.383 | 2.6777 | ENTROPY_DRIFT_DIVERGENCE_HAZARD | TRIGGER_DYNAMIC_LOSS_WEIGHT_RESCALE | 422
DIST-02339 | 6.998 | 5.705 | 0.8905 | COMPRESSION_STABLE_ALIGNED | COMMIT_STUDENT_WEIGHT_ADJUSTMENT | 200
DIST-02340 | 6.104 | 6.103 | 0.0 | COMPRESSION_STABLE_ALIGNED | COMMIT_STUDENT_WEIGHT_ADJUSTMENT | 200
DIST-02341 | 3.137 | 3.586 | 0.0 | COMPRESSION_STABLE_ALIGNED | COMMIT_STUDENT_WEIGHT_ADJUSTMENT | 200
DIST-02342 | 4.784 | 4.484 | 0.2359 | COMPRESSION_STABLE_ALIGNED | COMMIT_STUDENT_WEIGHT_ADJUSTMENT | 200
DIST-02343 | 3.654 | 1.775 | 1.6157 | ENTROPY_DRIFT_DIVERGENCE_HAZARD | TRIGGER_DYNAMIC_LOSS_WEIGHT_RESCALE | 422
DIST-02344 | 7.703 | 4.731 | 2.2436 | ENTROPY_DRIFT_DIVERGENCE_HAZARD | TRIGGER_DYNAMIC_LOSS_WEIGHT_RESCALE | 422
DIST-02345 | 6.843 | 4.168 | 2.1486 | ENTROPY_DRIFT_DIVERGENCE_HAZARD | TRIGGER_DYNAMIC_LOSS_WEIGHT_RESCALE | 422
DIST-02346 | 4.657 | 2.292 | 2.1583 | ENTROPY_DRIFT_DIVERGENCE_HAZARD | TRIGGER_DYNAMIC_LOSS_WEIGHT_RESCALE | 422
DIST-02347 | 3.400 | 1.631 | 1.4727 | ENTROPY_DRIFT_DIVERGENCE_HAZARD | TRIGGER_DYNAMIC_LOSS_WEIGHT_RESCALE | 422
DIST-02348 | 4.053 | 1.576 | 2.2179 | ENTROPY_DRIFT_DIVERGENCE_HAZARD | TRIGGER_DYNAMIC_LOSS_WEIGHT_RESCALE | 422
DIST-02349 | 6.206 | 4.212 | 1.6365 | ENTROPY_DRIFT_DIVERGENCE_HAZARD | TRIGGER_DYNAMIC_LOSS_WEIGHT_RESCALE | 422
DIST-02350 | 6.755 | 5.606 | 0.7961 | COMPRESSION_STABLE_ALIGNED | COMMIT_STUDENT_WEIGHT_ADJUSTMENT | 200
DIST-02351 | 8.184 | 7.509 | 0.3741 | COMPRESSION_STABLE_ALIGNED | COMMIT_STUDENT_WEIGHT_ADJUSTMENT | 200
DIST-02352 | 7.306 | 7.326 | 0.001 | COMPRESSION_STABLE_ALIGNED | COMMIT_STUDENT_WEIGHT_ADJUSTMENT | 200
DIST-02353 | 3.462 | 2.247 | 0.9989 | COMPRESSION_STABLE_ALIGNED | COMMIT_STUDENT_WEIGHT_ADJUSTMENT | 200
DIST-02354 | 4.774 | 2.954 | 1.5477 | ENTROPY_DRIFT_DIVERGENCE_HAZARD | TRIGGER_DYNAMIC_LOSS_WEIGHT_RESCALE | 422
DIST-02355 | 3.874 | 1.659 | 1.9762 | ENTROPY_DRIFT_DIVERGENCE_HAZARD | TRIGGER_DYNAMIC_LOSS_WEIGHT_RESCALE | 422
DIST-02356 | 7.456 | 5.698 | 1.2021 | COMPRESSION_STABLE_ALIGNED | COMMIT_STUDENT_WEIGHT_ADJUSTMENT | 200
DIST-02357 | 5.579 | 5.398 | 0.1218 | COMPRESSION_STABLE_ALIGNED | COMMIT_STUDENT_WEIGHT_ADJUSTMENT | 200
DIST-02358 | 4.378 | 3.578 | 0.6433 | COMPRESSION_STABLE_ALIGNED | COMMIT_STUDENT_WEIGHT_ADJUSTMENT | 200
DIST-02359 | 4.629 | 2.374 | 1.9846 | ENTROPY_DRIFT_DIVERGENCE_HAZARD | TRIGGER_DYNAMIC_LOSS_WEIGHT_RESCALE | 422
DIST-02360 | 2.370 | -0.227 | 2.0801 | ENTROPY_DRIFT_DIVERGENCE_HAZARD | TRIGGER_DYNAMIC_LOSS_WEIGHT_RESCALE | 422
DIST-02361 | 5.333 | 5.296 | 0.0058 | COMPRESSION_STABLE_ALIGNED | COMMIT_STUDENT_WEIGHT_ADJUSTMENT | 200
DIST-02362 | 3.171 | 1.700 | 1.1656 | COMPRESSION_STABLE_ALIGNED | COMMIT_STUDENT_WEIGHT_ADJUSTMENT | 200
DIST-02363 | 4.091 | 0.602 | 3.3209 | ENTROPY_DRIFT_DIVERGENCE_HAZARD | TRIGGER_DYNAMIC_LOSS_WEIGHT_RESCALE | 422
DIST-02364 | 7.514 | 6.886 | 0.3907 | COMPRESSION_STABLE_ALIGNED | COMMIT_STUDENT_WEIGHT_ADJUSTMENT | 200
DIST-02365 | 4.598 | 1.446 | 2.997 | ENTROPY_DRIFT_DIVERGENCE_HAZARD | TRIGGER_DYNAMIC_LOSS_WEIGHT_RESCALE | 422
DIST-02366 | 3.818 | 1.180 | 2.4129 | ENTROPY_DRIFT_DIVERGENCE_HAZARD | TRIGGER_DYNAMIC_LOSS_WEIGHT_RESCALE | 422
DIST-02367 | 3.314 | 0.532 | 2.4451 | ENTROPY_DRIFT_DIVERGENCE_HAZARD | TRIGGER_DYNAMIC_LOSS_WEIGHT_RESCALE | 422
DIST-02368 | 5.083 | 2.535 | 2.2887 | ENTROPY_DRIFT_DIVERGENCE_HAZARD | TRIGGER_DYNAMIC_LOSS_WEIGHT_RESCALE | 422
DIST-02369 | 2.947 | 2.094 | 0.6343 | COMPRESSION_STABLE_ALIGNED | COMMIT_STUDENT_WEIGHT_ADJUSTMENT | 200
DIST-02370 | 3.842 | 4.040 | 0.0 | COMPRESSION_STABLE_ALIGNED | COMMIT_STUDENT_WEIGHT_ADJUSTMENT | 200
DIST-02371 | 4.296 | 3.673 | 0.4891 | COMPRESSION_STABLE_ALIGNED | COMMIT_STUDENT_WEIGHT_ADJUSTMENT | 200
DIST-02372 | 2.427 | 1.803 | 0.4429 | COMPRESSION_STABLE_ALIGNED | COMMIT_STUDENT_WEIGHT_ADJUSTMENT | 200
DIST-02373 | 6.259 | 4.215 | 1.6672 | ENTROPY_DRIFT_DIVERGENCE_HAZARD | TRIGGER_DYNAMIC_LOSS_WEIGHT_RESCALE | 422
DIST-02374 | 5.889 | 5.549 | 0.2499 | COMPRESSION_STABLE_ALIGNED | COMMIT_STUDENT_WEIGHT_ADJUSTMENT | 200
DIST-02375 | 1.674 | 0.141 | 1.0893 | COMPRESSION_STABLE_ALIGNED | COMMIT_STUDENT_WEIGHT_ADJUSTMENT | 200
DIST-02376 | 5.451 | 5.816 | 0.0 | COMPRESSION_STABLE_ALIGNED | COMMIT_STUDENT_WEIGHT_ADJUSTMENT | 200
DIST-02377 | 2.230 | -1.020 | 2.6063 | ENTROPY_DRIFT_DIVERGENCE_HAZARD | TRIGGER_DYNAMIC_LOSS_WEIGHT_RESCALE | 422
DIST-02378 | 5.183 | 2.921 | 1.9826 | ENTROPY_DRIFT_DIVERGENCE_HAZARD | TRIGGER_DYNAMIC_LOSS_WEIGHT_RESCALE | 422
DIST-02379 | 5.535 | 5.796 | 0.0 | COMPRESSION_STABLE_ALIGNED | COMMIT_STUDENT_WEIGHT_ADJUSTMENT | 200
DIST-02380 | 8.382 | 6.177 | 1.3642 | ENTROPY_DRIFT_DIVERGENCE_HAZARD | TRIGGER_DYNAMIC_LOSS_WEIGHT_RESCALE | 422
DIST-02381 | 2.370 | -0.887 | 2.6477 | ENTROPY_DRIFT_DIVERGENCE_HAZARD | TRIGGER_DYNAMIC_LOSS_WEIGHT_RESCALE | 422
DIST-02382 | 5.686 | 3.717 | 1.645 | ENTROPY_DRIFT_DIVERGENCE_HAZARD | TRIGGER_DYNAMIC_LOSS_WEIGHT_RESCALE | 422
DIST-02383 | 4.750 | 2.838 | 1.6744 | ENTROPY_DRIFT_DIVERGENCE_HAZARD | TRIGGER_DYNAMIC_LOSS_WEIGHT_RESCALE | 422
DIST-02384 | 3.075 | 0.353 | 2.3478 | ENTROPY_DRIFT_DIVERGENCE_HAZARD | TRIGGER_DYNAMIC_LOSS_WEIGHT_RESCALE | 422
DIST-02385 | 1.553 | -1.539 | 2.239 | ENTROPY_DRIFT_DIVERGENCE_HAZARD | TRIGGER_DYNAMIC_LOSS_WEIGHT_RESCALE | 422
DIST-02386 | 6.805 | 5.197 | 1.162 | COMPRESSION_STABLE_ALIGNED | COMMIT_STUDENT_WEIGHT_ADJUSTMENT | 200
DIST-02387 | 4.395 | 2.120 | 2.0359 | ENTROPY_DRIFT_DIVERGENCE_HAZARD | TRIGGER_DYNAMIC_LOSS_WEIGHT_RESCALE | 422
DIST-02388 | 6.873 | 5.334 | 1.0906 | COMPRESSION_STABLE_ALIGNED | COMMIT_STUDENT_WEIGHT_ADJUSTMENT | 200
DIST-02389 | 2.550 | -0.091 | 2.1722 | ENTROPY_DRIFT_DIVERGENCE_HAZARD | TRIGGER_DYNAMIC_LOSS_WEIGHT_RESCALE | 422
DIST-02390 | 5.745 | 3.492 | 1.9691 | ENTROPY_DRIFT_DIVERGENCE_HAZARD | TRIGGER_DYNAMIC_LOSS_WEIGHT_RESCALE | 422
DIST-02391 | 6.497 | 5.094 | 1.0047 | COMPRESSION_STABLE_ALIGNED | COMMIT_STUDENT_WEIGHT_ADJUSTMENT | 200
DIST-02392 | 6.035 | 3.511 | 2.1763 | ENTROPY_DRIFT_DIVERGENCE_HAZARD | TRIGGER_DYNAMIC_LOSS_WEIGHT_RESCALE | 422
DIST-02393 | 3.583 | 2.154 | 1.1521 | COMPRESSION_STABLE_ALIGNED | COMMIT_STUDENT_WEIGHT_ADJUSTMENT | 200
DIST-02394 | 2.378 | -0.616 | 2.4161 | ENTROPY_DRIFT_DIVERGENCE_HAZARD | TRIGGER_DYNAMIC_LOSS_WEIGHT_RESCALE | 422
DIST-02395 | 4.035 | 3.362 | 0.5316 | COMPRESSION_STABLE_ALIGNED | COMMIT_STUDENT_WEIGHT_ADJUSTMENT | 200
DIST-02396 | 5.142 | 3.086 | 1.7688 | ENTROPY_DRIFT_DIVERGENCE_HAZARD | TRIGGER_DYNAMIC_LOSS_WEIGHT_RESCALE | 422
DIST-02397 | 2.710 | 1.287 | 1.0921 | COMPRESSION_STABLE_ALIGNED | COMMIT_STUDENT_WEIGHT_ADJUSTMENT | 200
DIST-02398 | 7.318 | 5.135 | 1.575 | ENTROPY_DRIFT_DIVERGENCE_HAZARD | TRIGGER_DYNAMIC_LOSS_WEIGHT_RESCALE | 422
DIST-02399 | 6.312 | 4.361 | 1.5701 | ENTROPY_DRIFT_DIVERGENCE_HAZARD | TRIGGER_DYNAMIC_LOSS_WEIGHT_RESCALE | 422
DIST-02400 | 4.875 | 1.451 | 3.3376 | ENTROPY_DRIFT_DIVERGENCE_HAZARD | TRIGGER_DYNAMIC_LOSS_WEIGHT_RESCALE | 422
DIST-02401 | 2.125 | 1.793 | 0.2166 | COMPRESSION_STABLE_ALIGNED | COMMIT_STUDENT_WEIGHT_ADJUSTMENT | 200
DIST-02402 | 5.116 | 2.500 | 2.3993 | ENTROPY_DRIFT_DIVERGENCE_HAZARD | TRIGGER_DYNAMIC_LOSS_WEIGHT_RESCALE | 422
DIST-02403 | 5.224 | 2.005 | 3.0708 | ENTROPY_DRIFT_DIVERGENCE_HAZARD | TRIGGER_DYNAMIC_LOSS_WEIGHT_RESCALE | 422
DIST-02404 | 5.391 | 3.305 | 1.8057 | ENTROPY_DRIFT_DIVERGENCE_HAZARD | TRIGGER_DYNAMIC_LOSS_WEIGHT_RESCALE | 422
DIST-02405 | 2.218 | 1.547 | 0.513 | COMPRESSION_STABLE_ALIGNED | COMMIT_STUDENT_WEIGHT_ADJUSTMENT | 200
DIST-02406 | 6.485 | 3.385 | 2.7735 | ENTROPY_DRIFT_DIVERGENCE_HAZARD | TRIGGER_DYNAMIC_LOSS_WEIGHT_RESCALE | 422
DIST-02407 | 2.753 | 1.906 | 0.6162 | COMPRESSION_STABLE_ALIGNED | COMMIT_STUDENT_WEIGHT_ADJUSTMENT | 200
DIST-02408 | 1.866 | 1.964 | 0.0 | COMPRESSION_STABLE_ALIGNED | COMMIT_STUDENT_WEIGHT_ADJUSTMENT | 200
DIST-02409 | 4.883 | 4.378 | 0.4053 | COMPRESSION_STABLE_ALIGNED | COMMIT_STUDENT_WEIGHT_ADJUSTMENT | 200
DIST-02410 | 5.001 | 5.305 | 0.0 | COMPRESSION_STABLE_ALIGNED | COMMIT_STUDENT_WEIGHT_ADJUSTMENT | 200
DIST-02411 | 3.966 | 3.291 | 0.5511 | COMPRESSION_STABLE_ALIGNED | COMMIT_STUDENT_WEIGHT_ADJUSTMENT | 200
DIST-02412 | 2.507 | 0.830 | 1.3318 | ENTROPY_DRIFT_DIVERGENCE_HAZARD | TRIGGER_DYNAMIC_LOSS_WEIGHT_RESCALE | 422
DIST-02413 | 2.552 | 0.254 | 1.8248 | ENTROPY_DRIFT_DIVERGENCE_HAZARD | TRIGGER_DYNAMIC_LOSS_WEIGHT_RESCALE | 422
DIST-02414 | 3.527 | 0.076 | 3.1831 | ENTROPY_DRIFT_DIVERGENCE_HAZARD | TRIGGER_DYNAMIC_LOSS_WEIGHT_RESCALE | 422
DIST-02415 | 5.460 | 5.630 | 0.0 | COMPRESSION_STABLE_ALIGNED | COMMIT_STUDENT_WEIGHT_ADJUSTMENT | 200
DIST-02416 | 5.821 | 5.274 | 0.4028 | COMPRESSION_STABLE_ALIGNED | COMMIT_STUDENT_WEIGHT_ADJUSTMENT | 200
DIST-02417 | 4.206 | 3.317 | 0.7287 | COMPRESSION_STABLE_ALIGNED | COMMIT_STUDENT_WEIGHT_ADJUSTMENT | 200
DIST-02418 | 3.321 | 1.470 | 1.5581 | ENTROPY_DRIFT_DIVERGENCE_HAZARD | TRIGGER_DYNAMIC_LOSS_WEIGHT_RESCALE | 422
DIST-02419 | 6.248 | 6.603 | 0.0 | COMPRESSION_STABLE_ALIGNED | COMMIT_STUDENT_WEIGHT_ADJUSTMENT | 200
DIST-02420 | 2.045 | -0.283 | 1.7358 | ENTROPY_DRIFT_DIVERGENCE_HAZARD | TRIGGER_DYNAMIC_LOSS_WEIGHT_RESCALE | 422
DIST-02421 | 8.133 | 7.524 | 0.3395 | COMPRESSION_STABLE_ALIGNED | COMMIT_STUDENT_WEIGHT_ADJUSTMENT | 200
DIST-02422 | 4.139 | 3.997 | 0.1311 | COMPRESSION_STABLE_ALIGNED | COMMIT_STUDENT_WEIGHT_ADJUSTMENT | 200
DIST-02423 | 3.838 | 3.400 | 0.3356 | COMPRESSION_STABLE_ALIGNED | COMMIT_STUDENT_WEIGHT_ADJUSTMENT | 200
DIST-02424 | 5.702 | 4.128 | 1.2792 | ENTROPY_DRIFT_DIVERGENCE_HAZARD | TRIGGER_DYNAMIC_LOSS_WEIGHT_RESCALE | 422
DIST-02425 | 5.591 | 3.277 | 1.9988 | ENTROPY_DRIFT_DIVERGENCE_HAZARD | TRIGGER_DYNAMIC_LOSS_WEIGHT_RESCALE | 422
DIST-02426 | 2.848 | 0.670 | 1.8025 | ENTROPY_DRIFT_DIVERGENCE_HAZARD | TRIGGER_DYNAMIC_LOSS_WEIGHT_RESCALE | 422
DIST-02427 | 6.850 | 6.183 | 0.4467 | COMPRESSION_STABLE_ALIGNED | COMMIT_STUDENT_WEIGHT_ADJUSTMENT | 200
DIST-02428 | 3.807 | 1.207 | 2.34 | ENTROPY_DRIFT_DIVERGENCE_HAZARD | TRIGGER_DYNAMIC_LOSS_WEIGHT_RESCALE | 422
DIST-02429 | 7.118 | 6.344 | 0.5148 | COMPRESSION_STABLE_ALIGNED | COMMIT_STUDENT_WEIGHT_ADJUSTMENT | 200
DIST-02430 | 8.479 | 7.497 | 0.4982 | COMPRESSION_STABLE_ALIGNED | COMMIT_STUDENT_WEIGHT_ADJUSTMENT | 200
DIST-02431 | 7.178 | 6.316 | 0.5607 | COMPRESSION_STABLE_ALIGNED | COMMIT_STUDENT_WEIGHT_ADJUSTMENT | 200
DIST-02432 | 2.570 | 2.881 | 0.0 | COMPRESSION_STABLE_ALIGNED | COMMIT_STUDENT_WEIGHT_ADJUSTMENT | 200
DIST-02433 | 3.748 | 1.725 | 1.7526 | ENTROPY_DRIFT_DIVERGENCE_HAZARD | TRIGGER_DYNAMIC_LOSS_WEIGHT_RESCALE | 422
DIST-02434 | 3.649 | 1.095 | 2.2721 | ENTROPY_DRIFT_DIVERGENCE_HAZARD | TRIGGER_DYNAMIC_LOSS_WEIGHT_RESCALE | 422
DIST-02435 | 1.864 | 2.136 | 0.0 | COMPRESSION_STABLE_ALIGNED | COMMIT_STUDENT_WEIGHT_ADJUSTMENT | 200
DIST-02436 | 2.784 | 1.088 | 1.3452 | ENTROPY_DRIFT_DIVERGENCE_HAZARD | TRIGGER_DYNAMIC_LOSS_WEIGHT_RESCALE | 422
DIST-02437 | 3.534 | 1.887 | 1.377 | ENTROPY_DRIFT_DIVERGENCE_HAZARD | TRIGGER_DYNAMIC_LOSS_WEIGHT_RESCALE | 422
DIST-02438 | 2.505 | 0.097 | 1.9518 | ENTROPY_DRIFT_DIVERGENCE_HAZARD | TRIGGER_DYNAMIC_LOSS_WEIGHT_RESCALE | 422
DIST-02439 | 4.323 | 2.809 | 1.2735 | ENTROPY_DRIFT_DIVERGENCE_HAZARD | TRIGGER_DYNAMIC_LOSS_WEIGHT_RESCALE | 422
DIST-02440 | 7.340 | 5.530 | 1.2298 | COMPRESSION_STABLE_ALIGNED | COMMIT_STUDENT_WEIGHT_ADJUSTMENT | 200
DIST-02441 | 8.201 | 6.515 | 1.0381 | COMPRESSION_STABLE_ALIGNED | COMMIT_STUDENT_WEIGHT_ADJUSTMENT | 200
DIST-02442 | 4.779 | 4.855 | 0.0 | COMPRESSION_STABLE_ALIGNED | COMMIT_STUDENT_WEIGHT_ADJUSTMENT | 200
DIST-02443 | 2.135 | 0.873 | 0.8944 | COMPRESSION_STABLE_ALIGNED | COMMIT_STUDENT_WEIGHT_ADJUSTMENT | 200
DIST-02444 | 3.262 | 2.695 | 0.4495 | COMPRESSION_STABLE_ALIGNED | COMMIT_STUDENT_WEIGHT_ADJUSTMENT | 200
DIST-02445 | 7.226 | 4.380 | 2.2595 | ENTROPY_DRIFT_DIVERGENCE_HAZARD | TRIGGER_DYNAMIC_LOSS_WEIGHT_RESCALE | 422
DIST-02446 | 5.915 | 5.615 | 0.215 | COMPRESSION_STABLE_ALIGNED | COMMIT_STUDENT_WEIGHT_ADJUSTMENT | 200
DIST-02447 | 3.488 | 1.942 | 1.2895 | ENTROPY_DRIFT_DIVERGENCE_HAZARD | TRIGGER_DYNAMIC_LOSS_WEIGHT_RESCALE | 422
DIST-02448 | 6.025 | 6.088 | 0.0 | COMPRESSION_STABLE_ALIGNED | COMMIT_STUDENT_WEIGHT_ADJUSTMENT | 200
DIST-02449 | 4.021 | 2.367 | 1.3944 | ENTROPY_DRIFT_DIVERGENCE_HAZARD | TRIGGER_DYNAMIC_LOSS_WEIGHT_RESCALE | 422
DIST-02450 | 2.689 | 0.581 | 1.6886 | ENTROPY_DRIFT_DIVERGENCE_HAZARD | TRIGGER_DYNAMIC_LOSS_WEIGHT_RESCALE | 422
DIST-02451 | 2.240 | 2.512 | 0.0 | COMPRESSION_STABLE_ALIGNED | COMMIT_STUDENT_WEIGHT_ADJUSTMENT | 200
DIST-02452 | 4.237 | 3.341 | 0.7063 | COMPRESSION_STABLE_ALIGNED | COMMIT_STUDENT_WEIGHT_ADJUSTMENT | 200
DIST-02453 | 2.679 | 0.648 | 1.6308 | ENTROPY_DRIFT_DIVERGENCE_HAZARD | TRIGGER_DYNAMIC_LOSS_WEIGHT_RESCALE | 422
DIST-02454 | 3.298 | 1.834 | 1.1825 | COMPRESSION_STABLE_ALIGNED | COMMIT_STUDENT_WEIGHT_ADJUSTMENT | 200
DIST-02455 | 8.426 | 8.303 | 0.0708 | COMPRESSION_STABLE_ALIGNED | COMMIT_STUDENT_WEIGHT_ADJUSTMENT | 200
DIST-02456 | 7.108 | 4.794 | 1.7954 | ENTROPY_DRIFT_DIVERGENCE_HAZARD | TRIGGER_DYNAMIC_LOSS_WEIGHT_RESCALE | 422
DIST-02457 | 7.759 | 5.156 | 1.8621 | ENTROPY_DRIFT_DIVERGENCE_HAZARD | TRIGGER_DYNAMIC_LOSS_WEIGHT_RESCALE | 422
DIST-02458 | 2.289 | -1.205 | 2.8617 | ENTROPY_DRIFT_DIVERGENCE_HAZARD | TRIGGER_DYNAMIC_LOSS_WEIGHT_RESCALE | 422
DIST-02459 | 3.728 | 2.376 | 1.1293 | COMPRESSION_STABLE_ALIGNED | COMMIT_STUDENT_WEIGHT_ADJUSTMENT | 200
DIST-02460 | 7.183 | 7.132 | 0.039 | COMPRESSION_STABLE_ALIGNED | COMMIT_STUDENT_WEIGHT_ADJUSTMENT | 200
DIST-02461 | 6.659 | 5.976 | 0.4599 | COMPRESSION_STABLE_ALIGNED | COMMIT_STUDENT_WEIGHT_ADJUSTMENT | 200
DIST-02462 | 3.017 | 1.080 | 1.611 | ENTROPY_DRIFT_DIVERGENCE_HAZARD | TRIGGER_DYNAMIC_LOSS_WEIGHT_RESCALE | 422
DIST-02463 | 7.611 | 4.624 | 2.3088 | ENTROPY_DRIFT_DIVERGENCE_HAZARD | TRIGGER_DYNAMIC_LOSS_WEIGHT_RESCALE | 422
DIST-02464 | 2.283 | 2.530 | 0.0 | COMPRESSION_STABLE_ALIGNED | COMMIT_STUDENT_WEIGHT_ADJUSTMENT | 200
DIST-02465 | 5.629 | 4.010 | 1.3455 | ENTROPY_DRIFT_DIVERGENCE_HAZARD | TRIGGER_DYNAMIC_LOSS_WEIGHT_RESCALE | 422
DIST-02466 | 6.402 | 3.840 | 2.1869 | ENTROPY_DRIFT_DIVERGENCE_HAZARD | TRIGGER_DYNAMIC_LOSS_WEIGHT_RESCALE | 422
DIST-02467 | 4.679 | 1.489 | 3.0411 | ENTROPY_DRIFT_DIVERGENCE_HAZARD | TRIGGER_DYNAMIC_LOSS_WEIGHT_RESCALE | 422
DIST-02468 | 4.694 | 3.531 | 0.9557 | COMPRESSION_STABLE_ALIGNED | COMMIT_STUDENT_WEIGHT_ADJUSTMENT | 200
DIST-02469 | 5.184 | 5.210 | 0.0 | COMPRESSION_STABLE_ALIGNED | COMMIT_STUDENT_WEIGHT_ADJUSTMENT | 200
DIST-02470 | 6.453 | 3.301 | 2.8096 | ENTROPY_DRIFT_DIVERGENCE_HAZARD | TRIGGER_DYNAMIC_LOSS_WEIGHT_RESCALE | 422
DIST-02471 | 7.068 | 7.094 | 0.0059 | COMPRESSION_STABLE_ALIGNED | COMMIT_STUDENT_WEIGHT_ADJUSTMENT | 200
DIST-02472 | 5.705 | 3.567 | 1.881 | ENTROPY_DRIFT_DIVERGENCE_HAZARD | TRIGGER_DYNAMIC_LOSS_WEIGHT_RESCALE | 422
DIST-02473 | 7.497 | 6.989 | 0.2788 | COMPRESSION_STABLE_ALIGNED | COMMIT_STUDENT_WEIGHT_ADJUSTMENT | 200
DIST-02474 | 4.039 | 4.174 | 0.0 | COMPRESSION_STABLE_ALIGNED | COMMIT_STUDENT_WEIGHT_ADJUSTMENT | 200
DIST-02475 | 6.913 | 7.268 | 0.0 | COMPRESSION_STABLE_ALIGNED | COMMIT_STUDENT_WEIGHT_ADJUSTMENT | 200
DIST-02476 | 6.204 | 3.262 | 2.6416 | ENTROPY_DRIFT_DIVERGENCE_HAZARD | TRIGGER_DYNAMIC_LOSS_WEIGHT_RESCALE | 422
DIST-02477 | 3.684 | 1.472 | 1.9292 | ENTROPY_DRIFT_DIVERGENCE_HAZARD | TRIGGER_DYNAMIC_LOSS_WEIGHT_RESCALE | 422
DIST-02478 | 7.651 | 7.929 | 0.0 | COMPRESSION_STABLE_ALIGNED | COMMIT_STUDENT_WEIGHT_ADJUSTMENT | 200
DIST-02479 | 8.307 | 7.002 | 0.6976 | COMPRESSION_STABLE_ALIGNED | COMMIT_STUDENT_WEIGHT_ADJUSTMENT | 200
DIST-02480 | 3.359 | 3.700 | 0.0 | COMPRESSION_STABLE_ALIGNED | COMMIT_STUDENT_WEIGHT_ADJUSTMENT | 200
DIST-02481 | 8.077 | 5.913 | 1.3885 | ENTROPY_DRIFT_DIVERGENCE_HAZARD | TRIGGER_DYNAMIC_LOSS_WEIGHT_RESCALE | 422
DIST-02482 | 2.372 | 1.227 | 0.8866 | COMPRESSION_STABLE_ALIGNED | COMMIT_STUDENT_WEIGHT_ADJUSTMENT | 200
DIST-02483 | 2.764 | 2.573 | 0.179 | COMPRESSION_STABLE_ALIGNED | COMMIT_STUDENT_WEIGHT_ADJUSTMENT | 200
DIST-02484 | 6.255 | 3.501 | 2.3912 | ENTROPY_DRIFT_DIVERGENCE_HAZARD | TRIGGER_DYNAMIC_LOSS_WEIGHT_RESCALE | 422
DIST-02485 | 7.831 | 6.818 | 0.5799 | COMPRESSION_STABLE_ALIGNED | COMMIT_STUDENT_WEIGHT_ADJUSTMENT | 200
DIST-02486 | 5.556 | 5.389 | 0.1362 | COMPRESSION_STABLE_ALIGNED | COMMIT_STUDENT_WEIGHT_ADJUSTMENT | 200
DIST-02487 | 2.748 | 0.954 | 1.4261 | ENTROPY_DRIFT_DIVERGENCE_HAZARD | TRIGGER_DYNAMIC_LOSS_WEIGHT_RESCALE | 422
DIST-02488 | 4.232 | 3.217 | 0.8265 | COMPRESSION_STABLE_ALIGNED | COMMIT_STUDENT_WEIGHT_ADJUSTMENT | 200
DIST-02489 | 5.647 | 4.065 | 1.2922 | ENTROPY_DRIFT_DIVERGENCE_HAZARD | TRIGGER_DYNAMIC_LOSS_WEIGHT_RESCALE | 422
DIST-02490 | 6.795 | 3.608 | 2.7288 | ENTROPY_DRIFT_DIVERGENCE_HAZARD | TRIGGER_DYNAMIC_LOSS_WEIGHT_RESCALE | 422
DIST-02491 | 4.296 | 4.756 | 0.0 | COMPRESSION_STABLE_ALIGNED | COMMIT_STUDENT_WEIGHT_ADJUSTMENT | 200
DIST-02492 | 3.974 | 4.388 | 0.0 | COMPRESSION_STABLE_ALIGNED | COMMIT_STUDENT_WEIGHT_ADJUSTMENT | 200
DIST-02493 | 5.939 | 5.143 | 0.5768 | COMPRESSION_STABLE_ALIGNED | COMMIT_STUDENT_WEIGHT_ADJUSTMENT | 200
DIST-02494 | 1.547 | 1.696 | 0.0 | COMPRESSION_STABLE_ALIGNED | COMMIT_STUDENT_WEIGHT_ADJUSTMENT | 200
DIST-02495 | 7.064 | 6.437 | 0.3704 | COMPRESSION_STABLE_ALIGNED | COMMIT_STUDENT_WEIGHT_ADJUSTMENT | 200
DIST-02496 | 2.420 | 0.187 | 1.7789 | ENTROPY_DRIFT_DIVERGENCE_HAZARD | TRIGGER_DYNAMIC_LOSS_WEIGHT_RESCALE | 422
DIST-02497 | 8.348 | 6.746 | 0.9122 | COMPRESSION_STABLE_ALIGNED | COMMIT_STUDENT_WEIGHT_ADJUSTMENT | 200
DIST-02498 | 8.163 | 7.032 | 0.6251 | COMPRESSION_STABLE_ALIGNED | COMMIT_STUDENT_WEIGHT_ADJUSTMENT | 200
DIST-02499 | 3.558 | 0.288 | 3.0285 | ENTROPY_DRIFT_DIVERGENCE_HAZARD | TRIGGER_DYNAMIC_LOSS_WEIGHT_RESCALE | 422
DIST-02500 | 4.967 | 2.681 | 2.0527 | ENTROPY_DRIFT_DIVERGENCE_HAZARD | TRIGGER_DYNAMIC_LOSS_WEIGHT_RESCALE | 422
DIST-02501 | 1.861 | -0.838 | 2.0315 | ENTROPY_DRIFT_DIVERGENCE_HAZARD | TRIGGER_DYNAMIC_LOSS_WEIGHT_RESCALE | 422
DIST-02502 | 3.413 | 0.459 | 2.6685 | ENTROPY_DRIFT_DIVERGENCE_HAZARD | TRIGGER_DYNAMIC_LOSS_WEIGHT_RESCALE | 422
DIST-02503 | 6.410 | 6.743 | 0.0 | COMPRESSION_STABLE_ALIGNED | COMMIT_STUDENT_WEIGHT_ADJUSTMENT | 200
DIST-02504 | 1.747 | 0.638 | 0.7535 | COMPRESSION_STABLE_ALIGNED | COMMIT_STUDENT_WEIGHT_ADJUSTMENT | 200
DIST-02505 | 6.251 | 4.832 | 1.0617 | COMPRESSION_STABLE_ALIGNED | COMMIT_STUDENT_WEIGHT_ADJUSTMENT | 200
DIST-02506 | 3.034 | 0.323 | 2.3132 | ENTROPY_DRIFT_DIVERGENCE_HAZARD | TRIGGER_DYNAMIC_LOSS_WEIGHT_RESCALE | 422
DIST-02507 | 8.234 | 5.651 | 1.7753 | ENTROPY_DRIFT_DIVERGENCE_HAZARD | TRIGGER_DYNAMIC_LOSS_WEIGHT_RESCALE | 422
DIST-02508 | 5.511 | 5.603 | 0.0 | COMPRESSION_STABLE_ALIGNED | COMMIT_STUDENT_WEIGHT_ADJUSTMENT | 200
DIST-02509 | 6.584 | 6.148 | 0.2603 | COMPRESSION_STABLE_ALIGNED | COMMIT_STUDENT_WEIGHT_ADJUSTMENT | 200
DIST-02510 | 5.906 | 6.046 | 0.0 | COMPRESSION_STABLE_ALIGNED | COMMIT_STUDENT_WEIGHT_ADJUSTMENT | 200
DIST-02511 | 1.947 | -1.461 | 2.6579 | ENTROPY_DRIFT_DIVERGENCE_HAZARD | TRIGGER_DYNAMIC_LOSS_WEIGHT_RESCALE | 422
DIST-02512 | 5.805 | 6.282 | 0.0 | COMPRESSION_STABLE_ALIGNED | COMMIT_STUDENT_WEIGHT_ADJUSTMENT | 200
DIST-02513 | 7.105 | 3.936 | 2.666 | ENTROPY_DRIFT_DIVERGENCE_HAZARD | TRIGGER_DYNAMIC_LOSS_WEIGHT_RESCALE | 422
DIST-02514 | 6.357 | 6.009 | 0.2281 | COMPRESSION_STABLE_ALIGNED | COMMIT_STUDENT_WEIGHT_ADJUSTMENT | 200
DIST-02515 | 1.653 | 0.841 | 0.5435 | COMPRESSION_STABLE_ALIGNED | COMMIT_STUDENT_WEIGHT_ADJUSTMENT | 200
DIST-02516 | 2.641 | 3.023 | 0.0 | COMPRESSION_STABLE_ALIGNED | COMMIT_STUDENT_WEIGHT_ADJUSTMENT | 200
DIST-02517 | 5.509 | 4.567 | 0.7315 | COMPRESSION_STABLE_ALIGNED | COMMIT_STUDENT_WEIGHT_ADJUSTMENT | 200
DIST-02518 | 7.048 | 4.470 | 1.9969 | ENTROPY_DRIFT_DIVERGENCE_HAZARD | TRIGGER_DYNAMIC_LOSS_WEIGHT_RESCALE | 422
DIST-02519 | 2.259 | 2.289 | 0.0 | COMPRESSION_STABLE_ALIGNED | COMMIT_STUDENT_WEIGHT_ADJUSTMENT | 200
DIST-02520 | 2.418 | -0.025 | 1.9289 | ENTROPY_DRIFT_DIVERGENCE_HAZARD | TRIGGER_DYNAMIC_LOSS_WEIGHT_RESCALE | 422
DIST-02521 | 1.842 | -0.228 | 1.512 | ENTROPY_DRIFT_DIVERGENCE_HAZARD | TRIGGER_DYNAMIC_LOSS_WEIGHT_RESCALE | 422
DIST-02522 | 6.237 | 5.649 | 0.471 | COMPRESSION_STABLE_ALIGNED | COMMIT_STUDENT_WEIGHT_ADJUSTMENT | 200
DIST-02523 | 6.341 | 2.905 | 3.1855 | ENTROPY_DRIFT_DIVERGENCE_HAZARD | TRIGGER_DYNAMIC_LOSS_WEIGHT_RESCALE | 422
DIST-02524 | 1.999 | 1.897 | 0.0626 | COMPRESSION_STABLE_ALIGNED | COMMIT_STUDENT_WEIGHT_ADJUSTMENT | 200
DIST-02525 | 3.810 | 3.784 | 0.0374 | COMPRESSION_STABLE_ALIGNED | COMMIT_STUDENT_WEIGHT_ADJUSTMENT | 200
DIST-02526 | 6.445 | 5.899 | 0.3808 | COMPRESSION_STABLE_ALIGNED | COMMIT_STUDENT_WEIGHT_ADJUSTMENT | 200
DIST-02527 | 6.630 | 3.628 | 2.6084 | ENTROPY_DRIFT_DIVERGENCE_HAZARD | TRIGGER_DYNAMIC_LOSS_WEIGHT_RESCALE | 422
DIST-02528 | 7.910 | 7.268 | 0.3641 | COMPRESSION_STABLE_ALIGNED | COMMIT_STUDENT_WEIGHT_ADJUSTMENT | 200
DIST-02529 | 2.163 | 0.918 | 0.9516 | COMPRESSION_STABLE_ALIGNED | COMMIT_STUDENT_WEIGHT_ADJUSTMENT | 200
DIST-02530 | 5.538 | 2.905 | 2.3576 | ENTROPY_DRIFT_DIVERGENCE_HAZARD | TRIGGER_DYNAMIC_LOSS_WEIGHT_RESCALE | 422
DIST-02531 | 3.099 | 1.284 | 1.5045 | ENTROPY_DRIFT_DIVERGENCE_HAZARD | TRIGGER_DYNAMIC_LOSS_WEIGHT_RESCALE | 422
DIST-02532 | 6.677 | 6.544 | 0.0651 | COMPRESSION_STABLE_ALIGNED | COMMIT_STUDENT_WEIGHT_ADJUSTMENT | 200
DIST-02533 | 2.407 | 1.687 | 0.5366 | COMPRESSION_STABLE_ALIGNED | COMMIT_STUDENT_WEIGHT_ADJUSTMENT | 200
DIST-02534 | 7.791 | 6.830 | 0.5428 | COMPRESSION_STABLE_ALIGNED | COMMIT_STUDENT_WEIGHT_ADJUSTMENT | 200
DIST-02535 | 7.050 | 4.203 | 2.3115 | ENTROPY_DRIFT_DIVERGENCE_HAZARD | TRIGGER_DYNAMIC_LOSS_WEIGHT_RESCALE | 422
DIST-02536 | 4.443 | 4.574 | 0.0 | COMPRESSION_STABLE_ALIGNED | COMMIT_STUDENT_WEIGHT_ADJUSTMENT | 200
DIST-02537 | 7.425 | 7.578 | 0.0 | COMPRESSION_STABLE_ALIGNED | COMMIT_STUDENT_WEIGHT_ADJUSTMENT | 200
DIST-02538 | 3.460 | 0.801 | 2.3731 | ENTROPY_DRIFT_DIVERGENCE_HAZARD | TRIGGER_DYNAMIC_LOSS_WEIGHT_RESCALE | 422
DIST-02539 | 2.123 | 1.028 | 0.7664 | COMPRESSION_STABLE_ALIGNED | COMMIT_STUDENT_WEIGHT_ADJUSTMENT | 200
DIST-02540 | 1.621 | 1.027 | 0.3946 | COMPRESSION_STABLE_ALIGNED | COMMIT_STUDENT_WEIGHT_ADJUSTMENT | 200
DIST-02541 | 5.141 | 4.112 | 0.8076 | COMPRESSION_STABLE_ALIGNED | COMMIT_STUDENT_WEIGHT_ADJUSTMENT | 200
DIST-02542 | 3.193 | 0.543 | 2.2754 | ENTROPY_DRIFT_DIVERGENCE_HAZARD | TRIGGER_DYNAMIC_LOSS_WEIGHT_RESCALE | 422
DIST-02543 | 5.151 | 2.809 | 2.0922 | ENTROPY_DRIFT_DIVERGENCE_HAZARD | TRIGGER_DYNAMIC_LOSS_WEIGHT_RESCALE | 422
DIST-02544 | 7.984 | 6.039 | 1.2377 | COMPRESSION_STABLE_ALIGNED | COMMIT_STUDENT_WEIGHT_ADJUSTMENT | 200
DIST-02545 | 6.154 | 4.728 | 1.149 | COMPRESSION_STABLE_ALIGNED | COMMIT_STUDENT_WEIGHT_ADJUSTMENT | 200
DIST-02546 | 6.394 | 3.590 | 2.442 | ENTROPY_DRIFT_DIVERGENCE_HAZARD | TRIGGER_DYNAMIC_LOSS_WEIGHT_RESCALE | 422
DIST-02547 | 6.812 | 6.272 | 0.3219 | COMPRESSION_STABLE_ALIGNED | COMMIT_STUDENT_WEIGHT_ADJUSTMENT | 200
DIST-02548 | 6.850 | 5.282 | 1.1259 | COMPRESSION_STABLE_ALIGNED | COMMIT_STUDENT_WEIGHT_ADJUSTMENT | 200
DIST-02549 | 8.266 | 7.423 | 0.4637 | COMPRESSION_STABLE_ALIGNED | COMMIT_STUDENT_WEIGHT_ADJUSTMENT | 200
DIST-02550 | 5.728 | 5.368 | 0.2996 | COMPRESSION_STABLE_ALIGNED | COMMIT_STUDENT_WEIGHT_ADJUSTMENT | 200
DIST-02551 | 1.562 | -0.478 | 1.3944 | ENTROPY_DRIFT_DIVERGENCE_HAZARD | TRIGGER_DYNAMIC_LOSS_WEIGHT_RESCALE | 422
DIST-02552 | 3.756 | 3.543 | 0.1242 | COMPRESSION_STABLE_ALIGNED | COMMIT_STUDENT_WEIGHT_ADJUSTMENT | 200
DIST-02553 | 3.388 | 0.550 | 2.5629 | ENTROPY_DRIFT_DIVERGENCE_HAZARD | TRIGGER_DYNAMIC_LOSS_WEIGHT_RESCALE | 422
DIST-02554 | 8.037 | 7.805 | 0.1257 | COMPRESSION_STABLE_ALIGNED | COMMIT_STUDENT_WEIGHT_ADJUSTMENT | 200
DIST-02555 | 2.669 | 0.293 | 1.9225 | ENTROPY_DRIFT_DIVERGENCE_HAZARD | TRIGGER_DYNAMIC_LOSS_WEIGHT_RESCALE | 422
DIST-02556 | 3.120 | 2.285 | 0.6591 | COMPRESSION_STABLE_ALIGNED | COMMIT_STUDENT_WEIGHT_ADJUSTMENT | 200
DIST-02557 | 4.754 | 2.279 | 2.2013 | ENTROPY_DRIFT_DIVERGENCE_HAZARD | TRIGGER_DYNAMIC_LOSS_WEIGHT_RESCALE | 422
DIST-02558 | 1.535 | 1.896 | 0.0 | COMPRESSION_STABLE_ALIGNED | COMMIT_STUDENT_WEIGHT_ADJUSTMENT | 200
DIST-02559 | 2.837 | 1.169 | 1.3401 | ENTROPY_DRIFT_DIVERGENCE_HAZARD | TRIGGER_DYNAMIC_LOSS_WEIGHT_RESCALE | 422
DIST-02560 | 5.916 | 5.640 | 0.2115 | COMPRESSION_STABLE_ALIGNED | COMMIT_STUDENT_WEIGHT_ADJUSTMENT | 200
DIST-02561 | 2.667 | 1.084 | 1.2211 | COMPRESSION_STABLE_ALIGNED | COMMIT_STUDENT_WEIGHT_ADJUSTMENT | 200
DIST-02562 | 5.721 | 4.423 | 1.0281 | COMPRESSION_STABLE_ALIGNED | COMMIT_STUDENT_WEIGHT_ADJUSTMENT | 200
DIST-02563 | 8.075 | 6.496 | 0.9297 | COMPRESSION_STABLE_ALIGNED | COMMIT_STUDENT_WEIGHT_ADJUSTMENT | 200
DIST-02564 | 4.257 | 1.485 | 2.5694 | ENTROPY_DRIFT_DIVERGENCE_HAZARD | TRIGGER_DYNAMIC_LOSS_WEIGHT_RESCALE | 422
DIST-02565 | 1.790 | -0.993 | 2.0505 | ENTROPY_DRIFT_DIVERGENCE_HAZARD | TRIGGER_DYNAMIC_LOSS_WEIGHT_RESCALE | 422
DIST-02566 | 8.069 | 7.186 | 0.4764 | COMPRESSION_STABLE_ALIGNED | COMMIT_STUDENT_WEIGHT_ADJUSTMENT | 200
DIST-02567 | 6.003 | 4.884 | 0.8283 | COMPRESSION_STABLE_ALIGNED | COMMIT_STUDENT_WEIGHT_ADJUSTMENT | 200
DIST-02568 | 4.516 | 3.337 | 0.9844 | COMPRESSION_STABLE_ALIGNED | COMMIT_STUDENT_WEIGHT_ADJUSTMENT | 200
DIST-02569 | 4.374 | 2.161 | 1.9917 | ENTROPY_DRIFT_DIVERGENCE_HAZARD | TRIGGER_DYNAMIC_LOSS_WEIGHT_RESCALE | 422
DIST-02570 | 3.010 | 0.433 | 2.1902 | ENTROPY_DRIFT_DIVERGENCE_HAZARD | TRIGGER_DYNAMIC_LOSS_WEIGHT_RESCALE | 422
DIST-02571 | 6.251 | 4.051 | 1.8224 | ENTROPY_DRIFT_DIVERGENCE_HAZARD | TRIGGER_DYNAMIC_LOSS_WEIGHT_RESCALE | 422
DIST-02572 | 8.375 | 8.754 | 0.0 | COMPRESSION_STABLE_ALIGNED | COMMIT_STUDENT_WEIGHT_ADJUSTMENT | 200
DIST-02573 | 8.157 | 6.928 | 0.6888 | COMPRESSION_STABLE_ALIGNED | COMMIT_STUDENT_WEIGHT_ADJUSTMENT | 200
DIST-02574 | 8.446 | 6.860 | 0.8885 | COMPRESSION_STABLE_ALIGNED | COMMIT_STUDENT_WEIGHT_ADJUSTMENT | 200
DIST-02575 | 7.004 | 6.709 | 0.2329 | COMPRESSION_STABLE_ALIGNED | COMMIT_STUDENT_WEIGHT_ADJUSTMENT | 200
DIST-02576 | 3.938 | 3.370 | 0.4232 | COMPRESSION_STABLE_ALIGNED | COMMIT_STUDENT_WEIGHT_ADJUSTMENT | 200
DIST-02577 | 3.524 | 1.495 | 1.7686 | ENTROPY_DRIFT_DIVERGENCE_HAZARD | TRIGGER_DYNAMIC_LOSS_WEIGHT_RESCALE | 422
DIST-02578 | 4.710 | 4.656 | 0.06 | COMPRESSION_STABLE_ALIGNED | COMMIT_STUDENT_WEIGHT_ADJUSTMENT | 200
DIST-02579 | 3.870 | 2.445 | 1.1957 | COMPRESSION_STABLE_ALIGNED | COMMIT_STUDENT_WEIGHT_ADJUSTMENT | 200
DIST-02580 | 3.612 | 0.712 | 2.6634 | ENTROPY_DRIFT_DIVERGENCE_HAZARD | TRIGGER_DYNAMIC_LOSS_WEIGHT_RESCALE | 422
DIST-02581 | 5.714 | 3.244 | 2.1885 | ENTROPY_DRIFT_DIVERGENCE_HAZARD | TRIGGER_DYNAMIC_LOSS_WEIGHT_RESCALE | 422
DIST-02582 | 3.226 | 3.663 | 0.0 | COMPRESSION_STABLE_ALIGNED | COMMIT_STUDENT_WEIGHT_ADJUSTMENT | 200
DIST-02583 | 3.421 | 2.218 | 0.9723 | COMPRESSION_STABLE_ALIGNED | COMMIT_STUDENT_WEIGHT_ADJUSTMENT | 200
DIST-02584 | 6.982 | 4.251 | 2.2405 | ENTROPY_DRIFT_DIVERGENCE_HAZARD | TRIGGER_DYNAMIC_LOSS_WEIGHT_RESCALE | 422
DIST-02585 | 2.684 | 1.070 | 1.2912 | ENTROPY_DRIFT_DIVERGENCE_HAZARD | TRIGGER_DYNAMIC_LOSS_WEIGHT_RESCALE | 422
DIST-02586 | 3.363 | -0.074 | 3.1335 | ENTROPY_DRIFT_DIVERGENCE_HAZARD | TRIGGER_DYNAMIC_LOSS_WEIGHT_RESCALE | 422
DIST-02587 | 7.852 | 4.515 | 2.5567 | ENTROPY_DRIFT_DIVERGENCE_HAZARD | TRIGGER_DYNAMIC_LOSS_WEIGHT_RESCALE | 422
DIST-02588 | 4.656 | 3.845 | 0.6427 | COMPRESSION_STABLE_ALIGNED | COMMIT_STUDENT_WEIGHT_ADJUSTMENT | 200
DIST-02589 | 6.703 | 5.919 | 0.5132 | COMPRESSION_STABLE_ALIGNED | COMMIT_STUDENT_WEIGHT_ADJUSTMENT | 200
DIST-02590 | 4.031 | 4.460 | 0.0 | COMPRESSION_STABLE_ALIGNED | COMMIT_STUDENT_WEIGHT_ADJUSTMENT | 200
DIST-02591 | 2.828 | 2.826 | 0.0261 | COMPRESSION_STABLE_ALIGNED | COMMIT_STUDENT_WEIGHT_ADJUSTMENT | 200
DIST-02592 | 7.572 | 4.648 | 2.2382 | ENTROPY_DRIFT_DIVERGENCE_HAZARD | TRIGGER_DYNAMIC_LOSS_WEIGHT_RESCALE | 422
DIST-02593 | 3.970 | 1.317 | 2.4126 | ENTROPY_DRIFT_DIVERGENCE_HAZARD | TRIGGER_DYNAMIC_LOSS_WEIGHT_RESCALE | 422
DIST-02594 | 6.282 | 3.602 | 2.3212 | ENTROPY_DRIFT_DIVERGENCE_HAZARD | TRIGGER_DYNAMIC_LOSS_WEIGHT_RESCALE | 422
DIST-02595 | 7.407 | 6.596 | 0.512 | COMPRESSION_STABLE_ALIGNED | COMMIT_STUDENT_WEIGHT_ADJUSTMENT | 200
DIST-02596 | 4.779 | 2.753 | 1.7367 | ENTROPY_DRIFT_DIVERGENCE_HAZARD | TRIGGER_DYNAMIC_LOSS_WEIGHT_RESCALE | 422
DIST-02597 | 6.045 | 6.093 | 0.0 | COMPRESSION_STABLE_ALIGNED | COMMIT_STUDENT_WEIGHT_ADJUSTMENT | 200
DIST-02598 | 7.767 | 7.257 | 0.2863 | COMPRESSION_STABLE_ALIGNED | COMMIT_STUDENT_WEIGHT_ADJUSTMENT | 200
DIST-02599 | 6.178 | 4.419 | 1.4258 | ENTROPY_DRIFT_DIVERGENCE_HAZARD | TRIGGER_DYNAMIC_LOSS_WEIGHT_RESCALE | 422
DIST-02600 | 7.352 | 6.678 | 0.399 | COMPRESSION_STABLE_ALIGNED | COMMIT_STUDENT_WEIGHT_ADJUSTMENT | 200
DIST-02601 | 7.401 | 6.053 | 0.8438 | COMPRESSION_STABLE_ALIGNED | COMMIT_STUDENT_WEIGHT_ADJUSTMENT | 200
DIST-02602 | 7.608 | 4.405 | 2.5402 | ENTROPY_DRIFT_DIVERGENCE_HAZARD | TRIGGER_DYNAMIC_LOSS_WEIGHT_RESCALE | 422
DIST-02603 | 7.868 | 4.377 | 2.7318 | ENTROPY_DRIFT_DIVERGENCE_HAZARD | TRIGGER_DYNAMIC_LOSS_WEIGHT_RESCALE | 422
DIST-02604 | 5.437 | 4.877 | 0.3957 | COMPRESSION_STABLE_ALIGNED | COMMIT_STUDENT_WEIGHT_ADJUSTMENT | 200
DIST-02605 | 8.236 | 6.008 | 1.4011 | ENTROPY_DRIFT_DIVERGENCE_HAZARD | TRIGGER_DYNAMIC_LOSS_WEIGHT_RESCALE | 422
DIST-02606 | 1.652 | -0.746 | 1.7185 | ENTROPY_DRIFT_DIVERGENCE_HAZARD | TRIGGER_DYNAMIC_LOSS_WEIGHT_RESCALE | 422
DIST-02607 | 7.130 | 4.487 | 2.0747 | ENTROPY_DRIFT_DIVERGENCE_HAZARD | TRIGGER_DYNAMIC_LOSS_WEIGHT_RESCALE | 422
DIST-02608 | 8.108 | 7.430 | 0.3157 | COMPRESSION_STABLE_ALIGNED | COMMIT_STUDENT_WEIGHT_ADJUSTMENT | 200
DIST-02609 | 6.665 | 6.396 | 0.1903 | COMPRESSION_STABLE_ALIGNED | COMMIT_STUDENT_WEIGHT_ADJUSTMENT | 200
DIST-02610 | 6.102 | 4.144 | 1.6279 | ENTROPY_DRIFT_DIVERGENCE_HAZARD | TRIGGER_DYNAMIC_LOSS_WEIGHT_RESCALE | 422
DIST-02611 | 7.691 | 7.143 | 0.3222 | COMPRESSION_STABLE_ALIGNED | COMMIT_STUDENT_WEIGHT_ADJUSTMENT | 200
DIST-02612 | 3.136 | 0.830 | 1.9343 | ENTROPY_DRIFT_DIVERGENCE_HAZARD | TRIGGER_DYNAMIC_LOSS_WEIGHT_RESCALE | 422
DIST-02613 | 4.573 | 1.082 | 3.402 | ENTROPY_DRIFT_DIVERGENCE_HAZARD | TRIGGER_DYNAMIC_LOSS_WEIGHT_RESCALE | 422
DIST-02614 | 7.223 | 5.287 | 1.393 | ENTROPY_DRIFT_DIVERGENCE_HAZARD | TRIGGER_DYNAMIC_LOSS_WEIGHT_RESCALE | 422
DIST-02615 | 2.765 | 1.192 | 1.2557 | ENTROPY_DRIFT_DIVERGENCE_HAZARD | TRIGGER_DYNAMIC_LOSS_WEIGHT_RESCALE | 422
DIST-02616 | 7.312 | 7.760 | 0.0 | COMPRESSION_STABLE_ALIGNED | COMMIT_STUDENT_WEIGHT_ADJUSTMENT | 200
DIST-02617 | 3.863 | 1.363 | 2.228 | ENTROPY_DRIFT_DIVERGENCE_HAZARD | TRIGGER_DYNAMIC_LOSS_WEIGHT_RESCALE | 422
DIST-02618 | 6.419 | 3.824 | 2.2034 | ENTROPY_DRIFT_DIVERGENCE_HAZARD | TRIGGER_DYNAMIC_LOSS_WEIGHT_RESCALE | 422
DIST-02619 | 6.125 | 2.672 | 3.2551 | ENTROPY_DRIFT_DIVERGENCE_HAZARD | TRIGGER_DYNAMIC_LOSS_WEIGHT_RESCALE | 422
DIST-02620 | 7.347 | 4.141 | 2.6493 | ENTROPY_DRIFT_DIVERGENCE_HAZARD | TRIGGER_DYNAMIC_LOSS_WEIGHT_RESCALE | 422
DIST-02621 | 5.188 | 5.522 | 0.0 | COMPRESSION_STABLE_ALIGNED | COMMIT_STUDENT_WEIGHT_ADJUSTMENT | 200
DIST-02622 | 4.228 | 3.139 | 0.9077 | COMPRESSION_STABLE_ALIGNED | COMMIT_STUDENT_WEIGHT_ADJUSTMENT | 200
DIST-02623 | 3.011 | 1.786 | 0.9704 | COMPRESSION_STABLE_ALIGNED | COMMIT_STUDENT_WEIGHT_ADJUSTMENT | 200
DIST-02624 | 5.318 | 3.277 | 1.7988 | ENTROPY_DRIFT_DIVERGENCE_HAZARD | TRIGGER_DYNAMIC_LOSS_WEIGHT_RESCALE | 422
DIST-02625 | 4.378 | 4.414 | 0.0 | COMPRESSION_STABLE_ALIGNED | COMMIT_STUDENT_WEIGHT_ADJUSTMENT | 200
DIST-02626 | 2.360 | 0.469 | 1.4417 | ENTROPY_DRIFT_DIVERGENCE_HAZARD | TRIGGER_DYNAMIC_LOSS_WEIGHT_RESCALE | 422
DIST-02627 | 6.663 | 5.832 | 0.5953 | COMPRESSION_STABLE_ALIGNED | COMMIT_STUDENT_WEIGHT_ADJUSTMENT | 200
DIST-02628 | 6.128 | 5.355 | 0.5725 | COMPRESSION_STABLE_ALIGNED | COMMIT_STUDENT_WEIGHT_ADJUSTMENT | 200
DIST-02629 | 7.762 | 8.196 | 0.0 | COMPRESSION_STABLE_ALIGNED | COMMIT_STUDENT_WEIGHT_ADJUSTMENT | 200
DIST-02630 | 6.564 | 4.393 | 1.7285 | ENTROPY_DRIFT_DIVERGENCE_HAZARD | TRIGGER_DYNAMIC_LOSS_WEIGHT_RESCALE | 422
DIST-02631 | 5.086 | 4.011 | 0.8703 | COMPRESSION_STABLE_ALIGNED | COMMIT_STUDENT_WEIGHT_ADJUSTMENT | 200
DIST-02632 | 2.161 | 0.839 | 0.9796 | COMPRESSION_STABLE_ALIGNED | COMMIT_STUDENT_WEIGHT_ADJUSTMENT | 200
DIST-02633 | 2.090 | 0.280 | 1.3513 | ENTROPY_DRIFT_DIVERGENCE_HAZARD | TRIGGER_DYNAMIC_LOSS_WEIGHT_RESCALE | 422
DIST-02634 | 3.003 | 0.176 | 2.4426 | ENTROPY_DRIFT_DIVERGENCE_HAZARD | TRIGGER_DYNAMIC_LOSS_WEIGHT_RESCALE | 422
DIST-02635 | 1.939 | 0.793 | 0.8467 | COMPRESSION_STABLE_ALIGNED | COMMIT_STUDENT_WEIGHT_ADJUSTMENT | 200
DIST-02636 | 5.762 | 4.553 | 0.9657 | COMPRESSION_STABLE_ALIGNED | COMMIT_STUDENT_WEIGHT_ADJUSTMENT | 200
DIST-02637 | 3.796 | 2.892 | 0.7297 | COMPRESSION_STABLE_ALIGNED | COMMIT_STUDENT_WEIGHT_ADJUSTMENT | 200
DIST-02638 | 2.338 | -0.098 | 1.9412 | ENTROPY_DRIFT_DIVERGENCE_HAZARD | TRIGGER_DYNAMIC_LOSS_WEIGHT_RESCALE | 422
DIST-02639 | 8.485 | 5.488 | 1.9877 | ENTROPY_DRIFT_DIVERGENCE_HAZARD | TRIGGER_DYNAMIC_LOSS_WEIGHT_RESCALE | 422
DIST-02640 | 4.584 | 2.470 | 1.8823 | ENTROPY_DRIFT_DIVERGENCE_HAZARD | TRIGGER_DYNAMIC_LOSS_WEIGHT_RESCALE | 422
DIST-02641 | 1.962 | -1.232 | 2.5058 | ENTROPY_DRIFT_DIVERGENCE_HAZARD | TRIGGER_DYNAMIC_LOSS_WEIGHT_RESCALE | 422
DIST-02642 | 2.782 | 3.134 | 0.0 | COMPRESSION_STABLE_ALIGNED | COMMIT_STUDENT_WEIGHT_ADJUSTMENT | 200
DIST-02643 | 4.134 | 1.686 | 2.1929 | ENTROPY_DRIFT_DIVERGENCE_HAZARD | TRIGGER_DYNAMIC_LOSS_WEIGHT_RESCALE | 422
DIST-02644 | 2.717 | 2.132 | 0.4217 | COMPRESSION_STABLE_ALIGNED | COMMIT_STUDENT_WEIGHT_ADJUSTMENT | 200
DIST-02645 | 3.758 | 4.183 | 0.0 | COMPRESSION_STABLE_ALIGNED | COMMIT_STUDENT_WEIGHT_ADJUSTMENT | 200
DIST-02646 | 2.901 | 2.337 | 0.4086 | COMPRESSION_STABLE_ALIGNED | COMMIT_STUDENT_WEIGHT_ADJUSTMENT | 200
DIST-02647 | 7.392 | 7.003 | 0.2186 | COMPRESSION_STABLE_ALIGNED | COMMIT_STUDENT_WEIGHT_ADJUSTMENT | 200
DIST-02648 | 8.460 | 7.395 | 0.5273 | COMPRESSION_STABLE_ALIGNED | COMMIT_STUDENT_WEIGHT_ADJUSTMENT | 200
DIST-02649 | 4.896 | 4.366 | 0.409 | COMPRESSION_STABLE_ALIGNED | COMMIT_STUDENT_WEIGHT_ADJUSTMENT | 200
DIST-02650 | 5.458 | 3.420 | 1.7731 | ENTROPY_DRIFT_DIVERGENCE_HAZARD | TRIGGER_DYNAMIC_LOSS_WEIGHT_RESCALE | 422
DIST-02651 | 6.291 | 4.377 | 1.5156 | ENTROPY_DRIFT_DIVERGENCE_HAZARD | TRIGGER_DYNAMIC_LOSS_WEIGHT_RESCALE | 422
DIST-02652 | 8.109 | 6.967 | 0.6739 | COMPRESSION_STABLE_ALIGNED | COMMIT_STUDENT_WEIGHT_ADJUSTMENT | 200
DIST-02653 | 3.454 | 0.031 | 3.1632 | ENTROPY_DRIFT_DIVERGENCE_HAZARD | TRIGGER_DYNAMIC_LOSS_WEIGHT_RESCALE | 422
DIST-02654 | 2.387 | 2.291 | 0.0881 | COMPRESSION_STABLE_ALIGNED | COMMIT_STUDENT_WEIGHT_ADJUSTMENT | 200
DIST-02655 | 3.363 | 1.173 | 1.8633 | ENTROPY_DRIFT_DIVERGENCE_HAZARD | TRIGGER_DYNAMIC_LOSS_WEIGHT_RESCALE | 422
DIST-02656 | 1.640 | 1.643 | 0.0155 | COMPRESSION_STABLE_ALIGNED | COMMIT_STUDENT_WEIGHT_ADJUSTMENT | 200
DIST-02657 | 6.938 | 3.778 | 2.6742 | ENTROPY_DRIFT_DIVERGENCE_HAZARD | TRIGGER_DYNAMIC_LOSS_WEIGHT_RESCALE | 422
DIST-02658 | 1.710 | 0.557 | 0.8118 | COMPRESSION_STABLE_ALIGNED | COMMIT_STUDENT_WEIGHT_ADJUSTMENT | 200
DIST-02659 | 7.461 | 7.684 | 0.0 | COMPRESSION_STABLE_ALIGNED | COMMIT_STUDENT_WEIGHT_ADJUSTMENT | 200
DIST-02660 | 3.346 | 2.992 | 0.2808 | COMPRESSION_STABLE_ALIGNED | COMMIT_STUDENT_WEIGHT_ADJUSTMENT | 200
DIST-02661 | 8.141 | 6.671 | 0.837 | COMPRESSION_STABLE_ALIGNED | COMMIT_STUDENT_WEIGHT_ADJUSTMENT | 200
DIST-02662 | 7.749 | 7.412 | 0.1648 | COMPRESSION_STABLE_ALIGNED | COMMIT_STUDENT_WEIGHT_ADJUSTMENT | 200
DIST-02663 | 3.053 | 2.124 | 0.7352 | COMPRESSION_STABLE_ALIGNED | COMMIT_STUDENT_WEIGHT_ADJUSTMENT | 200
DIST-02664 | 5.498 | 4.532 | 0.7325 | COMPRESSION_STABLE_ALIGNED | COMMIT_STUDENT_WEIGHT_ADJUSTMENT | 200
DIST-02665 | 2.814 | 2.627 | 0.1459 | COMPRESSION_STABLE_ALIGNED | COMMIT_STUDENT_WEIGHT_ADJUSTMENT | 200
DIST-02666 | 5.107 | 4.532 | 0.4131 | COMPRESSION_STABLE_ALIGNED | COMMIT_STUDENT_WEIGHT_ADJUSTMENT | 200
DIST-02667 | 7.913 | 7.402 | 0.2919 | COMPRESSION_STABLE_ALIGNED | COMMIT_STUDENT_WEIGHT_ADJUSTMENT | 200
DIST-02668 | 7.765 | 7.825 | 0.0 | COMPRESSION_STABLE_ALIGNED | COMMIT_STUDENT_WEIGHT_ADJUSTMENT | 200
DIST-02669 | 5.187 | 4.650 | 0.4194 | COMPRESSION_STABLE_ALIGNED | COMMIT_STUDENT_WEIGHT_ADJUSTMENT | 200
DIST-02670 | 6.278 | 4.731 | 1.2068 | COMPRESSION_STABLE_ALIGNED | COMMIT_STUDENT_WEIGHT_ADJUSTMENT | 200
DIST-02671 | 6.761 | 3.888 | 2.4109 | ENTROPY_DRIFT_DIVERGENCE_HAZARD | TRIGGER_DYNAMIC_LOSS_WEIGHT_RESCALE | 422
DIST-02672 | 6.469 | 4.639 | 1.4399 | ENTROPY_DRIFT_DIVERGENCE_HAZARD | TRIGGER_DYNAMIC_LOSS_WEIGHT_RESCALE | 422
DIST-02673 | 7.258 | 5.792 | 0.998 | COMPRESSION_STABLE_ALIGNED | COMMIT_STUDENT_WEIGHT_ADJUSTMENT | 200
DIST-02674 | 3.907 | 1.698 | 1.9383 | ENTROPY_DRIFT_DIVERGENCE_HAZARD | TRIGGER_DYNAMIC_LOSS_WEIGHT_RESCALE | 422
DIST-02675 | 4.588 | 1.386 | 3.0473 | ENTROPY_DRIFT_DIVERGENCE_HAZARD | TRIGGER_DYNAMIC_LOSS_WEIGHT_RESCALE | 422
DIST-02676 | 7.697 | 7.529 | 0.0503 | COMPRESSION_STABLE_ALIGNED | COMMIT_STUDENT_WEIGHT_ADJUSTMENT | 200
DIST-02677 | 8.449 | 8.838 | 0.0 | COMPRESSION_STABLE_ALIGNED | COMMIT_STUDENT_WEIGHT_ADJUSTMENT | 200
DIST-02678 | 6.972 | 7.428 | 0.0 | COMPRESSION_STABLE_ALIGNED | COMMIT_STUDENT_WEIGHT_ADJUSTMENT | 200
DIST-02679 | 7.221 | 6.352 | 0.5528 | COMPRESSION_STABLE_ALIGNED | COMMIT_STUDENT_WEIGHT_ADJUSTMENT | 200
DIST-02680 | 7.607 | 5.750 | 1.2449 | COMPRESSION_STABLE_ALIGNED | COMMIT_STUDENT_WEIGHT_ADJUSTMENT | 200
DIST-02681 | 4.291 | 3.095 | 1.0021 | COMPRESSION_STABLE_ALIGNED | COMMIT_STUDENT_WEIGHT_ADJUSTMENT | 200
DIST-02682 | 5.198 | 2.055 | 2.9875 | ENTROPY_DRIFT_DIVERGENCE_HAZARD | TRIGGER_DYNAMIC_LOSS_WEIGHT_RESCALE | 422
DIST-02683 | 2.141 | 0.032 | 1.5941 | ENTROPY_DRIFT_DIVERGENCE_HAZARD | TRIGGER_DYNAMIC_LOSS_WEIGHT_RESCALE | 422
DIST-02684 | 6.331 | 3.815 | 2.149 | ENTROPY_DRIFT_DIVERGENCE_HAZARD | TRIGGER_DYNAMIC_LOSS_WEIGHT_RESCALE | 422
DIST-02685 | 1.805 | 0.970 | 0.5796 | COMPRESSION_STABLE_ALIGNED | COMMIT_STUDENT_WEIGHT_ADJUSTMENT | 200
DIST-02686 | 6.055 | 5.188 | 0.643 | COMPRESSION_STABLE_ALIGNED | COMMIT_STUDENT_WEIGHT_ADJUSTMENT | 200
DIST-02687 | 4.933 | 4.922 | 0.0178 | COMPRESSION_STABLE_ALIGNED | COMMIT_STUDENT_WEIGHT_ADJUSTMENT | 200
DIST-02688 | 3.433 | 0.336 | 2.7724 | ENTROPY_DRIFT_DIVERGENCE_HAZARD | TRIGGER_DYNAMIC_LOSS_WEIGHT_RESCALE | 422
DIST-02689 | 3.908 | 1.289 | 2.3857 | ENTROPY_DRIFT_DIVERGENCE_HAZARD | TRIGGER_DYNAMIC_LOSS_WEIGHT_RESCALE | 422
DIST-02690 | 5.202 | 1.763 | 3.3608 | ENTROPY_DRIFT_DIVERGENCE_HAZARD | TRIGGER_DYNAMIC_LOSS_WEIGHT_RESCALE | 422
DIST-02691 | 1.894 | -1.535 | 2.6251 | ENTROPY_DRIFT_DIVERGENCE_HAZARD | TRIGGER_DYNAMIC_LOSS_WEIGHT_RESCALE | 422
DIST-02692 | 4.669 | 2.332 | 2.1017 | ENTROPY_DRIFT_DIVERGENCE_HAZARD | TRIGGER_DYNAMIC_LOSS_WEIGHT_RESCALE | 422
DIST-02693 | 4.949 | 4.661 | 0.2158 | COMPRESSION_STABLE_ALIGNED | COMMIT_STUDENT_WEIGHT_ADJUSTMENT | 200
DIST-02694 | 4.377 | 2.394 | 1.7382 | ENTROPY_DRIFT_DIVERGENCE_HAZARD | TRIGGER_DYNAMIC_LOSS_WEIGHT_RESCALE | 422
DIST-02695 | 5.649 | 4.296 | 1.0878 | COMPRESSION_STABLE_ALIGNED | COMMIT_STUDENT_WEIGHT_ADJUSTMENT | 200
DIST-02696 | 5.594 | 2.482 | 2.9497 | ENTROPY_DRIFT_DIVERGENCE_HAZARD | TRIGGER_DYNAMIC_LOSS_WEIGHT_RESCALE | 422
DIST-02697 | 3.985 | 1.432 | 2.3312 | ENTROPY_DRIFT_DIVERGENCE_HAZARD | TRIGGER_DYNAMIC_LOSS_WEIGHT_RESCALE | 422
DIST-02698 | 3.217 | 0.518 | 2.3273 | ENTROPY_DRIFT_DIVERGENCE_HAZARD | TRIGGER_DYNAMIC_LOSS_WEIGHT_RESCALE | 422
DIST-02699 | 4.559 | 3.010 | 1.3277 | ENTROPY_DRIFT_DIVERGENCE_HAZARD | TRIGGER_DYNAMIC_LOSS_WEIGHT_RESCALE | 422
DIST-02700 | 5.072 | 2.777 | 2.0773 | ENTROPY_DRIFT_DIVERGENCE_HAZARD | TRIGGER_DYNAMIC_LOSS_WEIGHT_RESCALE | 422
DIST-02701 | 2.231 | 0.187 | 1.5722 | ENTROPY_DRIFT_DIVERGENCE_HAZARD | TRIGGER_DYNAMIC_LOSS_WEIGHT_RESCALE | 422
DIST-02702 | 1.775 | -0.316 | 1.5324 | ENTROPY_DRIFT_DIVERGENCE_HAZARD | TRIGGER_DYNAMIC_LOSS_WEIGHT_RESCALE | 422
DIST-02703 | 1.781 | 0.372 | 1.0308 | COMPRESSION_STABLE_ALIGNED | COMMIT_STUDENT_WEIGHT_ADJUSTMENT | 200
DIST-02704 | 2.289 | 1.658 | 0.4737 | COMPRESSION_STABLE_ALIGNED | COMMIT_STUDENT_WEIGHT_ADJUSTMENT | 200
DIST-02705 | 4.356 | 3.619 | 0.5919 | COMPRESSION_STABLE_ALIGNED | COMMIT_STUDENT_WEIGHT_ADJUSTMENT | 200
DIST-02706 | 3.350 | 0.942 | 2.1088 | ENTROPY_DRIFT_DIVERGENCE_HAZARD | TRIGGER_DYNAMIC_LOSS_WEIGHT_RESCALE | 422
DIST-02707 | 1.877 | -0.377 | 1.6655 | ENTROPY_DRIFT_DIVERGENCE_HAZARD | TRIGGER_DYNAMIC_LOSS_WEIGHT_RESCALE | 422
DIST-02708 | 5.958 | 3.982 | 1.6401 | ENTROPY_DRIFT_DIVERGENCE_HAZARD | TRIGGER_DYNAMIC_LOSS_WEIGHT_RESCALE | 422
DIST-02709 | 5.441 | 5.177 | 0.1856 | COMPRESSION_STABLE_ALIGNED | COMMIT_STUDENT_WEIGHT_ADJUSTMENT | 200
DIST-02710 | 6.055 | 6.360 | 0.0 | COMPRESSION_STABLE_ALIGNED | COMMIT_STUDENT_WEIGHT_ADJUSTMENT | 200
DIST-02711 | 3.409 | 0.209 | 2.8898 | ENTROPY_DRIFT_DIVERGENCE_HAZARD | TRIGGER_DYNAMIC_LOSS_WEIGHT_RESCALE | 422
DIST-02712 | 6.011 | 3.585 | 2.1236 | ENTROPY_DRIFT_DIVERGENCE_HAZARD | TRIGGER_DYNAMIC_LOSS_WEIGHT_RESCALE | 422
DIST-02713 | 7.026 | 6.507 | 0.3351 | COMPRESSION_STABLE_ALIGNED | COMMIT_STUDENT_WEIGHT_ADJUSTMENT | 200
DIST-02714 | 6.024 | 3.439 | 2.2344 | ENTROPY_DRIFT_DIVERGENCE_HAZARD | TRIGGER_DYNAMIC_LOSS_WEIGHT_RESCALE | 422
DIST-02715 | 8.193 | 6.674 | 0.8934 | COMPRESSION_STABLE_ALIGNED | COMMIT_STUDENT_WEIGHT_ADJUSTMENT | 200
DIST-02716 | 1.676 | -0.743 | 1.7026 | ENTROPY_DRIFT_DIVERGENCE_HAZARD | TRIGGER_DYNAMIC_LOSS_WEIGHT_RESCALE | 422
DIST-02717 | 5.635 | 4.196 | 1.1734 | COMPRESSION_STABLE_ALIGNED | COMMIT_STUDENT_WEIGHT_ADJUSTMENT | 200
DIST-02718 | 3.637 | 0.507 | 2.8949 | ENTROPY_DRIFT_DIVERGENCE_HAZARD | TRIGGER_DYNAMIC_LOSS_WEIGHT_RESCALE | 422
DIST-02719 | 4.088 | 1.604 | 2.2321 | ENTROPY_DRIFT_DIVERGENCE_HAZARD | TRIGGER_DYNAMIC_LOSS_WEIGHT_RESCALE | 422
DIST-02720 | 8.474 | 8.443 | 0.0166 | COMPRESSION_STABLE_ALIGNED | COMMIT_STUDENT_WEIGHT_ADJUSTMENT | 200
DIST-02721 | 2.849 | -0.637 | 3.0862 | ENTROPY_DRIFT_DIVERGENCE_HAZARD | TRIGGER_DYNAMIC_LOSS_WEIGHT_RESCALE | 422
DIST-02722 | 2.156 | 0.200 | 1.4678 | ENTROPY_DRIFT_DIVERGENCE_HAZARD | TRIGGER_DYNAMIC_LOSS_WEIGHT_RESCALE | 422
DIST-02723 | 7.422 | 5.058 | 1.7177 | ENTROPY_DRIFT_DIVERGENCE_HAZARD | TRIGGER_DYNAMIC_LOSS_WEIGHT_RESCALE | 422
DIST-02724 | 3.714 | 0.299 | 3.2318 | ENTROPY_DRIFT_DIVERGENCE_HAZARD | TRIGGER_DYNAMIC_LOSS_WEIGHT_RESCALE | 422
DIST-02725 | 7.896 | 7.425 | 0.2922 | COMPRESSION_STABLE_ALIGNED | COMMIT_STUDENT_WEIGHT_ADJUSTMENT | 200
DIST-02726 | 2.561 | 0.804 | 1.3764 | ENTROPY_DRIFT_DIVERGENCE_HAZARD | TRIGGER_DYNAMIC_LOSS_WEIGHT_RESCALE | 422
DIST-02727 | 7.174 | 7.143 | 0.0386 | COMPRESSION_STABLE_ALIGNED | COMMIT_STUDENT_WEIGHT_ADJUSTMENT | 200
DIST-02728 | 5.132 | 5.041 | 0.093 | COMPRESSION_STABLE_ALIGNED | COMMIT_STUDENT_WEIGHT_ADJUSTMENT | 200
DIST-02729 | 7.552 | 7.020 | 0.2919 | COMPRESSION_STABLE_ALIGNED | COMMIT_STUDENT_WEIGHT_ADJUSTMENT | 200
DIST-02730 | 7.363 | 7.276 | 0.0392 | COMPRESSION_STABLE_ALIGNED | COMMIT_STUDENT_WEIGHT_ADJUSTMENT | 200
DIST-02731 | 4.721 | 3.568 | 0.9688 | COMPRESSION_STABLE_ALIGNED | COMMIT_STUDENT_WEIGHT_ADJUSTMENT | 200
DIST-02732 | 2.079 | 0.217 | 1.4213 | ENTROPY_DRIFT_DIVERGENCE_HAZARD | TRIGGER_DYNAMIC_LOSS_WEIGHT_RESCALE | 422
DIST-02733 | 6.109 | 5.377 | 0.5383 | COMPRESSION_STABLE_ALIGNED | COMMIT_STUDENT_WEIGHT_ADJUSTMENT | 200
DIST-02734 | 2.951 | 0.921 | 1.6544 | ENTROPY_DRIFT_DIVERGENCE_HAZARD | TRIGGER_DYNAMIC_LOSS_WEIGHT_RESCALE | 422
DIST-02735 | 5.768 | 4.540 | 1.0001 | COMPRESSION_STABLE_ALIGNED | COMMIT_STUDENT_WEIGHT_ADJUSTMENT | 200
DIST-02736 | 3.198 | 0.820 | 2.0254 | ENTROPY_DRIFT_DIVERGENCE_HAZARD | TRIGGER_DYNAMIC_LOSS_WEIGHT_RESCALE | 422
DIST-02737 | 4.755 | 3.907 | 0.6697 | COMPRESSION_STABLE_ALIGNED | COMMIT_STUDENT_WEIGHT_ADJUSTMENT | 200
DIST-02738 | 3.696 | 2.816 | 0.7107 | COMPRESSION_STABLE_ALIGNED | COMMIT_STUDENT_WEIGHT_ADJUSTMENT | 200
DIST-02739 | 2.749 | -0.276 | 2.5971 | ENTROPY_DRIFT_DIVERGENCE_HAZARD | TRIGGER_DYNAMIC_LOSS_WEIGHT_RESCALE | 422
DIST-02740 | 2.000 | 1.723 | 0.2067 | COMPRESSION_STABLE_ALIGNED | COMMIT_STUDENT_WEIGHT_ADJUSTMENT | 200
DIST-02741 | 2.434 | 0.873 | 1.2034 | COMPRESSION_STABLE_ALIGNED | COMMIT_STUDENT_WEIGHT_ADJUSTMENT | 200
DIST-02742 | 4.405 | 1.157 | 3.1186 | ENTROPY_DRIFT_DIVERGENCE_HAZARD | TRIGGER_DYNAMIC_LOSS_WEIGHT_RESCALE | 422
DIST-02743 | 5.821 | 5.016 | 0.6009 | COMPRESSION_STABLE_ALIGNED | COMMIT_STUDENT_WEIGHT_ADJUSTMENT | 200
DIST-02744 | 2.317 | 1.176 | 0.8552 | COMPRESSION_STABLE_ALIGNED | COMMIT_STUDENT_WEIGHT_ADJUSTMENT | 200
DIST-02745 | 5.944 | 5.343 | 0.3832 | COMPRESSION_STABLE_ALIGNED | COMMIT_STUDENT_WEIGHT_ADJUSTMENT | 200
DIST-02746 | 5.394 | 2.464 | 2.7249 | ENTROPY_DRIFT_DIVERGENCE_HAZARD | TRIGGER_DYNAMIC_LOSS_WEIGHT_RESCALE | 422
DIST-02747 | 4.067 | 0.789 | 3.1128 | ENTROPY_DRIFT_DIVERGENCE_HAZARD | TRIGGER_DYNAMIC_LOSS_WEIGHT_RESCALE | 422
DIST-02748 | 5.476 | 5.774 | 0.0 | COMPRESSION_STABLE_ALIGNED | COMMIT_STUDENT_WEIGHT_ADJUSTMENT | 200
DIST-02749 | 7.551 | 5.522 | 1.4146 | ENTROPY_DRIFT_DIVERGENCE_HAZARD | TRIGGER_DYNAMIC_LOSS_WEIGHT_RESCALE | 422
DIST-02750 | 3.754 | 1.282 | 2.1993 | ENTROPY_DRIFT_DIVERGENCE_HAZARD | TRIGGER_DYNAMIC_LOSS_WEIGHT_RESCALE | 422
DIST-02751 | 4.566 | 2.020 | 2.3656 | ENTROPY_DRIFT_DIVERGENCE_HAZARD | TRIGGER_DYNAMIC_LOSS_WEIGHT_RESCALE | 422
DIST-02752 | 3.103 | 1.582 | 1.2636 | ENTROPY_DRIFT_DIVERGENCE_HAZARD | TRIGGER_DYNAMIC_LOSS_WEIGHT_RESCALE | 422
DIST-02753 | 3.779 | 4.272 | 0.0 | COMPRESSION_STABLE_ALIGNED | COMMIT_STUDENT_WEIGHT_ADJUSTMENT | 200
DIST-02754 | 4.270 | 2.656 | 1.3737 | ENTROPY_DRIFT_DIVERGENCE_HAZARD | TRIGGER_DYNAMIC_LOSS_WEIGHT_RESCALE | 422
DIST-02755 | 1.572 | 0.158 | 0.9643 | COMPRESSION_STABLE_ALIGNED | COMMIT_STUDENT_WEIGHT_ADJUSTMENT | 200
DIST-02756 | 4.897 | 4.686 | 0.1489 | COMPRESSION_STABLE_ALIGNED | COMMIT_STUDENT_WEIGHT_ADJUSTMENT | 200
DIST-02757 | 5.153 | 4.329 | 0.6485 | COMPRESSION_STABLE_ALIGNED | COMMIT_STUDENT_WEIGHT_ADJUSTMENT | 200
DIST-02758 | 3.148 | 0.665 | 2.1146 | ENTROPY_DRIFT_DIVERGENCE_HAZARD | TRIGGER_DYNAMIC_LOSS_WEIGHT_RESCALE | 422
DIST-02759 | 3.169 | 1.767 | 1.1095 | COMPRESSION_STABLE_ALIGNED | COMMIT_STUDENT_WEIGHT_ADJUSTMENT | 200
DIST-02760 | 7.137 | 5.362 | 1.2814 | ENTROPY_DRIFT_DIVERGENCE_HAZARD | TRIGGER_DYNAMIC_LOSS_WEIGHT_RESCALE | 422
DIST-02761 | 5.926 | 4.997 | 0.7077 | COMPRESSION_STABLE_ALIGNED | COMMIT_STUDENT_WEIGHT_ADJUSTMENT | 200
DIST-02762 | 2.334 | 0.022 | 1.7981 | ENTROPY_DRIFT_DIVERGENCE_HAZARD | TRIGGER_DYNAMIC_LOSS_WEIGHT_RESCALE | 422
DIST-02763 | 6.529 | 5.110 | 1.0704 | COMPRESSION_STABLE_ALIGNED | COMMIT_STUDENT_WEIGHT_ADJUSTMENT | 200
DIST-02764 | 8.098 | 5.491 | 1.7651 | ENTROPY_DRIFT_DIVERGENCE_HAZARD | TRIGGER_DYNAMIC_LOSS_WEIGHT_RESCALE | 422
DIST-02765 | 5.876 | 4.937 | 0.7115 | COMPRESSION_STABLE_ALIGNED | COMMIT_STUDENT_WEIGHT_ADJUSTMENT | 200
DIST-02766 | 4.487 | 4.300 | 0.1582 | COMPRESSION_STABLE_ALIGNED | COMMIT_STUDENT_WEIGHT_ADJUSTMENT | 200
DIST-02767 | 4.846 | 1.610 | 3.1121 | ENTROPY_DRIFT_DIVERGENCE_HAZARD | TRIGGER_DYNAMIC_LOSS_WEIGHT_RESCALE | 422
DIST-02768 | 8.082 | 5.938 | 1.3924 | ENTROPY_DRIFT_DIVERGENCE_HAZARD | TRIGGER_DYNAMIC_LOSS_WEIGHT_RESCALE | 422
DIST-02769 | 4.352 | 2.414 | 1.6852 | ENTROPY_DRIFT_DIVERGENCE_HAZARD | TRIGGER_DYNAMIC_LOSS_WEIGHT_RESCALE | 422
DIST-02770 | 2.852 | 3.260 | 0.0 | COMPRESSION_STABLE_ALIGNED | COMMIT_STUDENT_WEIGHT_ADJUSTMENT | 200
DIST-02771 | 3.699 | 4.182 | 0.0 | COMPRESSION_STABLE_ALIGNED | COMMIT_STUDENT_WEIGHT_ADJUSTMENT | 200
DIST-02772 | 7.278 | 6.405 | 0.5342 | COMPRESSION_STABLE_ALIGNED | COMMIT_STUDENT_WEIGHT_ADJUSTMENT | 200
DIST-02773 | 3.630 | 2.884 | 0.5864 | COMPRESSION_STABLE_ALIGNED | COMMIT_STUDENT_WEIGHT_ADJUSTMENT | 200
DIST-02774 | 7.405 | 5.361 | 1.4208 | ENTROPY_DRIFT_DIVERGENCE_HAZARD | TRIGGER_DYNAMIC_LOSS_WEIGHT_RESCALE | 422
DIST-02775 | 7.222 | 3.724 | 2.9842 | ENTROPY_DRIFT_DIVERGENCE_HAZARD | TRIGGER_DYNAMIC_LOSS_WEIGHT_RESCALE | 422
DIST-02776 | 7.694 | 5.136 | 1.8438 | ENTROPY_DRIFT_DIVERGENCE_HAZARD | TRIGGER_DYNAMIC_LOSS_WEIGHT_RESCALE | 422
DIST-02777 | 4.783 | 4.767 | 0.007 | COMPRESSION_STABLE_ALIGNED | COMMIT_STUDENT_WEIGHT_ADJUSTMENT | 200
DIST-02778 | 6.866 | 5.663 | 0.8303 | COMPRESSION_STABLE_ALIGNED | COMMIT_STUDENT_WEIGHT_ADJUSTMENT | 200
DIST-02779 | 8.095 | 6.428 | 1.0077 | COMPRESSION_STABLE_ALIGNED | COMMIT_STUDENT_WEIGHT_ADJUSTMENT | 200
DIST-02780 | 8.182 | 7.111 | 0.5999 | COMPRESSION_STABLE_ALIGNED | COMMIT_STUDENT_WEIGHT_ADJUSTMENT | 200
DIST-02781 | 5.087 | 2.067 | 2.8721 | ENTROPY_DRIFT_DIVERGENCE_HAZARD | TRIGGER_DYNAMIC_LOSS_WEIGHT_RESCALE | 422
DIST-02782 | 5.843 | 4.923 | 0.6805 | COMPRESSION_STABLE_ALIGNED | COMMIT_STUDENT_WEIGHT_ADJUSTMENT | 200
DIST-02783 | 7.225 | 5.896 | 0.8659 | COMPRESSION_STABLE_ALIGNED | COMMIT_STUDENT_WEIGHT_ADJUSTMENT | 200
DIST-02784 | 2.506 | 2.777 | 0.0 | COMPRESSION_STABLE_ALIGNED | COMMIT_STUDENT_WEIGHT_ADJUSTMENT | 200
DIST-02785 | 6.708 | 3.429 | 2.8877 | ENTROPY_DRIFT_DIVERGENCE_HAZARD | TRIGGER_DYNAMIC_LOSS_WEIGHT_RESCALE | 422
DIST-02786 | 5.810 | 4.657 | 0.8849 | COMPRESSION_STABLE_ALIGNED | COMMIT_STUDENT_WEIGHT_ADJUSTMENT | 200
DIST-02787 | 7.662 | 5.445 | 1.5306 | ENTROPY_DRIFT_DIVERGENCE_HAZARD | TRIGGER_DYNAMIC_LOSS_WEIGHT_RESCALE | 422
DIST-02788 | 7.564 | 5.403 | 1.4937 | ENTROPY_DRIFT_DIVERGENCE_HAZARD | TRIGGER_DYNAMIC_LOSS_WEIGHT_RESCALE | 422
DIST-02789 | 5.215 | 2.127 | 2.9185 | ENTROPY_DRIFT_DIVERGENCE_HAZARD | TRIGGER_DYNAMIC_LOSS_WEIGHT_RESCALE | 422
DIST-02790 | 6.894 | 6.584 | 0.1962 | COMPRESSION_STABLE_ALIGNED | COMMIT_STUDENT_WEIGHT_ADJUSTMENT | 200
DIST-02791 | 8.234 | 6.663 | 0.9275 | COMPRESSION_STABLE_ALIGNED | COMMIT_STUDENT_WEIGHT_ADJUSTMENT | 200
DIST-02792 | 7.674 | 7.382 | 0.1484 | COMPRESSION_STABLE_ALIGNED | COMMIT_STUDENT_WEIGHT_ADJUSTMENT | 200
DIST-02793 | 8.041 | 6.042 | 1.2669 | ENTROPY_DRIFT_DIVERGENCE_HAZARD | TRIGGER_DYNAMIC_LOSS_WEIGHT_RESCALE | 422
DIST-02794 | 6.081 | 6.406 | 0.0 | COMPRESSION_STABLE_ALIGNED | COMMIT_STUDENT_WEIGHT_ADJUSTMENT | 200
DIST-02795 | 6.161 | 3.684 | 2.1232 | ENTROPY_DRIFT_DIVERGENCE_HAZARD | TRIGGER_DYNAMIC_LOSS_WEIGHT_RESCALE | 422
DIST-02796 | 6.089 | 3.486 | 2.2536 | ENTROPY_DRIFT_DIVERGENCE_HAZARD | TRIGGER_DYNAMIC_LOSS_WEIGHT_RESCALE | 422
DIST-02797 | 5.605 | 5.406 | 0.1531 | COMPRESSION_STABLE_ALIGNED | COMMIT_STUDENT_WEIGHT_ADJUSTMENT | 200
DIST-02798 | 6.549 | 6.649 | 0.0 | COMPRESSION_STABLE_ALIGNED | COMMIT_STUDENT_WEIGHT_ADJUSTMENT | 200
DIST-02799 | 4.009 | 4.487 | 0.0 | COMPRESSION_STABLE_ALIGNED | COMMIT_STUDENT_WEIGHT_ADJUSTMENT | 200
DIST-02800 | 5.951 | 2.997 | 2.6924 | ENTROPY_DRIFT_DIVERGENCE_HAZARD | TRIGGER_DYNAMIC_LOSS_WEIGHT_RESCALE | 422
DIST-02801 | 8.005 | 6.166 | 1.1601 | COMPRESSION_STABLE_ALIGNED | COMMIT_STUDENT_WEIGHT_ADJUSTMENT | 200
DIST-02802 | 4.853 | 5.003 | 0.0 | COMPRESSION_STABLE_ALIGNED | COMMIT_STUDENT_WEIGHT_ADJUSTMENT | 200
DIST-02803 | 3.023 | 1.501 | 1.2324 | COMPRESSION_STABLE_ALIGNED | COMMIT_STUDENT_WEIGHT_ADJUSTMENT | 200
DIST-02804 | 5.695 | 4.469 | 0.9438 | COMPRESSION_STABLE_ALIGNED | COMMIT_STUDENT_WEIGHT_ADJUSTMENT | 200
DIST-02805 | 6.112 | 3.532 | 2.2407 | ENTROPY_DRIFT_DIVERGENCE_HAZARD | TRIGGER_DYNAMIC_LOSS_WEIGHT_RESCALE | 422
DIST-02806 | 1.518 | 1.546 | 0.0 | COMPRESSION_STABLE_ALIGNED | COMMIT_STUDENT_WEIGHT_ADJUSTMENT | 200
DIST-02807 | 6.584 | 5.577 | 0.707 | COMPRESSION_STABLE_ALIGNED | COMMIT_STUDENT_WEIGHT_ADJUSTMENT | 200
DIST-02808 | 8.136 | 7.716 | 0.1974 | COMPRESSION_STABLE_ALIGNED | COMMIT_STUDENT_WEIGHT_ADJUSTMENT | 200
DIST-02809 | 1.785 | -1.203 | 2.2529 | ENTROPY_DRIFT_DIVERGENCE_HAZARD | TRIGGER_DYNAMIC_LOSS_WEIGHT_RESCALE | 422
DIST-02810 | 5.766 | 5.952 | 0.0 | COMPRESSION_STABLE_ALIGNED | COMMIT_STUDENT_WEIGHT_ADJUSTMENT | 200
DIST-02811 | 4.305 | 1.452 | 2.6549 | ENTROPY_DRIFT_DIVERGENCE_HAZARD | TRIGGER_DYNAMIC_LOSS_WEIGHT_RESCALE | 422
DIST-02812 | 6.693 | 6.122 | 0.364 | COMPRESSION_STABLE_ALIGNED | COMMIT_STUDENT_WEIGHT_ADJUSTMENT | 200
DIST-02813 | 7.132 | 7.576 | 0.0 | COMPRESSION_STABLE_ALIGNED | COMMIT_STUDENT_WEIGHT_ADJUSTMENT | 200
DIST-02814 | 3.547 | 0.757 | 2.4974 | ENTROPY_DRIFT_DIVERGENCE_HAZARD | TRIGGER_DYNAMIC_LOSS_WEIGHT_RESCALE | 422
DIST-02815 | 7.810 | 6.835 | 0.605 | COMPRESSION_STABLE_ALIGNED | COMMIT_STUDENT_WEIGHT_ADJUSTMENT | 200
DIST-02816 | 3.128 | 2.347 | 0.6217 | COMPRESSION_STABLE_ALIGNED | COMMIT_STUDENT_WEIGHT_ADJUSTMENT | 200
DIST-02817 | 4.478 | 3.113 | 1.1521 | COMPRESSION_STABLE_ALIGNED | COMMIT_STUDENT_WEIGHT_ADJUSTMENT | 200
DIST-02818 | 6.017 | 3.284 | 2.4332 | ENTROPY_DRIFT_DIVERGENCE_HAZARD | TRIGGER_DYNAMIC_LOSS_WEIGHT_RESCALE | 422
DIST-02819 | 2.270 | 2.442 | 0.0 | COMPRESSION_STABLE_ALIGNED | COMMIT_STUDENT_WEIGHT_ADJUSTMENT | 200
DIST-02820 | 4.670 | 2.107 | 2.3111 | ENTROPY_DRIFT_DIVERGENCE_HAZARD | TRIGGER_DYNAMIC_LOSS_WEIGHT_RESCALE | 422
DIST-02821 | 2.346 | 0.021 | 1.8223 | ENTROPY_DRIFT_DIVERGENCE_HAZARD | TRIGGER_DYNAMIC_LOSS_WEIGHT_RESCALE | 422
DIST-02822 | 2.577 | 3.025 | 0.0 | COMPRESSION_STABLE_ALIGNED | COMMIT_STUDENT_WEIGHT_ADJUSTMENT | 200
DIST-02823 | 4.922 | 5.045 | 0.0 | COMPRESSION_STABLE_ALIGNED | COMMIT_STUDENT_WEIGHT_ADJUSTMENT | 200
DIST-02824 | 5.028 | 5.502 | 0.0 | COMPRESSION_STABLE_ALIGNED | COMMIT_STUDENT_WEIGHT_ADJUSTMENT | 200
DIST-02825 | 7.417 | 6.699 | 0.432 | COMPRESSION_STABLE_ALIGNED | COMMIT_STUDENT_WEIGHT_ADJUSTMENT | 200
DIST-02826 | 6.503 | 4.018 | 2.1017 | ENTROPY_DRIFT_DIVERGENCE_HAZARD | TRIGGER_DYNAMIC_LOSS_WEIGHT_RESCALE | 422
DIST-02827 | 1.924 | 0.361 | 1.1521 | COMPRESSION_STABLE_ALIGNED | COMMIT_STUDENT_WEIGHT_ADJUSTMENT | 200
DIST-02828 | 4.770 | 2.368 | 2.1742 | ENTROPY_DRIFT_DIVERGENCE_HAZARD | TRIGGER_DYNAMIC_LOSS_WEIGHT_RESCALE | 422
DIST-02829 | 4.506 | 2.116 | 2.1812 | ENTROPY_DRIFT_DIVERGENCE_HAZARD | TRIGGER_DYNAMIC_LOSS_WEIGHT_RESCALE | 422
DIST-02830 | 6.148 | 5.598 | 0.3793 | COMPRESSION_STABLE_ALIGNED | COMMIT_STUDENT_WEIGHT_ADJUSTMENT | 200
DIST-02831 | 7.011 | 6.027 | 0.6179 | COMPRESSION_STABLE_ALIGNED | COMMIT_STUDENT_WEIGHT_ADJUSTMENT | 200
DIST-02832 | 4.185 | 1.400 | 2.5546 | ENTROPY_DRIFT_DIVERGENCE_HAZARD | TRIGGER_DYNAMIC_LOSS_WEIGHT_RESCALE | 422
DIST-02833 | 3.526 | 2.309 | 1.0215 | COMPRESSION_STABLE_ALIGNED | COMMIT_STUDENT_WEIGHT_ADJUSTMENT | 200
DIST-02834 | 5.423 | 5.567 | 0.0 | COMPRESSION_STABLE_ALIGNED | COMMIT_STUDENT_WEIGHT_ADJUSTMENT | 200
DIST-02835 | 7.254 | 6.937 | 0.1822 | COMPRESSION_STABLE_ALIGNED | COMMIT_STUDENT_WEIGHT_ADJUSTMENT | 200
DIST-02836 | 2.399 | -0.591 | 2.4261 | ENTROPY_DRIFT_DIVERGENCE_HAZARD | TRIGGER_DYNAMIC_LOSS_WEIGHT_RESCALE | 422
DIST-02837 | 5.449 | 2.016 | 3.3615 | ENTROPY_DRIFT_DIVERGENCE_HAZARD | TRIGGER_DYNAMIC_LOSS_WEIGHT_RESCALE | 422
DIST-02838 | 7.103 | 5.621 | 1.061 | COMPRESSION_STABLE_ALIGNED | COMMIT_STUDENT_WEIGHT_ADJUSTMENT | 200
DIST-02839 | 5.832 | 3.614 | 1.944 | ENTROPY_DRIFT_DIVERGENCE_HAZARD | TRIGGER_DYNAMIC_LOSS_WEIGHT_RESCALE | 422
DIST-02840 | 2.683 | 2.396 | 0.2056 | COMPRESSION_STABLE_ALIGNED | COMMIT_STUDENT_WEIGHT_ADJUSTMENT | 200
DIST-02841 | 3.375 | 0.098 | 2.9851 | ENTROPY_DRIFT_DIVERGENCE_HAZARD | TRIGGER_DYNAMIC_LOSS_WEIGHT_RESCALE | 422
DIST-02842 | 2.957 | 2.962 | 0.0 | COMPRESSION_STABLE_ALIGNED | COMMIT_STUDENT_WEIGHT_ADJUSTMENT | 200
DIST-02843 | 4.882 | 3.652 | 1.0392 | COMPRESSION_STABLE_ALIGNED | COMMIT_STUDENT_WEIGHT_ADJUSTMENT | 200
DIST-02844 | 6.799 | 6.888 | 0.0 | COMPRESSION_STABLE_ALIGNED | COMMIT_STUDENT_WEIGHT_ADJUSTMENT | 200
DIST-02845 | 7.931 | 8.214 | 0.0 | COMPRESSION_STABLE_ALIGNED | COMMIT_STUDENT_WEIGHT_ADJUSTMENT | 200
DIST-02846 | 7.770 | 6.922 | 0.4675 | COMPRESSION_STABLE_ALIGNED | COMMIT_STUDENT_WEIGHT_ADJUSTMENT | 200
DIST-02847 | 7.098 | 6.360 | 0.4573 | COMPRESSION_STABLE_ALIGNED | COMMIT_STUDENT_WEIGHT_ADJUSTMENT | 200
DIST-02848 | 6.427 | 3.301 | 2.7737 | ENTROPY_DRIFT_DIVERGENCE_HAZARD | TRIGGER_DYNAMIC_LOSS_WEIGHT_RESCALE | 422
DIST-02849 | 6.294 | 3.811 | 2.0946 | ENTROPY_DRIFT_DIVERGENCE_HAZARD | TRIGGER_DYNAMIC_LOSS_WEIGHT_RESCALE | 422
DIST-02850 | 5.906 | 4.500 | 1.0961 | COMPRESSION_STABLE_ALIGNED | COMMIT_STUDENT_WEIGHT_ADJUSTMENT | 200
DIST-02851 | 3.759 | 2.279 | 1.2257 | COMPRESSION_STABLE_ALIGNED | COMMIT_STUDENT_WEIGHT_ADJUSTMENT | 200
DIST-02852 | 3.435 | 3.368 | 0.0673 | COMPRESSION_STABLE_ALIGNED | COMMIT_STUDENT_WEIGHT_ADJUSTMENT | 200
DIST-02853 | 4.715 | 4.441 | 0.1861 | COMPRESSION_STABLE_ALIGNED | COMMIT_STUDENT_WEIGHT_ADJUSTMENT | 200
DIST-02854 | 3.316 | 0.345 | 2.6532 | ENTROPY_DRIFT_DIVERGENCE_HAZARD | TRIGGER_DYNAMIC_LOSS_WEIGHT_RESCALE | 422
DIST-02855 | 3.500 | 2.746 | 0.6176 | COMPRESSION_STABLE_ALIGNED | COMMIT_STUDENT_WEIGHT_ADJUSTMENT | 200
DIST-02856 | 4.958 | 1.707 | 3.119 | ENTROPY_DRIFT_DIVERGENCE_HAZARD | TRIGGER_DYNAMIC_LOSS_WEIGHT_RESCALE | 422
DIST-02857 | 3.229 | 3.323 | 0.0 | COMPRESSION_STABLE_ALIGNED | COMMIT_STUDENT_WEIGHT_ADJUSTMENT | 200
DIST-02858 | 5.718 | 2.346 | 3.2118 | ENTROPY_DRIFT_DIVERGENCE_HAZARD | TRIGGER_DYNAMIC_LOSS_WEIGHT_RESCALE | 422
DIST-02859 | 3.975 | 3.587 | 0.3247 | COMPRESSION_STABLE_ALIGNED | COMMIT_STUDENT_WEIGHT_ADJUSTMENT | 200
DIST-02860 | 5.745 | 5.067 | 0.5067 | COMPRESSION_STABLE_ALIGNED | COMMIT_STUDENT_WEIGHT_ADJUSTMENT | 200
DIST-02861 | 3.520 | 3.571 | 0.0 | COMPRESSION_STABLE_ALIGNED | COMMIT_STUDENT_WEIGHT_ADJUSTMENT | 200
DIST-02862 | 8.351 | 6.796 | 0.8949 | COMPRESSION_STABLE_ALIGNED | COMMIT_STUDENT_WEIGHT_ADJUSTMENT | 200
DIST-02863 | 3.415 | 1.529 | 1.5709 | ENTROPY_DRIFT_DIVERGENCE_HAZARD | TRIGGER_DYNAMIC_LOSS_WEIGHT_RESCALE | 422
DIST-02864 | 4.254 | 1.713 | 2.3288 | ENTROPY_DRIFT_DIVERGENCE_HAZARD | TRIGGER_DYNAMIC_LOSS_WEIGHT_RESCALE | 422
DIST-02865 | 3.566 | 3.553 | 0.0174 | COMPRESSION_STABLE_ALIGNED | COMMIT_STUDENT_WEIGHT_ADJUSTMENT | 200
DIST-02866 | 7.721 | 4.335 | 2.68 | ENTROPY_DRIFT_DIVERGENCE_HAZARD | TRIGGER_DYNAMIC_LOSS_WEIGHT_RESCALE | 422
DIST-02867 | 4.143 | 3.259 | 0.6965 | COMPRESSION_STABLE_ALIGNED | COMMIT_STUDENT_WEIGHT_ADJUSTMENT | 200
DIST-02868 | 5.486 | 3.240 | 1.951 | ENTROPY_DRIFT_DIVERGENCE_HAZARD | TRIGGER_DYNAMIC_LOSS_WEIGHT_RESCALE | 422
DIST-02869 | 4.174 | 3.185 | 0.8139 | COMPRESSION_STABLE_ALIGNED | COMMIT_STUDENT_WEIGHT_ADJUSTMENT | 200
DIST-02870 | 2.762 | 0.410 | 1.9605 | ENTROPY_DRIFT_DIVERGENCE_HAZARD | TRIGGER_DYNAMIC_LOSS_WEIGHT_RESCALE | 422
DIST-02871 | 4.364 | 1.252 | 2.9379 | ENTROPY_DRIFT_DIVERGENCE_HAZARD | TRIGGER_DYNAMIC_LOSS_WEIGHT_RESCALE | 422
DIST-02872 | 2.578 | 1.397 | 0.9083 | COMPRESSION_STABLE_ALIGNED | COMMIT_STUDENT_WEIGHT_ADJUSTMENT | 200
DIST-02873 | 5.070 | 2.985 | 1.7898 | ENTROPY_DRIFT_DIVERGENCE_HAZARD | TRIGGER_DYNAMIC_LOSS_WEIGHT_RESCALE | 422
DIST-02874 | 5.579 | 5.155 | 0.2983 | COMPRESSION_STABLE_ALIGNED | COMMIT_STUDENT_WEIGHT_ADJUSTMENT | 200
DIST-02875 | 5.436 | 4.850 | 0.4404 | COMPRESSION_STABLE_ALIGNED | COMMIT_STUDENT_WEIGHT_ADJUSTMENT | 200
DIST-02876 | 7.522 | 5.128 | 1.7239 | ENTROPY_DRIFT_DIVERGENCE_HAZARD | TRIGGER_DYNAMIC_LOSS_WEIGHT_RESCALE | 422
DIST-02877 | 1.831 | 0.848 | 0.6631 | COMPRESSION_STABLE_ALIGNED | COMMIT_STUDENT_WEIGHT_ADJUSTMENT | 200
DIST-02878 | 5.791 | 6.024 | 0.0 | COMPRESSION_STABLE_ALIGNED | COMMIT_STUDENT_WEIGHT_ADJUSTMENT | 200
DIST-02879 | 3.966 | 1.853 | 1.8618 | ENTROPY_DRIFT_DIVERGENCE_HAZARD | TRIGGER_DYNAMIC_LOSS_WEIGHT_RESCALE | 422
DIST-02880 | 5.091 | 2.285 | 2.6065 | ENTROPY_DRIFT_DIVERGENCE_HAZARD | TRIGGER_DYNAMIC_LOSS_WEIGHT_RESCALE | 422
DIST-02881 | 3.847 | 3.516 | 0.2097 | COMPRESSION_STABLE_ALIGNED | COMMIT_STUDENT_WEIGHT_ADJUSTMENT | 200
DIST-02882 | 1.979 | -0.942 | 2.1995 | ENTROPY_DRIFT_DIVERGENCE_HAZARD | TRIGGER_DYNAMIC_LOSS_WEIGHT_RESCALE | 422
DIST-02883 | 8.240 | 7.931 | 0.1399 | COMPRESSION_STABLE_ALIGNED | COMMIT_STUDENT_WEIGHT_ADJUSTMENT | 200
DIST-02884 | 6.750 | 4.261 | 2.0291 | ENTROPY_DRIFT_DIVERGENCE_HAZARD | TRIGGER_DYNAMIC_LOSS_WEIGHT_RESCALE | 422
DIST-02885 | 6.701 | 4.922 | 1.2907 | ENTROPY_DRIFT_DIVERGENCE_HAZARD | TRIGGER_DYNAMIC_LOSS_WEIGHT_RESCALE | 422
DIST-02886 | 1.937 | -0.609 | 1.9058 | ENTROPY_DRIFT_DIVERGENCE_HAZARD | TRIGGER_DYNAMIC_LOSS_WEIGHT_RESCALE | 422
DIST-02887 | 3.302 | 2.812 | 0.3653 | COMPRESSION_STABLE_ALIGNED | COMMIT_STUDENT_WEIGHT_ADJUSTMENT | 200
DIST-02888 | 6.329 | 4.487 | 1.4871 | ENTROPY_DRIFT_DIVERGENCE_HAZARD | TRIGGER_DYNAMIC_LOSS_WEIGHT_RESCALE | 422
DIST-02889 | 6.499 | 5.866 | 0.4241 | COMPRESSION_STABLE_ALIGNED | COMMIT_STUDENT_WEIGHT_ADJUSTMENT | 200
DIST-02890 | 5.673 | 4.569 | 0.8665 | COMPRESSION_STABLE_ALIGNED | COMMIT_STUDENT_WEIGHT_ADJUSTMENT | 200
DIST-02891 | 5.488 | 2.673 | 2.5928 | ENTROPY_DRIFT_DIVERGENCE_HAZARD | TRIGGER_DYNAMIC_LOSS_WEIGHT_RESCALE | 422
DIST-02892 | 7.782 | 6.253 | 0.9176 | COMPRESSION_STABLE_ALIGNED | COMMIT_STUDENT_WEIGHT_ADJUSTMENT | 200
DIST-02893 | 7.457 | 7.489 | 0.0 | COMPRESSION_STABLE_ALIGNED | COMMIT_STUDENT_WEIGHT_ADJUSTMENT | 200
DIST-02894 | 4.050 | 2.307 | 1.5014 | ENTROPY_DRIFT_DIVERGENCE_HAZARD | TRIGGER_DYNAMIC_LOSS_WEIGHT_RESCALE | 422
DIST-02895 | 6.369 | 4.700 | 1.3041 | ENTROPY_DRIFT_DIVERGENCE_HAZARD | TRIGGER_DYNAMIC_LOSS_WEIGHT_RESCALE | 422
DIST-02896 | 4.888 | 2.599 | 2.1309 | ENTROPY_DRIFT_DIVERGENCE_HAZARD | TRIGGER_DYNAMIC_LOSS_WEIGHT_RESCALE | 422
DIST-02897 | 5.130 | 3.381 | 1.4486 | ENTROPY_DRIFT_DIVERGENCE_HAZARD | TRIGGER_DYNAMIC_LOSS_WEIGHT_RESCALE | 422
DIST-02898 | 4.695 | 2.014 | 2.5132 | ENTROPY_DRIFT_DIVERGENCE_HAZARD | TRIGGER_DYNAMIC_LOSS_WEIGHT_RESCALE | 422
DIST-02899 | 5.697 | 4.112 | 1.285 | ENTROPY_DRIFT_DIVERGENCE_HAZARD | TRIGGER_DYNAMIC_LOSS_WEIGHT_RESCALE | 422
DIST-02900 | 3.142 | 0.173 | 2.6135 | ENTROPY_DRIFT_DIVERGENCE_HAZARD | TRIGGER_DYNAMIC_LOSS_WEIGHT_RESCALE | 422
DIST-02901 | 6.124 | 3.593 | 2.1865 | ENTROPY_DRIFT_DIVERGENCE_HAZARD | TRIGGER_DYNAMIC_LOSS_WEIGHT_RESCALE | 422
DIST-02902 | 7.627 | 5.021 | 1.9057 | ENTROPY_DRIFT_DIVERGENCE_HAZARD | TRIGGER_DYNAMIC_LOSS_WEIGHT_RESCALE | 422
DIST-02903 | 4.644 | 4.044 | 0.4586 | COMPRESSION_STABLE_ALIGNED | COMMIT_STUDENT_WEIGHT_ADJUSTMENT | 200
DIST-02904 | 3.540 | 0.078 | 3.2236 | ENTROPY_DRIFT_DIVERGENCE_HAZARD | TRIGGER_DYNAMIC_LOSS_WEIGHT_RESCALE | 422
DIST-02905 | 2.817 | 2.226 | 0.4132 | COMPRESSION_STABLE_ALIGNED | COMMIT_STUDENT_WEIGHT_ADJUSTMENT | 200
DIST-02906 | 7.146 | 3.765 | 2.8982 | ENTROPY_DRIFT_DIVERGENCE_HAZARD | TRIGGER_DYNAMIC_LOSS_WEIGHT_RESCALE | 422
DIST-02907 | 1.861 | -1.329 | 2.4218 | ENTROPY_DRIFT_DIVERGENCE_HAZARD | TRIGGER_DYNAMIC_LOSS_WEIGHT_RESCALE | 422
DIST-02908 | 4.471 | 2.313 | 1.8973 | ENTROPY_DRIFT_DIVERGENCE_HAZARD | TRIGGER_DYNAMIC_LOSS_WEIGHT_RESCALE | 422
DIST-02909 | 8.441 | 7.842 | 0.2849 | COMPRESSION_STABLE_ALIGNED | COMMIT_STUDENT_WEIGHT_ADJUSTMENT | 200
DIST-02910 | 6.744 | 3.631 | 2.722 | ENTROPY_DRIFT_DIVERGENCE_HAZARD | TRIGGER_DYNAMIC_LOSS_WEIGHT_RESCALE | 422
DIST-02911 | 3.523 | 3.327 | 0.1372 | COMPRESSION_STABLE_ALIGNED | COMMIT_STUDENT_WEIGHT_ADJUSTMENT | 200
DIST-02912 | 3.258 | 2.737 | 0.406 | COMPRESSION_STABLE_ALIGNED | COMMIT_STUDENT_WEIGHT_ADJUSTMENT | 200
DIST-02913 | 6.842 | 3.903 | 2.4609 | ENTROPY_DRIFT_DIVERGENCE_HAZARD | TRIGGER_DYNAMIC_LOSS_WEIGHT_RESCALE | 422
DIST-02914 | 7.156 | 4.240 | 2.3787 | ENTROPY_DRIFT_DIVERGENCE_HAZARD | TRIGGER_DYNAMIC_LOSS_WEIGHT_RESCALE | 422
DIST-02915 | 2.110 | 1.144 | 0.7066 | COMPRESSION_STABLE_ALIGNED | COMMIT_STUDENT_WEIGHT_ADJUSTMENT | 200
DIST-02916 | 5.710 | 5.457 | 0.2163 | COMPRESSION_STABLE_ALIGNED | COMMIT_STUDENT_WEIGHT_ADJUSTMENT | 200
DIST-02917 | 5.388 | 3.393 | 1.7144 | ENTROPY_DRIFT_DIVERGENCE_HAZARD | TRIGGER_DYNAMIC_LOSS_WEIGHT_RESCALE | 422
DIST-02918 | 5.301 | 2.479 | 2.6279 | ENTROPY_DRIFT_DIVERGENCE_HAZARD | TRIGGER_DYNAMIC_LOSS_WEIGHT_RESCALE | 422
DIST-02919 | 4.979 | 2.054 | 2.7512 | ENTROPY_DRIFT_DIVERGENCE_HAZARD | TRIGGER_DYNAMIC_LOSS_WEIGHT_RESCALE | 422
DIST-02920 | 4.224 | 1.159 | 2.9128 | ENTROPY_DRIFT_DIVERGENCE_HAZARD | TRIGGER_DYNAMIC_LOSS_WEIGHT_RESCALE | 422
DIST-02921 | 4.557 | 2.718 | 1.5831 | ENTROPY_DRIFT_DIVERGENCE_HAZARD | TRIGGER_DYNAMIC_LOSS_WEIGHT_RESCALE | 422
DIST-02922 | 6.764 | 5.019 | 1.32 | ENTROPY_DRIFT_DIVERGENCE_HAZARD | TRIGGER_DYNAMIC_LOSS_WEIGHT_RESCALE | 422
DIST-02923 | 8.049 | 5.920 | 1.3745 | ENTROPY_DRIFT_DIVERGENCE_HAZARD | TRIGGER_DYNAMIC_LOSS_WEIGHT_RESCALE | 422
DIST-02924 | 5.836 | 4.043 | 1.474 | ENTROPY_DRIFT_DIVERGENCE_HAZARD | TRIGGER_DYNAMIC_LOSS_WEIGHT_RESCALE | 422
DIST-02925 | 4.091 | 3.035 | 0.8645 | COMPRESSION_STABLE_ALIGNED | COMMIT_STUDENT_WEIGHT_ADJUSTMENT | 200
DIST-02926 | 3.249 | 1.598 | 1.3663 | ENTROPY_DRIFT_DIVERGENCE_HAZARD | TRIGGER_DYNAMIC_LOSS_WEIGHT_RESCALE | 422
DIST-02927 | 8.300 | 5.018 | 2.3512 | ENTROPY_DRIFT_DIVERGENCE_HAZARD | TRIGGER_DYNAMIC_LOSS_WEIGHT_RESCALE | 422
DIST-02928 | 3.062 | 2.754 | 0.2351 | COMPRESSION_STABLE_ALIGNED | COMMIT_STUDENT_WEIGHT_ADJUSTMENT | 200
DIST-02929 | 3.839 | 1.255 | 2.3594 | ENTROPY_DRIFT_DIVERGENCE_HAZARD | TRIGGER_DYNAMIC_LOSS_WEIGHT_RESCALE | 422
DIST-02930 | 7.063 | 6.531 | 0.351 | COMPRESSION_STABLE_ALIGNED | COMMIT_STUDENT_WEIGHT_ADJUSTMENT | 200
DIST-02931 | 6.043 | 6.058 | 0.0074 | COMPRESSION_STABLE_ALIGNED | COMMIT_STUDENT_WEIGHT_ADJUSTMENT | 200
DIST-02932 | 6.029 | 6.132 | 0.0 | COMPRESSION_STABLE_ALIGNED | COMMIT_STUDENT_WEIGHT_ADJUSTMENT | 200
DIST-02933 | 2.058 | 1.797 | 0.1619 | COMPRESSION_STABLE_ALIGNED | COMMIT_STUDENT_WEIGHT_ADJUSTMENT | 200
DIST-02934 | 1.657 | 0.416 | 0.8701 | COMPRESSION_STABLE_ALIGNED | COMMIT_STUDENT_WEIGHT_ADJUSTMENT | 200
DIST-02935 | 5.350 | 5.244 | 0.094 | COMPRESSION_STABLE_ALIGNED | COMMIT_STUDENT_WEIGHT_ADJUSTMENT | 200
DIST-02936 | 5.657 | 3.563 | 1.8235 | ENTROPY_DRIFT_DIVERGENCE_HAZARD | TRIGGER_DYNAMIC_LOSS_WEIGHT_RESCALE | 422
DIST-02937 | 3.968 | 3.446 | 0.3961 | COMPRESSION_STABLE_ALIGNED | COMMIT_STUDENT_WEIGHT_ADJUSTMENT | 200
DIST-02938 | 8.261 | 8.737 | 0.0 | COMPRESSION_STABLE_ALIGNED | COMMIT_STUDENT_WEIGHT_ADJUSTMENT | 200
DIST-02939 | 1.838 | -1.173 | 2.2386 | ENTROPY_DRIFT_DIVERGENCE_HAZARD | TRIGGER_DYNAMIC_LOSS_WEIGHT_RESCALE | 422
DIST-02940 | 2.523 | -0.135 | 2.1564 | ENTROPY_DRIFT_DIVERGENCE_HAZARD | TRIGGER_DYNAMIC_LOSS_WEIGHT_RESCALE | 422
DIST-02941 | 5.654 | 2.386 | 3.1205 | ENTROPY_DRIFT_DIVERGENCE_HAZARD | TRIGGER_DYNAMIC_LOSS_WEIGHT_RESCALE | 422
DIST-02942 | 7.276 | 7.206 | 0.0303 | COMPRESSION_STABLE_ALIGNED | COMMIT_STUDENT_WEIGHT_ADJUSTMENT | 200
DIST-02943 | 2.871 | -0.612 | 3.0652 | ENTROPY_DRIFT_DIVERGENCE_HAZARD | TRIGGER_DYNAMIC_LOSS_WEIGHT_RESCALE | 422
DIST-02944 | 5.537 | 4.205 | 1.0661 | COMPRESSION_STABLE_ALIGNED | COMMIT_STUDENT_WEIGHT_ADJUSTMENT | 200
DIST-02945 | 7.383 | 5.018 | 1.7563 | ENTROPY_DRIFT_DIVERGENCE_HAZARD | TRIGGER_DYNAMIC_LOSS_WEIGHT_RESCALE | 422
DIST-02946 | 2.715 | -0.688 | 2.8994 | ENTROPY_DRIFT_DIVERGENCE_HAZARD | TRIGGER_DYNAMIC_LOSS_WEIGHT_RESCALE | 422
DIST-02947 | 3.197 | 0.798 | 2.0587 | ENTROPY_DRIFT_DIVERGENCE_HAZARD | TRIGGER_DYNAMIC_LOSS_WEIGHT_RESCALE | 422
DIST-02948 | 2.593 | 0.618 | 1.5092 | ENTROPY_DRIFT_DIVERGENCE_HAZARD | TRIGGER_DYNAMIC_LOSS_WEIGHT_RESCALE | 422
DIST-02949 | 2.911 | -0.497 | 2.9853 | ENTROPY_DRIFT_DIVERGENCE_HAZARD | TRIGGER_DYNAMIC_LOSS_WEIGHT_RESCALE | 422
DIST-02950 | 5.566 | 3.059 | 2.2062 | ENTROPY_DRIFT_DIVERGENCE_HAZARD | TRIGGER_DYNAMIC_LOSS_WEIGHT_RESCALE | 422
DIST-02951 | 7.626 | 7.477 | 0.1044 | COMPRESSION_STABLE_ALIGNED | COMMIT_STUDENT_WEIGHT_ADJUSTMENT | 200
DIST-02952 | 4.637 | 4.217 | 0.3393 | COMPRESSION_STABLE_ALIGNED | COMMIT_STUDENT_WEIGHT_ADJUSTMENT | 200
DIST-02953 | 8.055 | 7.810 | 0.1337 | COMPRESSION_STABLE_ALIGNED | COMMIT_STUDENT_WEIGHT_ADJUSTMENT | 200
DIST-02954 | 6.937 | 5.858 | 0.7613 | COMPRESSION_STABLE_ALIGNED | COMMIT_STUDENT_WEIGHT_ADJUSTMENT | 200
DIST-02955 | 8.432 | 6.073 | 1.4508 | ENTROPY_DRIFT_DIVERGENCE_HAZARD | TRIGGER_DYNAMIC_LOSS_WEIGHT_RESCALE | 422
DIST-02956 | 3.925 | 2.197 | 1.5116 | ENTROPY_DRIFT_DIVERGENCE_HAZARD | TRIGGER_DYNAMIC_LOSS_WEIGHT_RESCALE | 422
DIST-02957 | 6.693 | 5.668 | 0.7316 | COMPRESSION_STABLE_ALIGNED | COMMIT_STUDENT_WEIGHT_ADJUSTMENT | 200
DIST-02958 | 3.637 | 2.279 | 1.116 | COMPRESSION_STABLE_ALIGNED | COMMIT_STUDENT_WEIGHT_ADJUSTMENT | 200
DIST-02959 | 6.936 | 6.667 | 0.188 | COMPRESSION_STABLE_ALIGNED | COMMIT_STUDENT_WEIGHT_ADJUSTMENT | 200
DIST-02960 | 8.060 | 7.645 | 0.1924 | COMPRESSION_STABLE_ALIGNED | COMMIT_STUDENT_WEIGHT_ADJUSTMENT | 200
DIST-02961 | 5.158 | 5.071 | 0.0467 | COMPRESSION_STABLE_ALIGNED | COMMIT_STUDENT_WEIGHT_ADJUSTMENT | 200
DIST-02962 | 2.806 | 1.963 | 0.6293 | COMPRESSION_STABLE_ALIGNED | COMMIT_STUDENT_WEIGHT_ADJUSTMENT | 200
DIST-02963 | 7.714 | 4.796 | 2.1851 | ENTROPY_DRIFT_DIVERGENCE_HAZARD | TRIGGER_DYNAMIC_LOSS_WEIGHT_RESCALE | 422
DIST-02964 | 8.233 | 5.524 | 1.8082 | ENTROPY_DRIFT_DIVERGENCE_HAZARD | TRIGGER_DYNAMIC_LOSS_WEIGHT_RESCALE | 422
DIST-02965 | 2.390 | 2.739 | 0.0 | COMPRESSION_STABLE_ALIGNED | COMMIT_STUDENT_WEIGHT_ADJUSTMENT | 200
DIST-02966 | 6.447 | 6.633 | 0.0 | COMPRESSION_STABLE_ALIGNED | COMMIT_STUDENT_WEIGHT_ADJUSTMENT | 200
DIST-02967 | 8.129 | 8.111 | 0.0156 | COMPRESSION_STABLE_ALIGNED | COMMIT_STUDENT_WEIGHT_ADJUSTMENT | 200
DIST-02968 | 2.641 | 1.949 | 0.5035 | COMPRESSION_STABLE_ALIGNED | COMMIT_STUDENT_WEIGHT_ADJUSTMENT | 200
DIST-02969 | 7.535 | 5.364 | 1.4991 | ENTROPY_DRIFT_DIVERGENCE_HAZARD | TRIGGER_DYNAMIC_LOSS_WEIGHT_RESCALE | 422
DIST-02970 | 4.723 | 2.048 | 2.4783 | ENTROPY_DRIFT_DIVERGENCE_HAZARD | TRIGGER_DYNAMIC_LOSS_WEIGHT_RESCALE | 422
DIST-02971 | 7.594 | 4.909 | 1.9621 | ENTROPY_DRIFT_DIVERGENCE_HAZARD | TRIGGER_DYNAMIC_LOSS_WEIGHT_RESCALE | 422
DIST-02972 | 8.252 | 7.990 | 0.1265 | COMPRESSION_STABLE_ALIGNED | COMMIT_STUDENT_WEIGHT_ADJUSTMENT | 200
DIST-02973 | 2.068 | -0.338 | 1.8052 | ENTROPY_DRIFT_DIVERGENCE_HAZARD | TRIGGER_DYNAMIC_LOSS_WEIGHT_RESCALE | 422
DIST-02974 | 7.606 | 7.924 | 0.0 | COMPRESSION_STABLE_ALIGNED | COMMIT_STUDENT_WEIGHT_ADJUSTMENT | 200
DIST-02975 | 3.226 | 0.637 | 2.2643 | ENTROPY_DRIFT_DIVERGENCE_HAZARD | TRIGGER_DYNAMIC_LOSS_WEIGHT_RESCALE | 422
DIST-02976 | 2.677 | 2.421 | 0.188 | COMPRESSION_STABLE_ALIGNED | COMMIT_STUDENT_WEIGHT_ADJUSTMENT | 200
DIST-02977 | 2.721 | 2.395 | 0.2637 | COMPRESSION_STABLE_ALIGNED | COMMIT_STUDENT_WEIGHT_ADJUSTMENT | 200
DIST-02978 | 3.255 | 3.005 | 0.1704 | COMPRESSION_STABLE_ALIGNED | COMMIT_STUDENT_WEIGHT_ADJUSTMENT | 200
DIST-02979 | 5.416 | 5.824 | 0.0 | COMPRESSION_STABLE_ALIGNED | COMMIT_STUDENT_WEIGHT_ADJUSTMENT | 200
DIST-02980 | 6.175 | 3.049 | 2.8493 | ENTROPY_DRIFT_DIVERGENCE_HAZARD | TRIGGER_DYNAMIC_LOSS_WEIGHT_RESCALE | 422
DIST-02981 | 6.102 | 4.075 | 1.6763 | ENTROPY_DRIFT_DIVERGENCE_HAZARD | TRIGGER_DYNAMIC_LOSS_WEIGHT_RESCALE | 422
DIST-02982 | 2.101 | 2.020 | 0.0807 | COMPRESSION_STABLE_ALIGNED | COMMIT_STUDENT_WEIGHT_ADJUSTMENT | 200
DIST-02983 | 4.387 | 1.930 | 2.2457 | ENTROPY_DRIFT_DIVERGENCE_HAZARD | TRIGGER_DYNAMIC_LOSS_WEIGHT_RESCALE | 422
DIST-02984 | 7.728 | 8.047 | 0.0 | COMPRESSION_STABLE_ALIGNED | COMMIT_STUDENT_WEIGHT_ADJUSTMENT | 200
DIST-02985 | 8.218 | 7.608 | 0.2806 | COMPRESSION_STABLE_ALIGNED | COMMIT_STUDENT_WEIGHT_ADJUSTMENT | 200
DIST-02986 | 1.736 | -0.987 | 1.9846 | ENTROPY_DRIFT_DIVERGENCE_HAZARD | TRIGGER_DYNAMIC_LOSS_WEIGHT_RESCALE | 422
DIST-02987 | 2.403 | -0.078 | 1.9738 | ENTROPY_DRIFT_DIVERGENCE_HAZARD | TRIGGER_DYNAMIC_LOSS_WEIGHT_RESCALE | 422
DIST-02988 | 5.884 | 5.235 | 0.4754 | COMPRESSION_STABLE_ALIGNED | COMMIT_STUDENT_WEIGHT_ADJUSTMENT | 200
DIST-02989 | 6.498 | 3.934 | 2.1286 | ENTROPY_DRIFT_DIVERGENCE_HAZARD | TRIGGER_DYNAMIC_LOSS_WEIGHT_RESCALE | 422
DIST-02990 | 7.318 | 5.615 | 1.2245 | COMPRESSION_STABLE_ALIGNED | COMMIT_STUDENT_WEIGHT_ADJUSTMENT | 200
DIST-02991 | 1.554 | -1.630 | 2.342 | ENTROPY_DRIFT_DIVERGENCE_HAZARD | TRIGGER_DYNAMIC_LOSS_WEIGHT_RESCALE | 422
DIST-02992 | 3.289 | 0.728 | 2.2419 | ENTROPY_DRIFT_DIVERGENCE_HAZARD | TRIGGER_DYNAMIC_LOSS_WEIGHT_RESCALE | 422
DIST-02993 | 2.484 | -0.579 | 2.5272 | ENTROPY_DRIFT_DIVERGENCE_HAZARD | TRIGGER_DYNAMIC_LOSS_WEIGHT_RESCALE | 422
DIST-02994 | 6.216 | 4.947 | 0.9534 | COMPRESSION_STABLE_ALIGNED | COMMIT_STUDENT_WEIGHT_ADJUSTMENT | 200
DIST-02995 | 4.610 | 3.796 | 0.6306 | COMPRESSION_STABLE_ALIGNED | COMMIT_STUDENT_WEIGHT_ADJUSTMENT | 200
DIST-02996 | 2.401 | 0.089 | 1.8294 | ENTROPY_DRIFT_DIVERGENCE_HAZARD | TRIGGER_DYNAMIC_LOSS_WEIGHT_RESCALE | 422
DIST-02997 | 2.591 | -0.372 | 2.4685 | ENTROPY_DRIFT_DIVERGENCE_HAZARD | TRIGGER_DYNAMIC_LOSS_WEIGHT_RESCALE | 422
DIST-02998 | 2.908 | -0.261 | 2.7244 | ENTROPY_DRIFT_DIVERGENCE_HAZARD | TRIGGER_DYNAMIC_LOSS_WEIGHT_RESCALE | 422
DIST-02999 | 4.786 | 5.097 | 0.0 | COMPRESSION_STABLE_ALIGNED | COMMIT_STUDENT_WEIGHT_ADJUSTMENT | 200
DIST-03000 | 5.602 | 2.226 | 3.234 | ENTROPY_DRIFT_DIVERGENCE_HAZARD | TRIGGER_DYNAMIC_LOSS_WEIGHT_RESCALE | 422
DIST-03001 | 5.678 | 3.585 | 1.7519 | ENTROPY_DRIFT_DIVERGENCE_HAZARD | TRIGGER_DYNAMIC_LOSS_WEIGHT_RESCALE | 422
DIST-03002 | 6.589 | 5.227 | 0.9796 | COMPRESSION_STABLE_ALIGNED | COMMIT_STUDENT_WEIGHT_ADJUSTMENT | 200
DIST-03003 | 5.941 | 2.918 | 2.7596 | ENTROPY_DRIFT_DIVERGENCE_HAZARD | TRIGGER_DYNAMIC_LOSS_WEIGHT_RESCALE | 422
DIST-03004 | 3.681 | 2.206 | 1.2664 | ENTROPY_DRIFT_DIVERGENCE_HAZARD | TRIGGER_DYNAMIC_LOSS_WEIGHT_RESCALE | 422
DIST-03005 | 2.883 | 3.237 | 0.0 | COMPRESSION_STABLE_ALIGNED | COMMIT_STUDENT_WEIGHT_ADJUSTMENT | 200
DIST-03006 | 7.815 | 6.890 | 0.5084 | COMPRESSION_STABLE_ALIGNED | COMMIT_STUDENT_WEIGHT_ADJUSTMENT | 200
DIST-03007 | 5.695 | 5.950 | 0.0 | COMPRESSION_STABLE_ALIGNED | COMMIT_STUDENT_WEIGHT_ADJUSTMENT | 200
DIST-03008 | 6.075 | 6.382 | 0.0 | COMPRESSION_STABLE_ALIGNED | COMMIT_STUDENT_WEIGHT_ADJUSTMENT | 200
DIST-03009 | 5.562 | 3.487 | 1.8056 | ENTROPY_DRIFT_DIVERGENCE_HAZARD | TRIGGER_DYNAMIC_LOSS_WEIGHT_RESCALE | 422
DIST-03010 | 2.103 | -0.342 | 1.8651 | ENTROPY_DRIFT_DIVERGENCE_HAZARD | TRIGGER_DYNAMIC_LOSS_WEIGHT_RESCALE | 422
DIST-03011 | 3.140 | -0.316 | 3.1037 | ENTROPY_DRIFT_DIVERGENCE_HAZARD | TRIGGER_DYNAMIC_LOSS_WEIGHT_RESCALE | 422
DIST-03012 | 8.373 | 8.458 | 0.0 | COMPRESSION_STABLE_ALIGNED | COMMIT_STUDENT_WEIGHT_ADJUSTMENT | 200
DIST-03013 | 2.417 | 2.530 | 0.0 | COMPRESSION_STABLE_ALIGNED | COMMIT_STUDENT_WEIGHT_ADJUSTMENT | 200
DIST-03014 | 6.031 | 3.280 | 2.4155 | ENTROPY_DRIFT_DIVERGENCE_HAZARD | TRIGGER_DYNAMIC_LOSS_WEIGHT_RESCALE | 422
DIST-03015 | 1.869 | -0.226 | 1.5222 | ENTROPY_DRIFT_DIVERGENCE_HAZARD | TRIGGER_DYNAMIC_LOSS_WEIGHT_RESCALE | 422
DIST-03016 | 1.679 | 1.845 | 0.0 | COMPRESSION_STABLE_ALIGNED | COMMIT_STUDENT_WEIGHT_ADJUSTMENT | 200
DIST-03017 | 5.899 | 6.283 | 0.0 | COMPRESSION_STABLE_ALIGNED | COMMIT_STUDENT_WEIGHT_ADJUSTMENT | 200
DIST-03018 | 6.852 | 5.560 | 0.8508 | COMPRESSION_STABLE_ALIGNED | COMMIT_STUDENT_WEIGHT_ADJUSTMENT | 200
DIST-03019 | 3.299 | 2.131 | 0.928 | COMPRESSION_STABLE_ALIGNED | COMMIT_STUDENT_WEIGHT_ADJUSTMENT | 200
DIST-03020 | 4.022 | 4.341 | 0.0 | COMPRESSION_STABLE_ALIGNED | COMMIT_STUDENT_WEIGHT_ADJUSTMENT | 200
DIST-03021 | 4.035 | 2.563 | 1.263 | ENTROPY_DRIFT_DIVERGENCE_HAZARD | TRIGGER_DYNAMIC_LOSS_WEIGHT_RESCALE | 422
DIST-03022 | 4.889 | 3.541 | 1.1091 | COMPRESSION_STABLE_ALIGNED | COMMIT_STUDENT_WEIGHT_ADJUSTMENT | 200
DIST-03023 | 5.891 | 5.377 | 0.3615 | COMPRESSION_STABLE_ALIGNED | COMMIT_STUDENT_WEIGHT_ADJUSTMENT | 200
DIST-03024 | 6.090 | 5.812 | 0.2136 | COMPRESSION_STABLE_ALIGNED | COMMIT_STUDENT_WEIGHT_ADJUSTMENT | 200
DIST-03025 | 2.267 | 0.536 | 1.2742 | ENTROPY_DRIFT_DIVERGENCE_HAZARD | TRIGGER_DYNAMIC_LOSS_WEIGHT_RESCALE | 422
DIST-03026 | 4.370 | 4.606 | 0.0 | COMPRESSION_STABLE_ALIGNED | COMMIT_STUDENT_WEIGHT_ADJUSTMENT | 200
DIST-03027 | 1.702 | 0.968 | 0.4987 | COMPRESSION_STABLE_ALIGNED | COMMIT_STUDENT_WEIGHT_ADJUSTMENT | 200
DIST-03028 | 7.045 | 6.477 | 0.3658 | COMPRESSION_STABLE_ALIGNED | COMMIT_STUDENT_WEIGHT_ADJUSTMENT | 200
DIST-03029 | 5.919 | 4.677 | 0.95 | COMPRESSION_STABLE_ALIGNED | COMMIT_STUDENT_WEIGHT_ADJUSTMENT | 200
DIST-03030 | 8.232 | 6.743 | 0.8596 | COMPRESSION_STABLE_ALIGNED | COMMIT_STUDENT_WEIGHT_ADJUSTMENT | 200
DIST-03031 | 3.041 | 1.015 | 1.631 | ENTROPY_DRIFT_DIVERGENCE_HAZARD | TRIGGER_DYNAMIC_LOSS_WEIGHT_RESCALE | 422
DIST-03032 | 2.247 | 2.118 | 0.0767 | COMPRESSION_STABLE_ALIGNED | COMMIT_STUDENT_WEIGHT_ADJUSTMENT | 200
DIST-03033 | 7.504 | 4.344 | 2.5263 | ENTROPY_DRIFT_DIVERGENCE_HAZARD | TRIGGER_DYNAMIC_LOSS_WEIGHT_RESCALE | 422
DIST-03034 | 5.298 | 4.979 | 0.216 | COMPRESSION_STABLE_ALIGNED | COMMIT_STUDENT_WEIGHT_ADJUSTMENT | 200
DIST-03035 | 3.194 | 3.406 | 0.0 | COMPRESSION_STABLE_ALIGNED | COMMIT_STUDENT_WEIGHT_ADJUSTMENT | 200
DIST-03036 | 3.844 | 4.033 | 0.0 | COMPRESSION_STABLE_ALIGNED | COMMIT_STUDENT_WEIGHT_ADJUSTMENT | 200
DIST-03037 | 7.713 | 7.552 | 0.0791 | COMPRESSION_STABLE_ALIGNED | COMMIT_STUDENT_WEIGHT_ADJUSTMENT | 200
DIST-03038 | 3.208 | 1.419 | 1.486 | ENTROPY_DRIFT_DIVERGENCE_HAZARD | TRIGGER_DYNAMIC_LOSS_WEIGHT_RESCALE | 422
DIST-03039 | 1.608 | 1.566 | 0.0077 | COMPRESSION_STABLE_ALIGNED | COMMIT_STUDENT_WEIGHT_ADJUSTMENT | 200
DIST-03040 | 6.495 | 3.192 | 2.9777 | ENTROPY_DRIFT_DIVERGENCE_HAZARD | TRIGGER_DYNAMIC_LOSS_WEIGHT_RESCALE | 422
DIST-03041 | 4.201 | 3.234 | 0.7973 | COMPRESSION_STABLE_ALIGNED | COMMIT_STUDENT_WEIGHT_ADJUSTMENT | 200
DIST-03042 | 3.911 | 2.250 | 1.4157 | ENTROPY_DRIFT_DIVERGENCE_HAZARD | TRIGGER_DYNAMIC_LOSS_WEIGHT_RESCALE | 422
DIST-03043 | 7.177 | 6.992 | 0.097 | COMPRESSION_STABLE_ALIGNED | COMMIT_STUDENT_WEIGHT_ADJUSTMENT | 200
DIST-03044 | 2.813 | -0.656 | 3.0242 | ENTROPY_DRIFT_DIVERGENCE_HAZARD | TRIGGER_DYNAMIC_LOSS_WEIGHT_RESCALE | 422
DIST-03045 | 4.420 | 3.153 | 1.0673 | COMPRESSION_STABLE_ALIGNED | COMMIT_STUDENT_WEIGHT_ADJUSTMENT | 200
DIST-03046 | 3.505 | 3.696 | 0.0 | COMPRESSION_STABLE_ALIGNED | COMMIT_STUDENT_WEIGHT_ADJUSTMENT | 200
DIST-03047 | 6.110 | 5.902 | 0.1648 | COMPRESSION_STABLE_ALIGNED | COMMIT_STUDENT_WEIGHT_ADJUSTMENT | 200
DIST-03048 | 5.476 | 5.050 | 0.3075 | COMPRESSION_STABLE_ALIGNED | COMMIT_STUDENT_WEIGHT_ADJUSTMENT | 200
DIST-03049 | 5.947 | 4.200 | 1.427 | ENTROPY_DRIFT_DIVERGENCE_HAZARD | TRIGGER_DYNAMIC_LOSS_WEIGHT_RESCALE | 422
DIST-03050 | 2.746 | 2.123 | 0.4901 | COMPRESSION_STABLE_ALIGNED | COMMIT_STUDENT_WEIGHT_ADJUSTMENT | 200
DIST-03051 | 3.620 | 0.199 | 3.1623 | ENTROPY_DRIFT_DIVERGENCE_HAZARD | TRIGGER_DYNAMIC_LOSS_WEIGHT_RESCALE | 422
DIST-03052 | 3.487 | 2.821 | 0.5073 | COMPRESSION_STABLE_ALIGNED | COMMIT_STUDENT_WEIGHT_ADJUSTMENT | 200
DIST-03053 | 6.450 | 4.929 | 1.1444 | COMPRESSION_STABLE_ALIGNED | COMMIT_STUDENT_WEIGHT_ADJUSTMENT | 200
DIST-03054 | 5.834 | 3.245 | 2.2793 | ENTROPY_DRIFT_DIVERGENCE_HAZARD | TRIGGER_DYNAMIC_LOSS_WEIGHT_RESCALE | 422
DIST-03055 | 2.523 | 0.348 | 1.7661 | ENTROPY_DRIFT_DIVERGENCE_HAZARD | TRIGGER_DYNAMIC_LOSS_WEIGHT_RESCALE | 422
DIST-03056 | 2.558 | 0.643 | 1.4939 | ENTROPY_DRIFT_DIVERGENCE_HAZARD | TRIGGER_DYNAMIC_LOSS_WEIGHT_RESCALE | 422
DIST-03057 | 4.728 | 2.085 | 2.4269 | ENTROPY_DRIFT_DIVERGENCE_HAZARD | TRIGGER_DYNAMIC_LOSS_WEIGHT_RESCALE | 422
DIST-03058 | 8.151 | 6.322 | 1.1235 | COMPRESSION_STABLE_ALIGNED | COMMIT_STUDENT_WEIGHT_ADJUSTMENT | 200
DIST-03059 | 7.167 | 5.185 | 1.4214 | ENTROPY_DRIFT_DIVERGENCE_HAZARD | TRIGGER_DYNAMIC_LOSS_WEIGHT_RESCALE | 422
DIST-03060 | 2.939 | 1.749 | 0.9264 | COMPRESSION_STABLE_ALIGNED | COMMIT_STUDENT_WEIGHT_ADJUSTMENT | 200
DIST-03061 | 5.137 | 4.834 | 0.2316 | COMPRESSION_STABLE_ALIGNED | COMMIT_STUDENT_WEIGHT_ADJUSTMENT | 200
DIST-03062 | 7.881 | 5.322 | 1.7911 | ENTROPY_DRIFT_DIVERGENCE_HAZARD | TRIGGER_DYNAMIC_LOSS_WEIGHT_RESCALE | 422
DIST-03063 | 2.124 | 1.235 | 0.6334 | COMPRESSION_STABLE_ALIGNED | COMMIT_STUDENT_WEIGHT_ADJUSTMENT | 200
DIST-03064 | 4.218 | 4.483 | 0.0 | COMPRESSION_STABLE_ALIGNED | COMMIT_STUDENT_WEIGHT_ADJUSTMENT | 200
DIST-03065 | 2.882 | 1.918 | 0.7129 | COMPRESSION_STABLE_ALIGNED | COMMIT_STUDENT_WEIGHT_ADJUSTMENT | 200
DIST-03066 | 4.162 | 2.664 | 1.2722 | ENTROPY_DRIFT_DIVERGENCE_HAZARD | TRIGGER_DYNAMIC_LOSS_WEIGHT_RESCALE | 422
DIST-03067 | 1.584 | 0.210 | 0.9731 | COMPRESSION_STABLE_ALIGNED | COMMIT_STUDENT_WEIGHT_ADJUSTMENT | 200
DIST-03068 | 3.197 | 3.108 | 0.0661 | COMPRESSION_STABLE_ALIGNED | COMMIT_STUDENT_WEIGHT_ADJUSTMENT | 200
DIST-03069 | 6.784 | 5.593 | 0.8387 | COMPRESSION_STABLE_ALIGNED | COMMIT_STUDENT_WEIGHT_ADJUSTMENT | 200
DIST-03070 | 1.762 | 0.264 | 1.0681 | COMPRESSION_STABLE_ALIGNED | COMMIT_STUDENT_WEIGHT_ADJUSTMENT | 200
DIST-03071 | 3.698 | 0.322 | 3.131 | ENTROPY_DRIFT_DIVERGENCE_HAZARD | TRIGGER_DYNAMIC_LOSS_WEIGHT_RESCALE | 422
DIST-03072 | 3.275 | 0.955 | 2.0253 | ENTROPY_DRIFT_DIVERGENCE_HAZARD | TRIGGER_DYNAMIC_LOSS_WEIGHT_RESCALE | 422
DIST-03073 | 6.634 | 3.216 | 3.0864 | ENTROPY_DRIFT_DIVERGENCE_HAZARD | TRIGGER_DYNAMIC_LOSS_WEIGHT_RESCALE | 422
DIST-03074 | 3.781 | 0.995 | 2.5657 | ENTROPY_DRIFT_DIVERGENCE_HAZARD | TRIGGER_DYNAMIC_LOSS_WEIGHT_RESCALE | 422
DIST-03075 | 6.790 | 5.567 | 0.8451 | COMPRESSION_STABLE_ALIGNED | COMMIT_STUDENT_WEIGHT_ADJUSTMENT | 200
DIST-03076 | 7.844 | 7.654 | 0.1358 | COMPRESSION_STABLE_ALIGNED | COMMIT_STUDENT_WEIGHT_ADJUSTMENT | 200
DIST-03077 | 6.855 | 4.684 | 1.6986 | ENTROPY_DRIFT_DIVERGENCE_HAZARD | TRIGGER_DYNAMIC_LOSS_WEIGHT_RESCALE | 422
DIST-03078 | 8.335 | 7.068 | 0.7068 | COMPRESSION_STABLE_ALIGNED | COMMIT_STUDENT_WEIGHT_ADJUSTMENT | 200
DIST-03079 | 7.681 | 6.598 | 0.6589 | COMPRESSION_STABLE_ALIGNED | COMMIT_STUDENT_WEIGHT_ADJUSTMENT | 200
DIST-03080 | 4.025 | 4.166 | 0.0 | COMPRESSION_STABLE_ALIGNED | COMMIT_STUDENT_WEIGHT_ADJUSTMENT | 200
DIST-03081 | 6.966 | 5.271 | 1.2526 | ENTROPY_DRIFT_DIVERGENCE_HAZARD | TRIGGER_DYNAMIC_LOSS_WEIGHT_RESCALE | 422
DIST-03082 | 2.969 | 0.642 | 1.9528 | ENTROPY_DRIFT_DIVERGENCE_HAZARD | TRIGGER_DYNAMIC_LOSS_WEIGHT_RESCALE | 422
DIST-03083 | 1.721 | -0.309 | 1.4131 | ENTROPY_DRIFT_DIVERGENCE_HAZARD | TRIGGER_DYNAMIC_LOSS_WEIGHT_RESCALE | 422
DIST-03084 | 4.663 | 2.437 | 1.9686 | ENTROPY_DRIFT_DIVERGENCE_HAZARD | TRIGGER_DYNAMIC_LOSS_WEIGHT_RESCALE | 422
DIST-03085 | 5.660 | 3.858 | 1.498 | ENTROPY_DRIFT_DIVERGENCE_HAZARD | TRIGGER_DYNAMIC_LOSS_WEIGHT_RESCALE | 422
DIST-03086 | 8.147 | 7.351 | 0.4318 | COMPRESSION_STABLE_ALIGNED | COMMIT_STUDENT_WEIGHT_ADJUSTMENT | 200
DIST-03087 | 2.852 | 1.599 | 0.9796 | COMPRESSION_STABLE_ALIGNED | COMMIT_STUDENT_WEIGHT_ADJUSTMENT | 200
DIST-03088 | 7.147 | 6.451 | 0.4613 | COMPRESSION_STABLE_ALIGNED | COMMIT_STUDENT_WEIGHT_ADJUSTMENT | 200
DIST-03089 | 2.863 | -0.339 | 2.7299 | ENTROPY_DRIFT_DIVERGENCE_HAZARD | TRIGGER_DYNAMIC_LOSS_WEIGHT_RESCALE | 422
DIST-03090 | 5.686 | 2.830 | 2.6161 | ENTROPY_DRIFT_DIVERGENCE_HAZARD | TRIGGER_DYNAMIC_LOSS_WEIGHT_RESCALE | 422
DIST-03091 | 1.683 | -1.605 | 2.4091 | ENTROPY_DRIFT_DIVERGENCE_HAZARD | TRIGGER_DYNAMIC_LOSS_WEIGHT_RESCALE | 422
DIST-03092 | 7.031 | 6.893 | 0.0975 | COMPRESSION_STABLE_ALIGNED | COMMIT_STUDENT_WEIGHT_ADJUSTMENT | 200
DIST-03093 | 8.471 | 5.934 | 1.6049 | ENTROPY_DRIFT_DIVERGENCE_HAZARD | TRIGGER_DYNAMIC_LOSS_WEIGHT_RESCALE | 422
DIST-03094 | 8.111 | 4.949 | 2.3133 | ENTROPY_DRIFT_DIVERGENCE_HAZARD | TRIGGER_DYNAMIC_LOSS_WEIGHT_RESCALE | 422
DIST-03095 | 5.870 | 4.648 | 0.9301 | COMPRESSION_STABLE_ALIGNED | COMMIT_STUDENT_WEIGHT_ADJUSTMENT | 200
DIST-03096 | 7.633 | 4.636 | 2.3276 | ENTROPY_DRIFT_DIVERGENCE_HAZARD | TRIGGER_DYNAMIC_LOSS_WEIGHT_RESCALE | 422
DIST-03097 | 4.375 | 2.666 | 1.49 | ENTROPY_DRIFT_DIVERGENCE_HAZARD | TRIGGER_DYNAMIC_LOSS_WEIGHT_RESCALE | 422
DIST-03098 | 3.167 | -0.052 | 2.8798 | ENTROPY_DRIFT_DIVERGENCE_HAZARD | TRIGGER_DYNAMIC_LOSS_WEIGHT_RESCALE | 422
DIST-03099 | 3.874 | 0.519 | 3.1627 | ENTROPY_DRIFT_DIVERGENCE_HAZARD | TRIGGER_DYNAMIC_LOSS_WEIGHT_RESCALE | 422
DIST-03100 | 2.316 | 1.464 | 0.6321 | COMPRESSION_STABLE_ALIGNED | COMMIT_STUDENT_WEIGHT_ADJUSTMENT | 200
DIST-03101 | 5.352 | 2.133 | 3.0588 | ENTROPY_DRIFT_DIVERGENCE_HAZARD | TRIGGER_DYNAMIC_LOSS_WEIGHT_RESCALE | 422
DIST-03102 | 6.772 | 5.027 | 1.3204 | ENTROPY_DRIFT_DIVERGENCE_HAZARD | TRIGGER_DYNAMIC_LOSS_WEIGHT_RESCALE | 422
DIST-03103 | 2.722 | 0.016 | 2.2889 | ENTROPY_DRIFT_DIVERGENCE_HAZARD | TRIGGER_DYNAMIC_LOSS_WEIGHT_RESCALE | 422
DIST-03104 | 5.502 | 4.081 | 1.1755 | COMPRESSION_STABLE_ALIGNED | COMMIT_STUDENT_WEIGHT_ADJUSTMENT | 200
DIST-03105 | 8.127 | 5.056 | 2.1926 | ENTROPY_DRIFT_DIVERGENCE_HAZARD | TRIGGER_DYNAMIC_LOSS_WEIGHT_RESCALE | 422
DIST-03106 | 6.975 | 4.188 | 2.2832 | ENTROPY_DRIFT_DIVERGENCE_HAZARD | TRIGGER_DYNAMIC_LOSS_WEIGHT_RESCALE | 422
DIST-03107 | 5.876 | 2.730 | 2.8972 | ENTROPY_DRIFT_DIVERGENCE_HAZARD | TRIGGER_DYNAMIC_LOSS_WEIGHT_RESCALE | 422
DIST-03108 | 3.924 | 3.294 | 0.5081 | COMPRESSION_STABLE_ALIGNED | COMMIT_STUDENT_WEIGHT_ADJUSTMENT | 200
DIST-03109 | 5.021 | 4.712 | 0.2411 | COMPRESSION_STABLE_ALIGNED | COMMIT_STUDENT_WEIGHT_ADJUSTMENT | 200
DIST-03110 | 7.126 | 4.509 | 2.0239 | ENTROPY_DRIFT_DIVERGENCE_HAZARD | TRIGGER_DYNAMIC_LOSS_WEIGHT_RESCALE | 422
DIST-03111 | 5.574 | 3.738 | 1.5204 | ENTROPY_DRIFT_DIVERGENCE_HAZARD | TRIGGER_DYNAMIC_LOSS_WEIGHT_RESCALE | 422
DIST-03112 | 5.091 | 4.533 | 0.4214 | COMPRESSION_STABLE_ALIGNED | COMMIT_STUDENT_WEIGHT_ADJUSTMENT | 200
DIST-03113 | 6.981 | 4.082 | 2.3886 | ENTROPY_DRIFT_DIVERGENCE_HAZARD | TRIGGER_DYNAMIC_LOSS_WEIGHT_RESCALE | 422
DIST-03114 | 5.000 | 5.499 | 0.0 | COMPRESSION_STABLE_ALIGNED | COMMIT_STUDENT_WEIGHT_ADJUSTMENT | 200
DIST-03115 | 5.661 | 4.811 | 0.6528 | COMPRESSION_STABLE_ALIGNED | COMMIT_STUDENT_WEIGHT_ADJUSTMENT | 200
DIST-03116 | 2.726 | 0.468 | 1.8477 | ENTROPY_DRIFT_DIVERGENCE_HAZARD | TRIGGER_DYNAMIC_LOSS_WEIGHT_RESCALE | 422
DIST-03117 | 3.644 | 2.011 | 1.3695 | ENTROPY_DRIFT_DIVERGENCE_HAZARD | TRIGGER_DYNAMIC_LOSS_WEIGHT_RESCALE | 422
DIST-03118 | 6.711 | 5.212 | 1.0824 | COMPRESSION_STABLE_ALIGNED | COMMIT_STUDENT_WEIGHT_ADJUSTMENT | 200
DIST-03119 | 6.215 | 4.010 | 1.8523 | ENTROPY_DRIFT_DIVERGENCE_HAZARD | TRIGGER_DYNAMIC_LOSS_WEIGHT_RESCALE | 422
DIST-03120 | 8.005 | 5.655 | 1.6093 | ENTROPY_DRIFT_DIVERGENCE_HAZARD | TRIGGER_DYNAMIC_LOSS_WEIGHT_RESCALE | 422
DIST-03121 | 2.073 | 1.350 | 0.5 | COMPRESSION_STABLE_ALIGNED | COMMIT_STUDENT_WEIGHT_ADJUSTMENT | 200
DIST-03122 | 6.455 | 4.871 | 1.1931 | COMPRESSION_STABLE_ALIGNED | COMMIT_STUDENT_WEIGHT_ADJUSTMENT | 200
DIST-03123 | 5.306 | 4.063 | 1.0136 | COMPRESSION_STABLE_ALIGNED | COMMIT_STUDENT_WEIGHT_ADJUSTMENT | 200
DIST-03124 | 5.825 | 3.436 | 2.0731 | ENTROPY_DRIFT_DIVERGENCE_HAZARD | TRIGGER_DYNAMIC_LOSS_WEIGHT_RESCALE | 422
DIST-03125 | 5.297 | 3.111 | 1.9194 | ENTROPY_DRIFT_DIVERGENCE_HAZARD | TRIGGER_DYNAMIC_LOSS_WEIGHT_RESCALE | 422
DIST-03126 | 3.929 | 2.116 | 1.5732 | ENTROPY_DRIFT_DIVERGENCE_HAZARD | TRIGGER_DYNAMIC_LOSS_WEIGHT_RESCALE | 422
DIST-03127 | 4.231 | 4.022 | 0.1209 | COMPRESSION_STABLE_ALIGNED | COMMIT_STUDENT_WEIGHT_ADJUSTMENT | 200
DIST-03128 | 1.962 | 1.788 | 0.1443 | COMPRESSION_STABLE_ALIGNED | COMMIT_STUDENT_WEIGHT_ADJUSTMENT | 200
DIST-03129 | 5.704 | 5.767 | 0.0 | COMPRESSION_STABLE_ALIGNED | COMMIT_STUDENT_WEIGHT_ADJUSTMENT | 200
DIST-03130 | 7.762 | 7.823 | 0.0 | COMPRESSION_STABLE_ALIGNED | COMMIT_STUDENT_WEIGHT_ADJUSTMENT | 200
DIST-03131 | 7.671 | 7.367 | 0.1645 | COMPRESSION_STABLE_ALIGNED | COMMIT_STUDENT_WEIGHT_ADJUSTMENT | 200
DIST-03132 | 4.869 | 1.739 | 2.9876 | ENTROPY_DRIFT_DIVERGENCE_HAZARD | TRIGGER_DYNAMIC_LOSS_WEIGHT_RESCALE | 422
DIST-03133 | 5.747 | 4.142 | 1.2703 | ENTROPY_DRIFT_DIVERGENCE_HAZARD | TRIGGER_DYNAMIC_LOSS_WEIGHT_RESCALE | 422
DIST-03134 | 3.245 | 1.788 | 1.2166 | COMPRESSION_STABLE_ALIGNED | COMMIT_STUDENT_WEIGHT_ADJUSTMENT | 200
DIST-03135 | 5.981 | 4.933 | 0.7914 | COMPRESSION_STABLE_ALIGNED | COMMIT_STUDENT_WEIGHT_ADJUSTMENT | 200
DIST-03136 | 5.630 | 5.938 | 0.0 | COMPRESSION_STABLE_ALIGNED | COMMIT_STUDENT_WEIGHT_ADJUSTMENT | 200
DIST-03137 | 5.025 | 1.626 | 3.3238 | ENTROPY_DRIFT_DIVERGENCE_HAZARD | TRIGGER_DYNAMIC_LOSS_WEIGHT_RESCALE | 422
DIST-03138 | 6.342 | 2.973 | 3.0765 | ENTROPY_DRIFT_DIVERGENCE_HAZARD | TRIGGER_DYNAMIC_LOSS_WEIGHT_RESCALE | 422
DIST-03139 | 3.939 | 4.146 | 0.0 | COMPRESSION_STABLE_ALIGNED | COMMIT_STUDENT_WEIGHT_ADJUSTMENT | 200
DIST-03140 | 3.551 | 1.015 | 2.2389 | ENTROPY_DRIFT_DIVERGENCE_HAZARD | TRIGGER_DYNAMIC_LOSS_WEIGHT_RESCALE | 422
DIST-03141 | 5.022 | 1.783 | 3.1322 | ENTROPY_DRIFT_DIVERGENCE_HAZARD | TRIGGER_DYNAMIC_LOSS_WEIGHT_RESCALE | 422
DIST-03142 | 1.763 | 1.536 | 0.1078 | COMPRESSION_STABLE_ALIGNED | COMMIT_STUDENT_WEIGHT_ADJUSTMENT | 200
DIST-03143 | 6.344 | 3.246 | 2.775 | ENTROPY_DRIFT_DIVERGENCE_HAZARD | TRIGGER_DYNAMIC_LOSS_WEIGHT_RESCALE | 422
DIST-03144 | 4.636 | 2.774 | 1.6071 | ENTROPY_DRIFT_DIVERGENCE_HAZARD | TRIGGER_DYNAMIC_LOSS_WEIGHT_RESCALE | 422
DIST-03145 | 4.793 | 4.652 | 0.1135 | COMPRESSION_STABLE_ALIGNED | COMMIT_STUDENT_WEIGHT_ADJUSTMENT | 200
DIST-03146 | 6.861 | 6.199 | 0.4407 | COMPRESSION_STABLE_ALIGNED | COMMIT_STUDENT_WEIGHT_ADJUSTMENT | 200
DIST-03147 | 6.540 | 5.363 | 0.8342 | COMPRESSION_STABLE_ALIGNED | COMMIT_STUDENT_WEIGHT_ADJUSTMENT | 200
DIST-03148 | 2.843 | -0.313 | 2.7046 | ENTROPY_DRIFT_DIVERGENCE_HAZARD | TRIGGER_DYNAMIC_LOSS_WEIGHT_RESCALE | 422
DIST-03149 | 1.659 | -1.331 | 2.1919 | ENTROPY_DRIFT_DIVERGENCE_HAZARD | TRIGGER_DYNAMIC_LOSS_WEIGHT_RESCALE | 422
DIST-03150 | 7.624 | 4.158 | 2.7931 | ENTROPY_DRIFT_DIVERGENCE_HAZARD | TRIGGER_DYNAMIC_LOSS_WEIGHT_RESCALE | 422
DIST-03151 | 6.774 | 3.734 | 2.6229 | ENTROPY_DRIFT_DIVERGENCE_HAZARD | TRIGGER_DYNAMIC_LOSS_WEIGHT_RESCALE | 422
DIST-03152 | 5.644 | 2.680 | 2.7361 | ENTROPY_DRIFT_DIVERGENCE_HAZARD | TRIGGER_DYNAMIC_LOSS_WEIGHT_RESCALE | 422
DIST-03153 | 5.925 | 3.300 | 2.2623 | ENTROPY_DRIFT_DIVERGENCE_HAZARD | TRIGGER_DYNAMIC_LOSS_WEIGHT_RESCALE | 422
DIST-03154 | 7.942 | 5.151 | 1.9896 | ENTROPY_DRIFT_DIVERGENCE_HAZARD | TRIGGER_DYNAMIC_LOSS_WEIGHT_RESCALE | 422
DIST-03155 | 5.289 | 3.402 | 1.5962 | ENTROPY_DRIFT_DIVERGENCE_HAZARD | TRIGGER_DYNAMIC_LOSS_WEIGHT_RESCALE | 422
DIST-03156 | 2.164 | 0.603 | 1.127 | COMPRESSION_STABLE_ALIGNED | COMMIT_STUDENT_WEIGHT_ADJUSTMENT | 200
DIST-03157 | 5.479 | 4.414 | 0.8126 | COMPRESSION_STABLE_ALIGNED | COMMIT_STUDENT_WEIGHT_ADJUSTMENT | 200
DIST-03158 | 6.659 | 5.449 | 0.865 | COMPRESSION_STABLE_ALIGNED | COMMIT_STUDENT_WEIGHT_ADJUSTMENT | 200
DIST-03159 | 7.588 | 5.493 | 1.483 | ENTROPY_DRIFT_DIVERGENCE_HAZARD | TRIGGER_DYNAMIC_LOSS_WEIGHT_RESCALE | 422
DIST-03160 | 3.690 | 1.587 | 1.8329 | ENTROPY_DRIFT_DIVERGENCE_HAZARD | TRIGGER_DYNAMIC_LOSS_WEIGHT_RESCALE | 422
DIST-03161 | 6.759 | 5.740 | 0.6903 | COMPRESSION_STABLE_ALIGNED | COMMIT_STUDENT_WEIGHT_ADJUSTMENT | 200
DIST-03162 | 1.780 | 0.207 | 1.1221 | COMPRESSION_STABLE_ALIGNED | COMMIT_STUDENT_WEIGHT_ADJUSTMENT | 200
DIST-03163 | 6.781 | 5.738 | 0.7097 | COMPRESSION_STABLE_ALIGNED | COMMIT_STUDENT_WEIGHT_ADJUSTMENT | 200
DIST-03164 | 5.667 | 4.687 | 0.7395 | COMPRESSION_STABLE_ALIGNED | COMMIT_STUDENT_WEIGHT_ADJUSTMENT | 200
DIST-03165 | 6.662 | 3.669 | 2.5587 | ENTROPY_DRIFT_DIVERGENCE_HAZARD | TRIGGER_DYNAMIC_LOSS_WEIGHT_RESCALE | 422
DIST-03166 | 4.230 | 1.650 | 2.3209 | ENTROPY_DRIFT_DIVERGENCE_HAZARD | TRIGGER_DYNAMIC_LOSS_WEIGHT_RESCALE | 422
DIST-03167 | 7.964 | 6.274 | 1.0424 | COMPRESSION_STABLE_ALIGNED | COMMIT_STUDENT_WEIGHT_ADJUSTMENT | 200
DIST-03168 | 4.354 | 1.151 | 3.0573 | ENTROPY_DRIFT_DIVERGENCE_HAZARD | TRIGGER_DYNAMIC_LOSS_WEIGHT_RESCALE | 422
DIST-03169 | 2.402 | 1.789 | 0.442 | COMPRESSION_STABLE_ALIGNED | COMMIT_STUDENT_WEIGHT_ADJUSTMENT | 200
DIST-03170 | 3.467 | 1.561 | 1.6081 | ENTROPY_DRIFT_DIVERGENCE_HAZARD | TRIGGER_DYNAMIC_LOSS_WEIGHT_RESCALE | 422
DIST-03171 | 6.004 | 2.946 | 2.7787 | ENTROPY_DRIFT_DIVERGENCE_HAZARD | TRIGGER_DYNAMIC_LOSS_WEIGHT_RESCALE | 422
DIST-03172 | 3.500 | 0.353 | 2.8808 | ENTROPY_DRIFT_DIVERGENCE_HAZARD | TRIGGER_DYNAMIC_LOSS_WEIGHT_RESCALE | 422
DIST-03173 | 6.788 | 3.367 | 3.0151 | ENTROPY_DRIFT_DIVERGENCE_HAZARD | TRIGGER_DYNAMIC_LOSS_WEIGHT_RESCALE | 422
DIST-03174 | 1.759 | -1.067 | 2.1089 | ENTROPY_DRIFT_DIVERGENCE_HAZARD | TRIGGER_DYNAMIC_LOSS_WEIGHT_RESCALE | 422
DIST-03175 | 2.039 | 1.320 | 0.4852 | COMPRESSION_STABLE_ALIGNED | COMMIT_STUDENT_WEIGHT_ADJUSTMENT | 200
DIST-03176 | 7.692 | 6.828 | 0.4914 | COMPRESSION_STABLE_ALIGNED | COMMIT_STUDENT_WEIGHT_ADJUSTMENT | 200
DIST-03177 | 5.302 | 2.015 | 3.1285 | ENTROPY_DRIFT_DIVERGENCE_HAZARD | TRIGGER_DYNAMIC_LOSS_WEIGHT_RESCALE | 422
DIST-03178 | 6.065 | 3.196 | 2.5598 | ENTROPY_DRIFT_DIVERGENCE_HAZARD | TRIGGER_DYNAMIC_LOSS_WEIGHT_RESCALE | 422
DIST-03179 | 3.753 | 2.506 | 1.045 | COMPRESSION_STABLE_ALIGNED | COMMIT_STUDENT_WEIGHT_ADJUSTMENT | 200
DIST-03180 | 7.099 | 4.600 | 1.9596 | ENTROPY_DRIFT_DIVERGENCE_HAZARD | TRIGGER_DYNAMIC_LOSS_WEIGHT_RESCALE | 422
DIST-03181 | 6.981 | 4.141 | 2.351 | ENTROPY_DRIFT_DIVERGENCE_HAZARD | TRIGGER_DYNAMIC_LOSS_WEIGHT_RESCALE | 422
DIST-03182 | 6.604 | 5.992 | 0.421 | COMPRESSION_STABLE_ALIGNED | COMMIT_STUDENT_WEIGHT_ADJUSTMENT | 200
DIST-03183 | 6.357 | 5.452 | 0.6243 | COMPRESSION_STABLE_ALIGNED | COMMIT_STUDENT_WEIGHT_ADJUSTMENT | 200
DIST-03184 | 3.176 | 2.847 | 0.2409 | COMPRESSION_STABLE_ALIGNED | COMMIT_STUDENT_WEIGHT_ADJUSTMENT | 200
DIST-03185 | 7.543 | 5.251 | 1.6264 | ENTROPY_DRIFT_DIVERGENCE_HAZARD | TRIGGER_DYNAMIC_LOSS_WEIGHT_RESCALE | 422
DIST-03186 | 5.786 | 6.255 | 0.0 | COMPRESSION_STABLE_ALIGNED | COMMIT_STUDENT_WEIGHT_ADJUSTMENT | 200
DIST-03187 | 2.952 | -0.495 | 3.0164 | ENTROPY_DRIFT_DIVERGENCE_HAZARD | TRIGGER_DYNAMIC_LOSS_WEIGHT_RESCALE | 422
DIST-03188 | 3.727 | 0.388 | 3.1391 | ENTROPY_DRIFT_DIVERGENCE_HAZARD | TRIGGER_DYNAMIC_LOSS_WEIGHT_RESCALE | 422
DIST-03189 | 3.961 | 3.455 | 0.4129 | COMPRESSION_STABLE_ALIGNED | COMMIT_STUDENT_WEIGHT_ADJUSTMENT | 200
DIST-03190 | 3.365 | 2.256 | 0.9261 | COMPRESSION_STABLE_ALIGNED | COMMIT_STUDENT_WEIGHT_ADJUSTMENT | 200
DIST-03191 | 3.473 | 2.973 | 0.3785 | COMPRESSION_STABLE_ALIGNED | COMMIT_STUDENT_WEIGHT_ADJUSTMENT | 200
DIST-03192 | 4.361 | 2.913 | 1.2351 | COMPRESSION_STABLE_ALIGNED | COMMIT_STUDENT_WEIGHT_ADJUSTMENT | 200
DIST-03193 | 7.632 | 4.850 | 2.1303 | ENTROPY_DRIFT_DIVERGENCE_HAZARD | TRIGGER_DYNAMIC_LOSS_WEIGHT_RESCALE | 422
DIST-03194 | 8.336 | 8.348 | 0.0 | COMPRESSION_STABLE_ALIGNED | COMMIT_STUDENT_WEIGHT_ADJUSTMENT | 200
DIST-03195 | 7.626 | 5.640 | 1.3237 | ENTROPY_DRIFT_DIVERGENCE_HAZARD | TRIGGER_DYNAMIC_LOSS_WEIGHT_RESCALE | 422
DIST-03196 | 7.371 | 4.102 | 2.6439 | ENTROPY_DRIFT_DIVERGENCE_HAZARD | TRIGGER_DYNAMIC_LOSS_WEIGHT_RESCALE | 422
DIST-03197 | 2.684 | 2.120 | 0.4327 | COMPRESSION_STABLE_ALIGNED | COMMIT_STUDENT_WEIGHT_ADJUSTMENT | 200
DIST-03198 | 5.709 | 3.831 | 1.5342 | ENTROPY_DRIFT_DIVERGENCE_HAZARD | TRIGGER_DYNAMIC_LOSS_WEIGHT_RESCALE | 422
DIST-03199 | 2.834 | 2.983 | 0.0 | COMPRESSION_STABLE_ALIGNED | COMMIT_STUDENT_WEIGHT_ADJUSTMENT | 200
DIST-03200 | 2.764 | 2.360 | 0.3068 | COMPRESSION_STABLE_ALIGNED | COMMIT_STUDENT_WEIGHT_ADJUSTMENT | 200
DIST-03201 | 4.760 | 4.755 | 0.0074 | COMPRESSION_STABLE_ALIGNED | COMMIT_STUDENT_WEIGHT_ADJUSTMENT | 200
DIST-03202 | 6.337 | 5.942 | 0.2755 | COMPRESSION_STABLE_ALIGNED | COMMIT_STUDENT_WEIGHT_ADJUSTMENT | 200
DIST-03203 | 7.613 | 5.586 | 1.3966 | ENTROPY_DRIFT_DIVERGENCE_HAZARD | TRIGGER_DYNAMIC_LOSS_WEIGHT_RESCALE | 422
DIST-03204 | 7.346 | 5.224 | 1.5596 | ENTROPY_DRIFT_DIVERGENCE_HAZARD | TRIGGER_DYNAMIC_LOSS_WEIGHT_RESCALE | 422
DIST-03205 | 7.344 | 7.079 | 0.1338 | COMPRESSION_STABLE_ALIGNED | COMMIT_STUDENT_WEIGHT_ADJUSTMENT | 200
DIST-03206 | 6.034 | 5.732 | 0.1956 | COMPRESSION_STABLE_ALIGNED | COMMIT_STUDENT_WEIGHT_ADJUSTMENT | 200
DIST-03207 | 2.533 | 2.635 | 0.0 | COMPRESSION_STABLE_ALIGNED | COMMIT_STUDENT_WEIGHT_ADJUSTMENT | 200
DIST-03208 | 5.290 | 5.128 | 0.1341 | COMPRESSION_STABLE_ALIGNED | COMMIT_STUDENT_WEIGHT_ADJUSTMENT | 200
DIST-03209 | 2.909 | 2.814 | 0.0877 | COMPRESSION_STABLE_ALIGNED | COMMIT_STUDENT_WEIGHT_ADJUSTMENT | 200
DIST-03210 | 6.720 | 6.711 | 0.0148 | COMPRESSION_STABLE_ALIGNED | COMMIT_STUDENT_WEIGHT_ADJUSTMENT | 200
DIST-03211 | 3.275 | 0.066 | 2.9085 | ENTROPY_DRIFT_DIVERGENCE_HAZARD | TRIGGER_DYNAMIC_LOSS_WEIGHT_RESCALE | 422
DIST-03212 | 5.452 | 3.792 | 1.3587 | ENTROPY_DRIFT_DIVERGENCE_HAZARD | TRIGGER_DYNAMIC_LOSS_WEIGHT_RESCALE | 422
DIST-03213 | 8.089 | 5.272 | 2.0088 | ENTROPY_DRIFT_DIVERGENCE_HAZARD | TRIGGER_DYNAMIC_LOSS_WEIGHT_RESCALE | 422
DIST-03214 | 5.564 | 3.252 | 2.0604 | ENTROPY_DRIFT_DIVERGENCE_HAZARD | TRIGGER_DYNAMIC_LOSS_WEIGHT_RESCALE | 422
DIST-03215 | 5.074 | 5.466 | 0.0 | COMPRESSION_STABLE_ALIGNED | COMMIT_STUDENT_WEIGHT_ADJUSTMENT | 200
DIST-03216 | 5.476 | 5.439 | 0.0619 | COMPRESSION_STABLE_ALIGNED | COMMIT_STUDENT_WEIGHT_ADJUSTMENT | 200
DIST-03217 | 5.027 | 4.067 | 0.7319 | COMPRESSION_STABLE_ALIGNED | COMMIT_STUDENT_WEIGHT_ADJUSTMENT | 200
DIST-03218 | 2.511 | 2.480 | 0.0112 | COMPRESSION_STABLE_ALIGNED | COMMIT_STUDENT_WEIGHT_ADJUSTMENT | 200
DIST-03219 | 5.760 | 4.564 | 0.9183 | COMPRESSION_STABLE_ALIGNED | COMMIT_STUDENT_WEIGHT_ADJUSTMENT | 200
DIST-03220 | 2.533 | -0.597 | 2.616 | ENTROPY_DRIFT_DIVERGENCE_HAZARD | TRIGGER_DYNAMIC_LOSS_WEIGHT_RESCALE | 422
DIST-03221 | 3.902 | 4.208 | 0.0 | COMPRESSION_STABLE_ALIGNED | COMMIT_STUDENT_WEIGHT_ADJUSTMENT | 200
DIST-03222 | 6.630 | 3.963 | 2.2485 | ENTROPY_DRIFT_DIVERGENCE_HAZARD | TRIGGER_DYNAMIC_LOSS_WEIGHT_RESCALE | 422
DIST-03223 | 1.680 | 1.217 | 0.3347 | COMPRESSION_STABLE_ALIGNED | COMMIT_STUDENT_WEIGHT_ADJUSTMENT | 200
DIST-03224 | 6.298 | 6.085 | 0.1558 | COMPRESSION_STABLE_ALIGNED | COMMIT_STUDENT_WEIGHT_ADJUSTMENT | 200
DIST-03225 | 5.890 | 4.504 | 1.0958 | COMPRESSION_STABLE_ALIGNED | COMMIT_STUDENT_WEIGHT_ADJUSTMENT | 200
DIST-03226 | 6.775 | 5.667 | 0.75 | COMPRESSION_STABLE_ALIGNED | COMMIT_STUDENT_WEIGHT_ADJUSTMENT | 200
DIST-03227 | 3.465 | 2.158 | 1.0499 | COMPRESSION_STABLE_ALIGNED | COMMIT_STUDENT_WEIGHT_ADJUSTMENT | 200
DIST-03228 | 5.402 | 2.830 | 2.3511 | ENTROPY_DRIFT_DIVERGENCE_HAZARD | TRIGGER_DYNAMIC_LOSS_WEIGHT_RESCALE | 422
DIST-03229 | 5.595 | 4.429 | 0.9338 | COMPRESSION_STABLE_ALIGNED | COMMIT_STUDENT_WEIGHT_ADJUSTMENT | 200
DIST-03230 | 2.049 | -1.046 | 2.413 | ENTROPY_DRIFT_DIVERGENCE_HAZARD | TRIGGER_DYNAMIC_LOSS_WEIGHT_RESCALE | 422
DIST-03231 | 2.910 | 0.669 | 1.8516 | ENTROPY_DRIFT_DIVERGENCE_HAZARD | TRIGGER_DYNAMIC_LOSS_WEIGHT_RESCALE | 422
DIST-03232 | 6.201 | 4.556 | 1.2519 | ENTROPY_DRIFT_DIVERGENCE_HAZARD | TRIGGER_DYNAMIC_LOSS_WEIGHT_RESCALE | 422
DIST-03233 | 5.616 | 5.135 | 0.3312 | COMPRESSION_STABLE_ALIGNED | COMMIT_STUDENT_WEIGHT_ADJUSTMENT | 200
DIST-03234 | 1.520 | -1.952 | 2.5675 | ENTROPY_DRIFT_DIVERGENCE_HAZARD | TRIGGER_DYNAMIC_LOSS_WEIGHT_RESCALE | 422
DIST-03235 | 5.224 | 4.781 | 0.3081 | COMPRESSION_STABLE_ALIGNED | COMMIT_STUDENT_WEIGHT_ADJUSTMENT | 200
DIST-03236 | 6.632 | 4.534 | 1.6584 | ENTROPY_DRIFT_DIVERGENCE_HAZARD | TRIGGER_DYNAMIC_LOSS_WEIGHT_RESCALE | 422
DIST-03237 | 6.355 | 5.346 | 0.7489 | COMPRESSION_STABLE_ALIGNED | COMMIT_STUDENT_WEIGHT_ADJUSTMENT | 200
DIST-03238 | 1.835 | 1.285 | 0.3484 | COMPRESSION_STABLE_ALIGNED | COMMIT_STUDENT_WEIGHT_ADJUSTMENT | 200
DIST-03239 | 7.889 | 5.634 | 1.5275 | ENTROPY_DRIFT_DIVERGENCE_HAZARD | TRIGGER_DYNAMIC_LOSS_WEIGHT_RESCALE | 422
DIST-03240 | 5.056 | 4.789 | 0.2182 | COMPRESSION_STABLE_ALIGNED | COMMIT_STUDENT_WEIGHT_ADJUSTMENT | 200
DIST-03241 | 5.693 | 3.500 | 1.8919 | ENTROPY_DRIFT_DIVERGENCE_HAZARD | TRIGGER_DYNAMIC_LOSS_WEIGHT_RESCALE | 422
DIST-03242 | 2.555 | 0.027 | 2.1114 | ENTROPY_DRIFT_DIVERGENCE_HAZARD | TRIGGER_DYNAMIC_LOSS_WEIGHT_RESCALE | 422
DIST-03243 | 7.503 | 5.248 | 1.5852 | ENTROPY_DRIFT_DIVERGENCE_HAZARD | TRIGGER_DYNAMIC_LOSS_WEIGHT_RESCALE | 422
DIST-03244 | 7.789 | 5.513 | 1.5884 | ENTROPY_DRIFT_DIVERGENCE_HAZARD | TRIGGER_DYNAMIC_LOSS_WEIGHT_RESCALE | 422
DIST-03245 | 8.277 | 5.379 | 1.9852 | ENTROPY_DRIFT_DIVERGENCE_HAZARD | TRIGGER_DYNAMIC_LOSS_WEIGHT_RESCALE | 422
DIST-03246 | 2.252 | 2.576 | 0.0 | COMPRESSION_STABLE_ALIGNED | COMMIT_STUDENT_WEIGHT_ADJUSTMENT | 200
DIST-03247 | 1.566 | -0.834 | 1.7097 | ENTROPY_DRIFT_DIVERGENCE_HAZARD | TRIGGER_DYNAMIC_LOSS_WEIGHT_RESCALE | 422
DIST-03248 | 5.358 | 3.500 | 1.5684 | ENTROPY_DRIFT_DIVERGENCE_HAZARD | TRIGGER_DYNAMIC_LOSS_WEIGHT_RESCALE | 422
DIST-03249 | 4.688 | 1.555 | 2.9953 | ENTROPY_DRIFT_DIVERGENCE_HAZARD | TRIGGER_DYNAMIC_LOSS_WEIGHT_RESCALE | 422
DIST-03250 | 4.764 | 2.243 | 2.2658 | ENTROPY_DRIFT_DIVERGENCE_HAZARD | TRIGGER_DYNAMIC_LOSS_WEIGHT_RESCALE | 422
DIST-03251 | 4.381 | 4.879 | 0.0 | COMPRESSION_STABLE_ALIGNED | COMMIT_STUDENT_WEIGHT_ADJUSTMENT | 200
DIST-03252 | 5.828 | 5.935 | 0.0 | COMPRESSION_STABLE_ALIGNED | COMMIT_STUDENT_WEIGHT_ADJUSTMENT | 200
DIST-03253 | 5.982 | 4.284 | 1.3808 | ENTROPY_DRIFT_DIVERGENCE_HAZARD | TRIGGER_DYNAMIC_LOSS_WEIGHT_RESCALE | 422
DIST-03254 | 6.440 | 4.467 | 1.5891 | ENTROPY_DRIFT_DIVERGENCE_HAZARD | TRIGGER_DYNAMIC_LOSS_WEIGHT_RESCALE | 422
DIST-03255 | 5.450 | 3.366 | 1.811 | ENTROPY_DRIFT_DIVERGENCE_HAZARD | TRIGGER_DYNAMIC_LOSS_WEIGHT_RESCALE | 422
DIST-03256 | 1.960 | 0.393 | 1.1385 | COMPRESSION_STABLE_ALIGNED | COMMIT_STUDENT_WEIGHT_ADJUSTMENT | 200
DIST-03257 | 7.855 | 8.315 | 0.0 | COMPRESSION_STABLE_ALIGNED | COMMIT_STUDENT_WEIGHT_ADJUSTMENT | 200
DIST-03258 | 8.095 | 7.602 | 0.2419 | COMPRESSION_STABLE_ALIGNED | COMMIT_STUDENT_WEIGHT_ADJUSTMENT | 200
DIST-03259 | 3.365 | 2.362 | 0.822 | COMPRESSION_STABLE_ALIGNED | COMMIT_STUDENT_WEIGHT_ADJUSTMENT | 200
DIST-03260 | 5.193 | 5.272 | 0.0 | COMPRESSION_STABLE_ALIGNED | COMMIT_STUDENT_WEIGHT_ADJUSTMENT | 200
DIST-03261 | 3.448 | 0.888 | 2.2477 | ENTROPY_DRIFT_DIVERGENCE_HAZARD | TRIGGER_DYNAMIC_LOSS_WEIGHT_RESCALE | 422
DIST-03262 | 3.439 | 1.388 | 1.7535 | ENTROPY_DRIFT_DIVERGENCE_HAZARD | TRIGGER_DYNAMIC_LOSS_WEIGHT_RESCALE | 422
DIST-03263 | 5.133 | 5.007 | 0.0742 | COMPRESSION_STABLE_ALIGNED | COMMIT_STUDENT_WEIGHT_ADJUSTMENT | 200
DIST-03264 | 2.885 | 0.682 | 1.8444 | ENTROPY_DRIFT_DIVERGENCE_HAZARD | TRIGGER_DYNAMIC_LOSS_WEIGHT_RESCALE | 422
DIST-03265 | 4.422 | 4.623 | 0.0 | COMPRESSION_STABLE_ALIGNED | COMMIT_STUDENT_WEIGHT_ADJUSTMENT | 200
DIST-03266 | 8.323 | 5.205 | 2.2212 | ENTROPY_DRIFT_DIVERGENCE_HAZARD | TRIGGER_DYNAMIC_LOSS_WEIGHT_RESCALE | 422
DIST-03267 | 5.155 | 1.832 | 3.1918 | ENTROPY_DRIFT_DIVERGENCE_HAZARD | TRIGGER_DYNAMIC_LOSS_WEIGHT_RESCALE | 422
DIST-03268 | 1.619 | -1.378 | 2.1783 | ENTROPY_DRIFT_DIVERGENCE_HAZARD | TRIGGER_DYNAMIC_LOSS_WEIGHT_RESCALE | 422
DIST-03269 | 3.161 | 3.046 | 0.0896 | COMPRESSION_STABLE_ALIGNED | COMMIT_STUDENT_WEIGHT_ADJUSTMENT | 200
DIST-03270 | 3.421 | 1.080 | 2.044 | ENTROPY_DRIFT_DIVERGENCE_HAZARD | TRIGGER_DYNAMIC_LOSS_WEIGHT_RESCALE | 422
DIST-03271 | 5.666 | 2.859 | 2.5559 | ENTROPY_DRIFT_DIVERGENCE_HAZARD | TRIGGER_DYNAMIC_LOSS_WEIGHT_RESCALE | 422
DIST-03272 | 3.475 | 1.159 | 1.9968 | ENTROPY_DRIFT_DIVERGENCE_HAZARD | TRIGGER_DYNAMIC_LOSS_WEIGHT_RESCALE | 422
DIST-03273 | 3.865 | 2.568 | 1.0914 | COMPRESSION_STABLE_ALIGNED | COMMIT_STUDENT_WEIGHT_ADJUSTMENT | 200
DIST-03274 | 3.103 | -0.025 | 2.7745 | ENTROPY_DRIFT_DIVERGENCE_HAZARD | TRIGGER_DYNAMIC_LOSS_WEIGHT_RESCALE | 422
DIST-03275 | 1.571 | 1.296 | 0.1596 | COMPRESSION_STABLE_ALIGNED | COMMIT_STUDENT_WEIGHT_ADJUSTMENT | 200
DIST-03276 | 5.810 | 4.856 | 0.7498 | COMPRESSION_STABLE_ALIGNED | COMMIT_STUDENT_WEIGHT_ADJUSTMENT | 200
DIST-03277 | 4.411 | 3.292 | 0.9426 | COMPRESSION_STABLE_ALIGNED | COMMIT_STUDENT_WEIGHT_ADJUSTMENT | 200
DIST-03278 | 3.291 | 2.581 | 0.5553 | COMPRESSION_STABLE_ALIGNED | COMMIT_STUDENT_WEIGHT_ADJUSTMENT | 200
DIST-03279 | 3.506 | 0.530 | 2.6921 | ENTROPY_DRIFT_DIVERGENCE_HAZARD | TRIGGER_DYNAMIC_LOSS_WEIGHT_RESCALE | 422
DIST-03280 | 6.792 | 4.730 | 1.602 | ENTROPY_DRIFT_DIVERGENCE_HAZARD | TRIGGER_DYNAMIC_LOSS_WEIGHT_RESCALE | 422
DIST-03281 | 3.157 | -0.045 | 2.8318 | ENTROPY_DRIFT_DIVERGENCE_HAZARD | TRIGGER_DYNAMIC_LOSS_WEIGHT_RESCALE | 422
DIST-03282 | 7.591 | 7.027 | 0.3247 | COMPRESSION_STABLE_ALIGNED | COMMIT_STUDENT_WEIGHT_ADJUSTMENT | 200
DIST-03283 | 5.931 | 2.922 | 2.7107 | ENTROPY_DRIFT_DIVERGENCE_HAZARD | TRIGGER_DYNAMIC_LOSS_WEIGHT_RESCALE | 422
DIST-03284 | 8.409 | 5.331 | 2.1301 | ENTROPY_DRIFT_DIVERGENCE_HAZARD | TRIGGER_DYNAMIC_LOSS_WEIGHT_RESCALE | 422
DIST-03285 | 5.296 | 4.522 | 0.5669 | COMPRESSION_STABLE_ALIGNED | COMMIT_STUDENT_WEIGHT_ADJUSTMENT | 200
DIST-03286 | 3.325 | -0.116 | 3.1712 | ENTROPY_DRIFT_DIVERGENCE_HAZARD | TRIGGER_DYNAMIC_LOSS_WEIGHT_RESCALE | 422
DIST-03287 | 5.664 | 4.353 | 1.0359 | COMPRESSION_STABLE_ALIGNED | COMMIT_STUDENT_WEIGHT_ADJUSTMENT | 200
DIST-03288 | 2.451 | 2.065 | 0.2736 | COMPRESSION_STABLE_ALIGNED | COMMIT_STUDENT_WEIGHT_ADJUSTMENT | 200
DIST-03289 | 3.265 | 3.113 | 0.1012 | COMPRESSION_STABLE_ALIGNED | COMMIT_STUDENT_WEIGHT_ADJUSTMENT | 200
DIST-03290 | 6.839 | 6.348 | 0.3084 | COMPRESSION_STABLE_ALIGNED | COMMIT_STUDENT_WEIGHT_ADJUSTMENT | 200
DIST-03291 | 2.429 | 2.349 | 0.0852 | COMPRESSION_STABLE_ALIGNED | COMMIT_STUDENT_WEIGHT_ADJUSTMENT | 200
DIST-03292 | 1.630 | -0.436 | 1.4104 | ENTROPY_DRIFT_DIVERGENCE_HAZARD | TRIGGER_DYNAMIC_LOSS_WEIGHT_RESCALE | 422
DIST-03293 | 5.704 | 5.055 | 0.5065 | COMPRESSION_STABLE_ALIGNED | COMMIT_STUDENT_WEIGHT_ADJUSTMENT | 200
DIST-03294 | 4.655 | 4.496 | 0.1258 | COMPRESSION_STABLE_ALIGNED | COMMIT_STUDENT_WEIGHT_ADJUSTMENT | 200
DIST-03295 | 6.062 | 5.869 | 0.1076 | COMPRESSION_STABLE_ALIGNED | COMMIT_STUDENT_WEIGHT_ADJUSTMENT | 200
DIST-03296 | 4.012 | 3.578 | 0.3151 | COMPRESSION_STABLE_ALIGNED | COMMIT_STUDENT_WEIGHT_ADJUSTMENT | 200
DIST-03297 | 2.067 | 1.640 | 0.3294 | COMPRESSION_STABLE_ALIGNED | COMMIT_STUDENT_WEIGHT_ADJUSTMENT | 200
DIST-03298 | 2.410 | 2.785 | 0.0 | COMPRESSION_STABLE_ALIGNED | COMMIT_STUDENT_WEIGHT_ADJUSTMENT | 200
DIST-03299 | 2.646 | 2.495 | 0.0852 | COMPRESSION_STABLE_ALIGNED | COMMIT_STUDENT_WEIGHT_ADJUSTMENT | 200
DIST-03300 | 7.669 | 7.466 | 0.1325 | COMPRESSION_STABLE_ALIGNED | COMMIT_STUDENT_WEIGHT_ADJUSTMENT | 200
DIST-03301 | 4.924 | 4.711 | 0.1658 | COMPRESSION_STABLE_ALIGNED | COMMIT_STUDENT_WEIGHT_ADJUSTMENT | 200
DIST-03302 | 2.810 | -0.468 | 2.8095 | ENTROPY_DRIFT_DIVERGENCE_HAZARD | TRIGGER_DYNAMIC_LOSS_WEIGHT_RESCALE | 422
DIST-03303 | 3.856 | 1.756 | 1.8413 | ENTROPY_DRIFT_DIVERGENCE_HAZARD | TRIGGER_DYNAMIC_LOSS_WEIGHT_RESCALE | 422
DIST-03304 | 2.508 | 2.002 | 0.3477 | COMPRESSION_STABLE_ALIGNED | COMMIT_STUDENT_WEIGHT_ADJUSTMENT | 200
DIST-03305 | 7.445 | 6.378 | 0.6906 | COMPRESSION_STABLE_ALIGNED | COMMIT_STUDENT_WEIGHT_ADJUSTMENT | 200
DIST-03306 | 7.221 | 4.778 | 1.8857 | ENTROPY_DRIFT_DIVERGENCE_HAZARD | TRIGGER_DYNAMIC_LOSS_WEIGHT_RESCALE | 422
DIST-03307 | 4.097 | 0.705 | 3.2529 | ENTROPY_DRIFT_DIVERGENCE_HAZARD | TRIGGER_DYNAMIC_LOSS_WEIGHT_RESCALE | 422
DIST-03308 | 2.813 | -0.590 | 2.961 | ENTROPY_DRIFT_DIVERGENCE_HAZARD | TRIGGER_DYNAMIC_LOSS_WEIGHT_RESCALE | 422
DIST-03309 | 4.914 | 3.850 | 0.896 | COMPRESSION_STABLE_ALIGNED | COMMIT_STUDENT_WEIGHT_ADJUSTMENT | 200
DIST-03310 | 5.578 | 5.635 | 0.0 | COMPRESSION_STABLE_ALIGNED | COMMIT_STUDENT_WEIGHT_ADJUSTMENT | 200
DIST-03311 | 7.529 | 4.098 | 2.784 | ENTROPY_DRIFT_DIVERGENCE_HAZARD | TRIGGER_DYNAMIC_LOSS_WEIGHT_RESCALE | 422
DIST-03312 | 1.801 | 2.113 | 0.0 | COMPRESSION_STABLE_ALIGNED | COMMIT_STUDENT_WEIGHT_ADJUSTMENT | 200
DIST-03313 | 7.133 | 7.299 | 0.0 | COMPRESSION_STABLE_ALIGNED | COMMIT_STUDENT_WEIGHT_ADJUSTMENT | 200
DIST-03314 | 6.224 | 4.864 | 1.015 | COMPRESSION_STABLE_ALIGNED | COMMIT_STUDENT_WEIGHT_ADJUSTMENT | 200
DIST-03315 | 2.041 | 0.462 | 1.1491 | COMPRESSION_STABLE_ALIGNED | COMMIT_STUDENT_WEIGHT_ADJUSTMENT | 200
DIST-03316 | 1.763 | 1.452 | 0.2151 | COMPRESSION_STABLE_ALIGNED | COMMIT_STUDENT_WEIGHT_ADJUSTMENT | 200
DIST-03317 | 7.124 | 4.048 | 2.5457 | ENTROPY_DRIFT_DIVERGENCE_HAZARD | TRIGGER_DYNAMIC_LOSS_WEIGHT_RESCALE | 422
DIST-03318 | 4.410 | 3.648 | 0.5877 | COMPRESSION_STABLE_ALIGNED | COMMIT_STUDENT_WEIGHT_ADJUSTMENT | 200
DIST-03319 | 4.251 | 3.352 | 0.7483 | COMPRESSION_STABLE_ALIGNED | COMMIT_STUDENT_WEIGHT_ADJUSTMENT | 200
DIST-03320 | 6.367 | 6.793 | 0.0 | COMPRESSION_STABLE_ALIGNED | COMMIT_STUDENT_WEIGHT_ADJUSTMENT | 200
DIST-03321 | 3.015 | 2.479 | 0.4097 | COMPRESSION_STABLE_ALIGNED | COMMIT_STUDENT_WEIGHT_ADJUSTMENT | 200
DIST-03322 | 6.830 | 6.509 | 0.1839 | COMPRESSION_STABLE_ALIGNED | COMMIT_STUDENT_WEIGHT_ADJUSTMENT | 200
DIST-03323 | 1.641 | -0.282 | 1.3231 | ENTROPY_DRIFT_DIVERGENCE_HAZARD | TRIGGER_DYNAMIC_LOSS_WEIGHT_RESCALE | 422
DIST-03324 | 5.615 | 4.941 | 0.5097 | COMPRESSION_STABLE_ALIGNED | COMMIT_STUDENT_WEIGHT_ADJUSTMENT | 200
DIST-03325 | 2.270 | -0.780 | 2.4693 | ENTROPY_DRIFT_DIVERGENCE_HAZARD | TRIGGER_DYNAMIC_LOSS_WEIGHT_RESCALE | 422
DIST-03326 | 5.586 | 2.181 | 3.2839 | ENTROPY_DRIFT_DIVERGENCE_HAZARD | TRIGGER_DYNAMIC_LOSS_WEIGHT_RESCALE | 422
DIST-03327 | 6.970 | 6.022 | 0.6301 | COMPRESSION_STABLE_ALIGNED | COMMIT_STUDENT_WEIGHT_ADJUSTMENT | 200
DIST-03328 | 7.465 | 5.702 | 1.1877 | COMPRESSION_STABLE_ALIGNED | COMMIT_STUDENT_WEIGHT_ADJUSTMENT | 200
DIST-03329 | 8.180 | 6.988 | 0.6461 | COMPRESSION_STABLE_ALIGNED | COMMIT_STUDENT_WEIGHT_ADJUSTMENT | 200
DIST-03330 | 3.839 | 2.676 | 0.9691 | COMPRESSION_STABLE_ALIGNED | COMMIT_STUDENT_WEIGHT_ADJUSTMENT | 200
DIST-03331 | 1.604 | 1.641 | 0.0 | COMPRESSION_STABLE_ALIGNED | COMMIT_STUDENT_WEIGHT_ADJUSTMENT | 200
DIST-03332 | 5.881 | 3.118 | 2.4498 | ENTROPY_DRIFT_DIVERGENCE_HAZARD | TRIGGER_DYNAMIC_LOSS_WEIGHT_RESCALE | 422
DIST-03333 | 3.987 | 1.414 | 2.3629 | ENTROPY_DRIFT_DIVERGENCE_HAZARD | TRIGGER_DYNAMIC_LOSS_WEIGHT_RESCALE | 422
DIST-03334 | 4.701 | 3.951 | 0.6046 | COMPRESSION_STABLE_ALIGNED | COMMIT_STUDENT_WEIGHT_ADJUSTMENT | 200
DIST-03335 | 3.354 | 2.175 | 0.9768 | COMPRESSION_STABLE_ALIGNED | COMMIT_STUDENT_WEIGHT_ADJUSTMENT | 200
DIST-03336 | 6.414 | 3.102 | 2.9848 | ENTROPY_DRIFT_DIVERGENCE_HAZARD | TRIGGER_DYNAMIC_LOSS_WEIGHT_RESCALE | 422
DIST-03337 | 5.945 | 6.285 | 0.0 | COMPRESSION_STABLE_ALIGNED | COMMIT_STUDENT_WEIGHT_ADJUSTMENT | 200
DIST-03338 | 5.928 | 2.863 | 2.8157 | ENTROPY_DRIFT_DIVERGENCE_HAZARD | TRIGGER_DYNAMIC_LOSS_WEIGHT_RESCALE | 422
DIST-03339 | 1.720 | 1.705 | 0.0194 | COMPRESSION_STABLE_ALIGNED | COMMIT_STUDENT_WEIGHT_ADJUSTMENT | 200
DIST-03340 | 7.145 | 7.602 | 0.0 | COMPRESSION_STABLE_ALIGNED | COMMIT_STUDENT_WEIGHT_ADJUSTMENT | 200
DIST-03341 | 8.306 | 5.288 | 2.1067 | ENTROPY_DRIFT_DIVERGENCE_HAZARD | TRIGGER_DYNAMIC_LOSS_WEIGHT_RESCALE | 422
DIST-03342 | 4.407 | 3.627 | 0.6181 | COMPRESSION_STABLE_ALIGNED | COMMIT_STUDENT_WEIGHT_ADJUSTMENT | 200
DIST-03343 | 4.609 | 1.116 | 3.3902 | ENTROPY_DRIFT_DIVERGENCE_HAZARD | TRIGGER_DYNAMIC_LOSS_WEIGHT_RESCALE | 422
DIST-03344 | 4.588 | 3.117 | 1.2653 | ENTROPY_DRIFT_DIVERGENCE_HAZARD | TRIGGER_DYNAMIC_LOSS_WEIGHT_RESCALE | 422
DIST-03345 | 1.735 | -0.382 | 1.503 | ENTROPY_DRIFT_DIVERGENCE_HAZARD | TRIGGER_DYNAMIC_LOSS_WEIGHT_RESCALE | 422
DIST-03346 | 7.413 | 6.282 | 0.7514 | COMPRESSION_STABLE_ALIGNED | COMMIT_STUDENT_WEIGHT_ADJUSTMENT | 200
DIST-03347 | 5.425 | 3.659 | 1.4809 | ENTROPY_DRIFT_DIVERGENCE_HAZARD | TRIGGER_DYNAMIC_LOSS_WEIGHT_RESCALE | 422
DIST-03348 | 7.457 | 6.148 | 0.8753 | COMPRESSION_STABLE_ALIGNED | COMMIT_STUDENT_WEIGHT_ADJUSTMENT | 200
DIST-03349 | 5.562 | 2.125 | 3.3293 | ENTROPY_DRIFT_DIVERGENCE_HAZARD | TRIGGER_DYNAMIC_LOSS_WEIGHT_RESCALE | 422
DIST-03350 | 1.963 | -1.046 | 2.3082 | ENTROPY_DRIFT_DIVERGENCE_HAZARD | TRIGGER_DYNAMIC_LOSS_WEIGHT_RESCALE | 422
DIST-03351 | 3.066 | 1.790 | 1.0048 | COMPRESSION_STABLE_ALIGNED | COMMIT_STUDENT_WEIGHT_ADJUSTMENT | 200
DIST-03352 | 6.801 | 3.621 | 2.7496 | ENTROPY_DRIFT_DIVERGENCE_HAZARD | TRIGGER_DYNAMIC_LOSS_WEIGHT_RESCALE | 422
DIST-03353 | 3.256 | 0.848 | 2.0828 | ENTROPY_DRIFT_DIVERGENCE_HAZARD | TRIGGER_DYNAMIC_LOSS_WEIGHT_RESCALE | 422
DIST-03354 | 6.455 | 4.757 | 1.3089 | ENTROPY_DRIFT_DIVERGENCE_HAZARD | TRIGGER_DYNAMIC_LOSS_WEIGHT_RESCALE | 422
DIST-03355 | 5.264 | 3.944 | 1.065 | COMPRESSION_STABLE_ALIGNED | COMMIT_STUDENT_WEIGHT_ADJUSTMENT | 200
DIST-03356 | 4.952 | 3.256 | 1.4427 | ENTROPY_DRIFT_DIVERGENCE_HAZARD | TRIGGER_DYNAMIC_LOSS_WEIGHT_RESCALE | 422
DIST-03357 | 5.239 | 2.493 | 2.5347 | ENTROPY_DRIFT_DIVERGENCE_HAZARD | TRIGGER_DYNAMIC_LOSS_WEIGHT_RESCALE | 422
DIST-03358 | 4.903 | 1.883 | 2.8182 | ENTROPY_DRIFT_DIVERGENCE_HAZARD | TRIGGER_DYNAMIC_LOSS_WEIGHT_RESCALE | 422
DIST-03359 | 5.519 | 4.287 | 0.9911 | COMPRESSION_STABLE_ALIGNED | COMMIT_STUDENT_WEIGHT_ADJUSTMENT | 200
DIST-03360 | 5.881 | 4.530 | 1.0402 | COMPRESSION_STABLE_ALIGNED | COMMIT_STUDENT_WEIGHT_ADJUSTMENT | 200
DIST-03361 | 4.276 | 1.434 | 2.6188 | ENTROPY_DRIFT_DIVERGENCE_HAZARD | TRIGGER_DYNAMIC_LOSS_WEIGHT_RESCALE | 422
DIST-03362 | 1.596 | 1.898 | 0.0 | COMPRESSION_STABLE_ALIGNED | COMMIT_STUDENT_WEIGHT_ADJUSTMENT | 200
DIST-03363 | 7.487 | 5.069 | 1.7375 | ENTROPY_DRIFT_DIVERGENCE_HAZARD | TRIGGER_DYNAMIC_LOSS_WEIGHT_RESCALE | 422
DIST-03364 | 2.319 | -0.197 | 1.9601 | ENTROPY_DRIFT_DIVERGENCE_HAZARD | TRIGGER_DYNAMIC_LOSS_WEIGHT_RESCALE | 422
DIST-03365 | 1.783 | -1.669 | 2.6063 | ENTROPY_DRIFT_DIVERGENCE_HAZARD | TRIGGER_DYNAMIC_LOSS_WEIGHT_RESCALE | 422
DIST-03366 | 8.419 | 7.294 | 0.6356 | COMPRESSION_STABLE_ALIGNED | COMMIT_STUDENT_WEIGHT_ADJUSTMENT | 200
DIST-03367 | 6.026 | 3.789 | 1.883 | ENTROPY_DRIFT_DIVERGENCE_HAZARD | TRIGGER_DYNAMIC_LOSS_WEIGHT_RESCALE | 422
DIST-03368 | 1.695 | -0.406 | 1.5045 | ENTROPY_DRIFT_DIVERGENCE_HAZARD | TRIGGER_DYNAMIC_LOSS_WEIGHT_RESCALE | 422
DIST-03369 | 7.080 | 7.394 | 0.0 | COMPRESSION_STABLE_ALIGNED | COMMIT_STUDENT_WEIGHT_ADJUSTMENT | 200
DIST-03370 | 4.870 | 2.407 | 2.2413 | ENTROPY_DRIFT_DIVERGENCE_HAZARD | TRIGGER_DYNAMIC_LOSS_WEIGHT_RESCALE | 422
DIST-03371 | 2.234 | -0.211 | 1.9039 | ENTROPY_DRIFT_DIVERGENCE_HAZARD | TRIGGER_DYNAMIC_LOSS_WEIGHT_RESCALE | 422
DIST-03372 | 4.705 | 1.835 | 2.6668 | ENTROPY_DRIFT_DIVERGENCE_HAZARD | TRIGGER_DYNAMIC_LOSS_WEIGHT_RESCALE | 422
DIST-03373 | 8.401 | 8.475 | 0.0 | COMPRESSION_STABLE_ALIGNED | COMMIT_STUDENT_WEIGHT_ADJUSTMENT | 200
DIST-03374 | 5.420 | 4.157 | 1.0517 | COMPRESSION_STABLE_ALIGNED | COMMIT_STUDENT_WEIGHT_ADJUSTMENT | 200
DIST-03375 | 7.803 | 5.194 | 1.8332 | ENTROPY_DRIFT_DIVERGENCE_HAZARD | TRIGGER_DYNAMIC_LOSS_WEIGHT_RESCALE | 422
DIST-03376 | 3.547 | 3.758 | 0.0 | COMPRESSION_STABLE_ALIGNED | COMMIT_STUDENT_WEIGHT_ADJUSTMENT | 200
DIST-03377 | 8.299 | 7.198 | 0.5899 | COMPRESSION_STABLE_ALIGNED | COMMIT_STUDENT_WEIGHT_ADJUSTMENT | 200
DIST-03378 | 8.448 | 6.226 | 1.3366 | ENTROPY_DRIFT_DIVERGENCE_HAZARD | TRIGGER_DYNAMIC_LOSS_WEIGHT_RESCALE | 422
DIST-03379 | 3.152 | -0.348 | 3.1651 | ENTROPY_DRIFT_DIVERGENCE_HAZARD | TRIGGER_DYNAMIC_LOSS_WEIGHT_RESCALE | 422
DIST-03380 | 7.839 | 6.294 | 0.9487 | COMPRESSION_STABLE_ALIGNED | COMMIT_STUDENT_WEIGHT_ADJUSTMENT | 200
DIST-03381 | 7.020 | 4.799 | 1.7394 | ENTROPY_DRIFT_DIVERGENCE_HAZARD | TRIGGER_DYNAMIC_LOSS_WEIGHT_RESCALE | 422
DIST-03382 | 6.229 | 3.091 | 2.8716 | ENTROPY_DRIFT_DIVERGENCE_HAZARD | TRIGGER_DYNAMIC_LOSS_WEIGHT_RESCALE | 422
DIST-03383 | 5.055 | 3.298 | 1.5067 | ENTROPY_DRIFT_DIVERGENCE_HAZARD | TRIGGER_DYNAMIC_LOSS_WEIGHT_RESCALE | 422
DIST-03384 | 1.890 | 0.830 | 0.7645 | COMPRESSION_STABLE_ALIGNED | COMMIT_STUDENT_WEIGHT_ADJUSTMENT | 200
DIST-03385 | 7.844 | 6.196 | 1.0623 | COMPRESSION_STABLE_ALIGNED | COMMIT_STUDENT_WEIGHT_ADJUSTMENT | 200
DIST-03386 | 4.058 | 3.615 | 0.3332 | COMPRESSION_STABLE_ALIGNED | COMMIT_STUDENT_WEIGHT_ADJUSTMENT | 200
DIST-03387 | 3.612 | 1.067 | 2.2452 | ENTROPY_DRIFT_DIVERGENCE_HAZARD | TRIGGER_DYNAMIC_LOSS_WEIGHT_RESCALE | 422
DIST-03388 | 4.970 | 4.045 | 0.7385 | COMPRESSION_STABLE_ALIGNED | COMMIT_STUDENT_WEIGHT_ADJUSTMENT | 200
DIST-03389 | 5.393 | 5.408 | 0.0063 | COMPRESSION_STABLE_ALIGNED | COMMIT_STUDENT_WEIGHT_ADJUSTMENT | 200
DIST-03390 | 2.033 | -0.531 | 1.9591 | ENTROPY_DRIFT_DIVERGENCE_HAZARD | TRIGGER_DYNAMIC_LOSS_WEIGHT_RESCALE | 422
DIST-03391 | 3.253 | 2.777 | 0.3324 | COMPRESSION_STABLE_ALIGNED | COMMIT_STUDENT_WEIGHT_ADJUSTMENT | 200
DIST-03392 | 4.975 | 4.942 | 0.0085 | COMPRESSION_STABLE_ALIGNED | COMMIT_STUDENT_WEIGHT_ADJUSTMENT | 200
DIST-03393 | 3.908 | 3.734 | 0.131 | COMPRESSION_STABLE_ALIGNED | COMMIT_STUDENT_WEIGHT_ADJUSTMENT | 200
DIST-03394 | 4.204 | 1.961 | 1.9995 | ENTROPY_DRIFT_DIVERGENCE_HAZARD | TRIGGER_DYNAMIC_LOSS_WEIGHT_RESCALE | 422
DIST-03395 | 4.970 | 5.376 | 0.0 | COMPRESSION_STABLE_ALIGNED | COMMIT_STUDENT_WEIGHT_ADJUSTMENT | 200
DIST-03396 | 5.957 | 3.958 | 1.6347 | ENTROPY_DRIFT_DIVERGENCE_HAZARD | TRIGGER_DYNAMIC_LOSS_WEIGHT_RESCALE | 422
DIST-03397 | 2.914 | 0.804 | 1.7501 | ENTROPY_DRIFT_DIVERGENCE_HAZARD | TRIGGER_DYNAMIC_LOSS_WEIGHT_RESCALE | 422
DIST-03398 | 2.232 | 0.814 | 1.0844 | COMPRESSION_STABLE_ALIGNED | COMMIT_STUDENT_WEIGHT_ADJUSTMENT | 200
DIST-03399 | 2.277 | -0.074 | 1.8799 | ENTROPY_DRIFT_DIVERGENCE_HAZARD | TRIGGER_DYNAMIC_LOSS_WEIGHT_RESCALE | 422
DIST-03400 | 6.379 | 6.099 | 0.1778 | COMPRESSION_STABLE_ALIGNED | COMMIT_STUDENT_WEIGHT_ADJUSTMENT | 200
DIST-03401 | 5.907 | 6.313 | 0.0 | COMPRESSION_STABLE_ALIGNED | COMMIT_STUDENT_WEIGHT_ADJUSTMENT | 200
DIST-03402 | 7.447 | 4.946 | 1.8737 | ENTROPY_DRIFT_DIVERGENCE_HAZARD | TRIGGER_DYNAMIC_LOSS_WEIGHT_RESCALE | 422
DIST-03403 | 7.686 | 7.857 | 0.0 | COMPRESSION_STABLE_ALIGNED | COMMIT_STUDENT_WEIGHT_ADJUSTMENT | 200
DIST-03404 | 7.142 | 4.103 | 2.4997 | ENTROPY_DRIFT_DIVERGENCE_HAZARD | TRIGGER_DYNAMIC_LOSS_WEIGHT_RESCALE | 422
DIST-03405 | 6.861 | 5.403 | 1.0509 | COMPRESSION_STABLE_ALIGNED | COMMIT_STUDENT_WEIGHT_ADJUSTMENT | 200
DIST-03406 | 2.010 | -0.047 | 1.4825 | ENTROPY_DRIFT_DIVERGENCE_HAZARD | TRIGGER_DYNAMIC_LOSS_WEIGHT_RESCALE | 422
DIST-03407 | 6.264 | 6.504 | 0.0 | COMPRESSION_STABLE_ALIGNED | COMMIT_STUDENT_WEIGHT_ADJUSTMENT | 200
DIST-03408 | 2.541 | 2.487 | 0.0414 | COMPRESSION_STABLE_ALIGNED | COMMIT_STUDENT_WEIGHT_ADJUSTMENT | 200
DIST-03409 | 4.734 | 5.008 | 0.0 | COMPRESSION_STABLE_ALIGNED | COMMIT_STUDENT_WEIGHT_ADJUSTMENT | 200
DIST-03410 | 7.411 | 6.262 | 0.7726 | COMPRESSION_STABLE_ALIGNED | COMMIT_STUDENT_WEIGHT_ADJUSTMENT | 200
DIST-03411 | 5.500 | 3.772 | 1.4308 | ENTROPY_DRIFT_DIVERGENCE_HAZARD | TRIGGER_DYNAMIC_LOSS_WEIGHT_RESCALE | 422
DIST-03412 | 2.507 | 2.128 | 0.2662 | COMPRESSION_STABLE_ALIGNED | COMMIT_STUDENT_WEIGHT_ADJUSTMENT | 200
DIST-03413 | 7.742 | 7.521 | 0.1584 | COMPRESSION_STABLE_ALIGNED | COMMIT_STUDENT_WEIGHT_ADJUSTMENT | 200
DIST-03414 | 2.950 | 3.134 | 0.0 | COMPRESSION_STABLE_ALIGNED | COMMIT_STUDENT_WEIGHT_ADJUSTMENT | 200
DIST-03415 | 4.794 | 4.996 | 0.0 | COMPRESSION_STABLE_ALIGNED | COMMIT_STUDENT_WEIGHT_ADJUSTMENT | 200
DIST-03416 | 5.750 | 2.633 | 2.9043 | ENTROPY_DRIFT_DIVERGENCE_HAZARD | TRIGGER_DYNAMIC_LOSS_WEIGHT_RESCALE | 422
DIST-03417 | 2.727 | 1.104 | 1.2993 | ENTROPY_DRIFT_DIVERGENCE_HAZARD | TRIGGER_DYNAMIC_LOSS_WEIGHT_RESCALE | 422
DIST-03418 | 4.045 | 4.292 | 0.0 | COMPRESSION_STABLE_ALIGNED | COMMIT_STUDENT_WEIGHT_ADJUSTMENT | 200
DIST-03419 | 6.076 | 4.940 | 0.8307 | COMPRESSION_STABLE_ALIGNED | COMMIT_STUDENT_WEIGHT_ADJUSTMENT | 200
DIST-03420 | 8.240 | 8.332 | 0.0 | COMPRESSION_STABLE_ALIGNED | COMMIT_STUDENT_WEIGHT_ADJUSTMENT | 200
DIST-03421 | 7.692 | 7.200 | 0.2629 | COMPRESSION_STABLE_ALIGNED | COMMIT_STUDENT_WEIGHT_ADJUSTMENT | 200
DIST-03422 | 4.392 | 4.654 | 0.0 | COMPRESSION_STABLE_ALIGNED | COMMIT_STUDENT_WEIGHT_ADJUSTMENT | 200
DIST-03423 | 6.819 | 5.201 | 1.1928 | COMPRESSION_STABLE_ALIGNED | COMMIT_STUDENT_WEIGHT_ADJUSTMENT | 200
DIST-03424 | 7.277 | 4.187 | 2.5234 | ENTROPY_DRIFT_DIVERGENCE_HAZARD | TRIGGER_DYNAMIC_LOSS_WEIGHT_RESCALE | 422
DIST-03425 | 4.083 | 1.067 | 2.782 | ENTROPY_DRIFT_DIVERGENCE_HAZARD | TRIGGER_DYNAMIC_LOSS_WEIGHT_RESCALE | 422
DIST-03426 | 5.992 | 5.494 | 0.3752 | COMPRESSION_STABLE_ALIGNED | COMMIT_STUDENT_WEIGHT_ADJUSTMENT | 200
DIST-03427 | 4.131 | 3.904 | 0.1781 | COMPRESSION_STABLE_ALIGNED | COMMIT_STUDENT_WEIGHT_ADJUSTMENT | 200
DIST-03428 | 5.949 | 6.378 | 0.0 | COMPRESSION_STABLE_ALIGNED | COMMIT_STUDENT_WEIGHT_ADJUSTMENT | 200
DIST-03429 | 4.388 | 4.552 | 0.0 | COMPRESSION_STABLE_ALIGNED | COMMIT_STUDENT_WEIGHT_ADJUSTMENT | 200
DIST-03430 | 6.244 | 3.365 | 2.5695 | ENTROPY_DRIFT_DIVERGENCE_HAZARD | TRIGGER_DYNAMIC_LOSS_WEIGHT_RESCALE | 422
DIST-03431 | 6.922 | 5.202 | 1.2664 | ENTROPY_DRIFT_DIVERGENCE_HAZARD | TRIGGER_DYNAMIC_LOSS_WEIGHT_RESCALE | 422
DIST-03432 | 7.770 | 8.253 | 0.0 | COMPRESSION_STABLE_ALIGNED | COMMIT_STUDENT_WEIGHT_ADJUSTMENT | 200
DIST-03433 | 6.937 | 7.285 | 0.0 | COMPRESSION_STABLE_ALIGNED | COMMIT_STUDENT_WEIGHT_ADJUSTMENT | 200
DIST-03434 | 2.076 | 2.212 | 0.0 | COMPRESSION_STABLE_ALIGNED | COMMIT_STUDENT_WEIGHT_ADJUSTMENT | 200
DIST-03435 | 5.112 | 5.215 | 0.0 | COMPRESSION_STABLE_ALIGNED | COMMIT_STUDENT_WEIGHT_ADJUSTMENT | 200
DIST-03436 | 1.613 | 1.511 | 0.0837 | COMPRESSION_STABLE_ALIGNED | COMMIT_STUDENT_WEIGHT_ADJUSTMENT | 200
DIST-03437 | 6.394 | 4.421 | 1.5863 | ENTROPY_DRIFT_DIVERGENCE_HAZARD | TRIGGER_DYNAMIC_LOSS_WEIGHT_RESCALE | 422
DIST-03438 | 7.368 | 4.392 | 2.3387 | ENTROPY_DRIFT_DIVERGENCE_HAZARD | TRIGGER_DYNAMIC_LOSS_WEIGHT_RESCALE | 422
DIST-03439 | 6.312 | 3.916 | 1.9856 | ENTROPY_DRIFT_DIVERGENCE_HAZARD | TRIGGER_DYNAMIC_LOSS_WEIGHT_RESCALE | 422
DIST-03440 | 6.778 | 3.473 | 2.9141 | ENTROPY_DRIFT_DIVERGENCE_HAZARD | TRIGGER_DYNAMIC_LOSS_WEIGHT_RESCALE | 422
DIST-03441 | 6.653 | 4.446 | 1.7597 | ENTROPY_DRIFT_DIVERGENCE_HAZARD | TRIGGER_DYNAMIC_LOSS_WEIGHT_RESCALE | 422
DIST-03442 | 8.444 | 6.607 | 1.0539 | COMPRESSION_STABLE_ALIGNED | COMMIT_STUDENT_WEIGHT_ADJUSTMENT | 200
DIST-03443 | 8.270 | 8.137 | 0.0663 | COMPRESSION_STABLE_ALIGNED | COMMIT_STUDENT_WEIGHT_ADJUSTMENT | 200
DIST-03444 | 5.083 | 3.696 | 1.1781 | COMPRESSION_STABLE_ALIGNED | COMMIT_STUDENT_WEIGHT_ADJUSTMENT | 200
DIST-03445 | 4.694 | 1.749 | 2.7887 | ENTROPY_DRIFT_DIVERGENCE_HAZARD | TRIGGER_DYNAMIC_LOSS_WEIGHT_RESCALE | 422
DIST-03446 | 2.895 | 1.049 | 1.4765 | ENTROPY_DRIFT_DIVERGENCE_HAZARD | TRIGGER_DYNAMIC_LOSS_WEIGHT_RESCALE | 422
DIST-03447 | 7.915 | 7.281 | 0.3445 | COMPRESSION_STABLE_ALIGNED | COMMIT_STUDENT_WEIGHT_ADJUSTMENT | 200
DIST-03448 | 7.860 | 8.039 | 0.0 | COMPRESSION_STABLE_ALIGNED | COMMIT_STUDENT_WEIGHT_ADJUSTMENT | 200
DIST-03449 | 6.388 | 3.755 | 2.24 | ENTROPY_DRIFT_DIVERGENCE_HAZARD | TRIGGER_DYNAMIC_LOSS_WEIGHT_RESCALE | 422
DIST-03450 | 4.363 | 3.108 | 1.0337 | COMPRESSION_STABLE_ALIGNED | COMMIT_STUDENT_WEIGHT_ADJUSTMENT | 200
DIST-03451 | 4.313 | 1.379 | 2.737 | ENTROPY_DRIFT_DIVERGENCE_HAZARD | TRIGGER_DYNAMIC_LOSS_WEIGHT_RESCALE | 422
DIST-03452 | 5.409 | 2.264 | 2.9548 | ENTROPY_DRIFT_DIVERGENCE_HAZARD | TRIGGER_DYNAMIC_LOSS_WEIGHT_RESCALE | 422
DIST-03453 | 8.037 | 5.755 | 1.5074 | ENTROPY_DRIFT_DIVERGENCE_HAZARD | TRIGGER_DYNAMIC_LOSS_WEIGHT_RESCALE | 422
DIST-03454 | 4.420 | 3.128 | 1.0639 | COMPRESSION_STABLE_ALIGNED | COMMIT_STUDENT_WEIGHT_ADJUSTMENT | 200
DIST-03455 | 6.303 | 3.970 | 1.8898 | ENTROPY_DRIFT_DIVERGENCE_HAZARD | TRIGGER_DYNAMIC_LOSS_WEIGHT_RESCALE | 422
DIST-03456 | 2.519 | 0.631 | 1.5234 | ENTROPY_DRIFT_DIVERGENCE_HAZARD | TRIGGER_DYNAMIC_LOSS_WEIGHT_RESCALE | 422
DIST-03457 | 4.418 | 2.174 | 2.0298 | ENTROPY_DRIFT_DIVERGENCE_HAZARD | TRIGGER_DYNAMIC_LOSS_WEIGHT_RESCALE | 422
DIST-03458 | 4.326 | 4.762 | 0.0 | COMPRESSION_STABLE_ALIGNED | COMMIT_STUDENT_WEIGHT_ADJUSTMENT | 200
DIST-03459 | 1.617 | 1.046 | 0.3782 | COMPRESSION_STABLE_ALIGNED | COMMIT_STUDENT_WEIGHT_ADJUSTMENT | 200
DIST-03460 | 2.909 | 2.783 | 0.0687 | COMPRESSION_STABLE_ALIGNED | COMMIT_STUDENT_WEIGHT_ADJUSTMENT | 200
DIST-03461 | 2.966 | 0.184 | 2.4179 | ENTROPY_DRIFT_DIVERGENCE_HAZARD | TRIGGER_DYNAMIC_LOSS_WEIGHT_RESCALE | 422
DIST-03462 | 4.883 | 4.066 | 0.6847 | COMPRESSION_STABLE_ALIGNED | COMMIT_STUDENT_WEIGHT_ADJUSTMENT | 200
DIST-03463 | 7.089 | 5.367 | 1.2345 | COMPRESSION_STABLE_ALIGNED | COMMIT_STUDENT_WEIGHT_ADJUSTMENT | 200
DIST-03464 | 2.179 | -0.120 | 1.7891 | ENTROPY_DRIFT_DIVERGENCE_HAZARD | TRIGGER_DYNAMIC_LOSS_WEIGHT_RESCALE | 422
DIST-03465 | 4.674 | 5.172 | 0.0 | COMPRESSION_STABLE_ALIGNED | COMMIT_STUDENT_WEIGHT_ADJUSTMENT | 200
DIST-03466 | 2.333 | 2.448 | 0.0 | COMPRESSION_STABLE_ALIGNED | COMMIT_STUDENT_WEIGHT_ADJUSTMENT | 200
DIST-03467 | 2.374 | -0.457 | 2.2733 | ENTROPY_DRIFT_DIVERGENCE_HAZARD | TRIGGER_DYNAMIC_LOSS_WEIGHT_RESCALE | 422
DIST-03468 | 2.116 | 1.891 | 0.1577 | COMPRESSION_STABLE_ALIGNED | COMMIT_STUDENT_WEIGHT_ADJUSTMENT | 200
DIST-03469 | 7.960 | 7.850 | 0.0469 | COMPRESSION_STABLE_ALIGNED | COMMIT_STUDENT_WEIGHT_ADJUSTMENT | 200
DIST-03470 | 5.183 | 3.985 | 0.9654 | COMPRESSION_STABLE_ALIGNED | COMMIT_STUDENT_WEIGHT_ADJUSTMENT | 200
DIST-03471 | 3.511 | 1.508 | 1.7112 | ENTROPY_DRIFT_DIVERGENCE_HAZARD | TRIGGER_DYNAMIC_LOSS_WEIGHT_RESCALE | 422
DIST-03472 | 2.517 | 0.481 | 1.6084 | ENTROPY_DRIFT_DIVERGENCE_HAZARD | TRIGGER_DYNAMIC_LOSS_WEIGHT_RESCALE | 422
DIST-03473 | 6.564 | 4.742 | 1.4068 | ENTROPY_DRIFT_DIVERGENCE_HAZARD | TRIGGER_DYNAMIC_LOSS_WEIGHT_RESCALE | 422
DIST-03474 | 2.717 | 0.685 | 1.6175 | ENTROPY_DRIFT_DIVERGENCE_HAZARD | TRIGGER_DYNAMIC_LOSS_WEIGHT_RESCALE | 422
DIST-03475 | 6.816 | 3.718 | 2.6453 | ENTROPY_DRIFT_DIVERGENCE_HAZARD | TRIGGER_DYNAMIC_LOSS_WEIGHT_RESCALE | 422
DIST-03476 | 4.319 | 3.980 | 0.2355 | COMPRESSION_STABLE_ALIGNED | COMMIT_STUDENT_WEIGHT_ADJUSTMENT | 200
DIST-03477 | 6.810 | 3.459 | 2.972 | ENTROPY_DRIFT_DIVERGENCE_HAZARD | TRIGGER_DYNAMIC_LOSS_WEIGHT_RESCALE | 422
DIST-03478 | 4.632 | 1.446 | 3.0084 | ENTROPY_DRIFT_DIVERGENCE_HAZARD | TRIGGER_DYNAMIC_LOSS_WEIGHT_RESCALE | 422
DIST-03479 | 6.714 | 4.714 | 1.5699 | ENTROPY_DRIFT_DIVERGENCE_HAZARD | TRIGGER_DYNAMIC_LOSS_WEIGHT_RESCALE | 422
DIST-03480 | 2.072 | 2.197 | 0.0 | COMPRESSION_STABLE_ALIGNED | COMMIT_STUDENT_WEIGHT_ADJUSTMENT | 200
DIST-03481 | 1.727 | 0.266 | 1.0156 | COMPRESSION_STABLE_ALIGNED | COMMIT_STUDENT_WEIGHT_ADJUSTMENT | 200
DIST-03482 | 8.160 | 7.198 | 0.4723 | COMPRESSION_STABLE_ALIGNED | COMMIT_STUDENT_WEIGHT_ADJUSTMENT | 200
DIST-03483 | 5.027 | 4.102 | 0.7282 | COMPRESSION_STABLE_ALIGNED | COMMIT_STUDENT_WEIGHT_ADJUSTMENT | 200
DIST-03484 | 6.518 | 4.653 | 1.4518 | ENTROPY_DRIFT_DIVERGENCE_HAZARD | TRIGGER_DYNAMIC_LOSS_WEIGHT_RESCALE | 422
DIST-03485 | 3.755 | 3.262 | 0.3633 | COMPRESSION_STABLE_ALIGNED | COMMIT_STUDENT_WEIGHT_ADJUSTMENT | 200
DIST-03486 | 4.823 | 4.364 | 0.3426 | COMPRESSION_STABLE_ALIGNED | COMMIT_STUDENT_WEIGHT_ADJUSTMENT | 200
DIST-03487 | 4.145 | 2.273 | 1.6558 | ENTROPY_DRIFT_DIVERGENCE_HAZARD | TRIGGER_DYNAMIC_LOSS_WEIGHT_RESCALE | 422
DIST-03488 | 7.826 | 7.538 | 0.1661 | COMPRESSION_STABLE_ALIGNED | COMMIT_STUDENT_WEIGHT_ADJUSTMENT | 200
DIST-03489 | 6.746 | 4.332 | 1.927 | ENTROPY_DRIFT_DIVERGENCE_HAZARD | TRIGGER_DYNAMIC_LOSS_WEIGHT_RESCALE | 422
DIST-03490 | 3.189 | 1.456 | 1.3973 | ENTROPY_DRIFT_DIVERGENCE_HAZARD | TRIGGER_DYNAMIC_LOSS_WEIGHT_RESCALE | 422
DIST-03491 | 5.340 | 4.768 | 0.4265 | COMPRESSION_STABLE_ALIGNED | COMMIT_STUDENT_WEIGHT_ADJUSTMENT | 200
DIST-03492 | 4.112 | 3.867 | 0.183 | COMPRESSION_STABLE_ALIGNED | COMMIT_STUDENT_WEIGHT_ADJUSTMENT | 200
DIST-03493 | 8.163 | 8.344 | 0.0 | COMPRESSION_STABLE_ALIGNED | COMMIT_STUDENT_WEIGHT_ADJUSTMENT | 200
DIST-03494 | 6.433 | 5.985 | 0.2909 | COMPRESSION_STABLE_ALIGNED | COMMIT_STUDENT_WEIGHT_ADJUSTMENT | 200
DIST-03495 | 6.938 | 5.124 | 1.3476 | ENTROPY_DRIFT_DIVERGENCE_HAZARD | TRIGGER_DYNAMIC_LOSS_WEIGHT_RESCALE | 422
DIST-03496 | 7.103 | 6.893 | 0.1641 | COMPRESSION_STABLE_ALIGNED | COMMIT_STUDENT_WEIGHT_ADJUSTMENT | 200
DIST-03497 | 4.252 | 2.261 | 1.7625 | ENTROPY_DRIFT_DIVERGENCE_HAZARD | TRIGGER_DYNAMIC_LOSS_WEIGHT_RESCALE | 422
DIST-03498 | 3.383 | 0.528 | 2.54 | ENTROPY_DRIFT_DIVERGENCE_HAZARD | TRIGGER_DYNAMIC_LOSS_WEIGHT_RESCALE | 422
DIST-03499 | 2.074 | 0.108 | 1.4672 | ENTROPY_DRIFT_DIVERGENCE_HAZARD | TRIGGER_DYNAMIC_LOSS_WEIGHT_RESCALE | 422
DIST-03500 | 5.646 | 5.397 | 0.1703 | COMPRESSION_STABLE_ALIGNED | COMMIT_STUDENT_WEIGHT_ADJUSTMENT | 200
